backend,generation,cpu_threads,precision,fast_math,generated_gp,candidate_lanes,population_requested,programs_unique,programs_executed,instances,cities,ants,aco_iterations,candidate_size,nodes_mean,nodes_max,depth_mean,tasks_executed,tours_executed,evaluation_wall_s,evaluation_request_wall_s,baseline_lookup_s,fitness_assign_s,encode_codegen_s,structural_dedup_s,compile_load_s,modules_compiled,module_loads,compile_cache_hits,generated_source_hash,gpu_span_s,kernel_sum_s,cpu_compute_s,h2d_s,d2h_s,fp64_score_s,chunks,peak_device_memory_bytes,kernel_resources,backend_calls,cache_state,status,output_signature,workload_id,evaluation_call_id,startup_wall_s,task_id,experiment_id,repeat_id,host,gpu_uuid,gpu_name,source_hash,sampled_peak_device_memory_bytes,memory_sampling_interval_s,provenance
v2,1,1,fp32,False,True,8,100,91,79,32,100,32,500,20,12.5,31,2.59,2528,40448000,22.550536164082587,22.551351309753954,0.000382469967007637,0.0003666072152554989,0.009230503812432289,0.0027628159150481224,5.497996874153614,1,1,0,"[""1eb79d59926856870919fe58a0acb3e97e3a7b3ba8bb0781b74ec613bf8701b9""]",16.977384765625,,,0.004436151590198278,0.0005886969156563282,0.005706112831830978,1,,"[{""binary_version"": 86, ""cache_mode_ca"": 0, ""const_size_bytes"": 0, ""local_size_bytes"": 0, ""max_dynamic_shared_size_bytes"": 49152, ""max_threads_per_block"": 1024, ""num_regs"": 29, ""preferred_shared_memory_carveout"": -1, ""ptx_version"": 86, ""shared_size_bytes"": 0}, {""binary_version"": 86, ""cache_mode_ca"": 0, ""const_size_bytes"": 0, ""local_size_bytes"": 0, ""max_dynamic_shared_size_bytes"": 44288, ""max_threads_per_block"": 640, ""num_regs"": 92, ""preferred_shared_memory_carveout"": -1, ""ptx_version"": 86, ""shared_size_bytes"": 4864}, {""binary_version"": 86, ""cache_mode_ca"": 0, ""const_size_bytes"": 0, ""local_size_bytes"": 0, ""max_dynamic_shared_size_bytes"": 48880, ""max_threads_per_block"": 1024, ""num_regs"": 56, ""preferred_shared_memory_carveout"": -1, ""ptx_version"": 86, ""shared_size_bytes"": 272}]","[{""backend_wall_s"": 22.530939537100494, ""cities"": 100, ""instances"": 32, ""metrics"": {""audit_local_search"": 0, ""basin_top_q"": 0, ""block_threads"": 256, ""candidate_lanes"": 8, ""chunks"": 1, ""compile_seconds_sum"": 5.497996874153614, ""d2h_seconds_sum"": 0.0005886969156563282, ""device_count"": 1, ""device_names"": ""NVIDIA RTX A5000"", ""devices"": ""0"", ""driver_free_bytes_before_min"": 25051136000, ""exact_fp64_scoring_seconds"": 0.005706112831830978, ""gpu_fp32_length_checksum"": 20113.912000656128, ""h2d_seconds_sum"": 0.004436151590198278, ""kernel_cache_entries_max"": 2, ""kernel_seconds_critical"": 16.977384765625, ""kernel_seconds_sum"": 16.977384765625, ""local_search"": ""none"", ""local_search_candidate_size"": 20, ""local_search_warps_per_block"": 8, ""pool_free_bytes_before_sum"": 90112, ""precision"": ""fp32"", ""provider"": ""raw_cuda"", ""register_cap"": 0, ""resident_cache_bytes_sum"": 4791864, ""semantic_shards"": 1, ""three_opt_block_threads"": 256, ""workspace_probe_retries"": 0}, ""native_reported_wall_s"": 22.50502723781392, ""seed"": 2026091501, ""tours_executed"": 40448000}]",trace_first_use,completed,67a4a28613615f713b53fa7002caa5b9001c2b6bb4a62ff2e57efdb94297de11,d72f5b9a9e19e14624a243c661214fa54f2f818cbe56fe6a5cc869f58ee8adfc,0,9.298325071111321,E2-v2-r0,E2,0,cuda12,GPU-eaae4626-0b5b-5897-32ea-8003857834e9,NVIDIA RTX A5000,3e36d7276307c1fca8852ebc053d202c1e1c68713cc11aed1adcdc07745b41aa,793772032.0,2,jobs/E2-v2-r0/result.json
v2,2,1,fp32,False,True,8,100,87,82,32,100,32,500,20,16.38,31,3.18,2624,41984000,24.50608796114102,24.506768533959985,0.00023505277931690216,0.00038339896127581596,0.009913773275911808,0.0030755451880395412,6.0026885168626904,1,1,0,"[""2a6a2e3208e0bb017e7d258d33c900d12182b9a15fa4b74543af5be3e9a7b90a""]",18.421115234375,,,0.010859306436032057,0.0007331687957048416,0.0061887046322226524,1,,"[{""binary_version"": 86, ""cache_mode_ca"": 0, ""const_size_bytes"": 0, ""local_size_bytes"": 0, ""max_dynamic_shared_size_bytes"": 49152, ""max_threads_per_block"": 1024, ""num_regs"": 29, ""preferred_shared_memory_carveout"": -1, ""ptx_version"": 86, ""shared_size_bytes"": 0}, {""binary_version"": 86, ""cache_mode_ca"": 0, ""const_size_bytes"": 0, ""local_size_bytes"": 0, ""max_dynamic_shared_size_bytes"": 44288, ""max_threads_per_block"": 640, ""num_regs"": 90, ""preferred_shared_memory_carveout"": -1, ""ptx_version"": 86, ""shared_size_bytes"": 4864}, {""binary_version"": 86, ""cache_mode_ca"": 0, ""const_size_bytes"": 0, ""local_size_bytes"": 0, ""max_dynamic_shared_size_bytes"": 48880, ""max_threads_per_block"": 1024, ""num_regs"": 56, ""preferred_shared_memory_carveout"": -1, ""ptx_version"": 86, ""shared_size_bytes"": 272}]","[{""backend_wall_s"": 24.49090895568952, ""cities"": 100, ""instances"": 32, ""metrics"": {""audit_local_search"": 0, ""basin_top_q"": 0, ""block_threads"": 256, ""candidate_lanes"": 8, ""chunks"": 1, ""compile_seconds_sum"": 6.0026885168626904, ""d2h_seconds_sum"": 0.0007331687957048416, ""device_count"": 1, ""device_names"": ""NVIDIA RTX A5000"", ""devices"": ""0"", ""driver_free_bytes_before_min"": 24782700544, ""exact_fp64_scoring_seconds"": 0.0061887046322226524, ""gpu_fp32_length_checksum"": 20861.407184123993, ""h2d_seconds_sum"": 0.010859306436032057, ""kernel_cache_entries_max"": 3, ""kernel_seconds_critical"": 18.421115234375, ""kernel_seconds_sum"": 18.421115234375, ""local_search"": ""none"", ""local_search_candidate_size"": 20, ""local_search_warps_per_block"": 8, ""pool_free_bytes_before_sum"": 261434880, ""precision"": ""fp32"", ""provider"": ""raw_cuda"", ""register_cap"": 0, ""resident_cache_bytes_sum"": 9438520, ""semantic_shards"": 1, ""three_opt_block_threads"": 256, ""workspace_probe_retries"": 0}, ""native_reported_wall_s"": 24.465025389567018, ""seed"": 2026091502, ""tours_executed"": 41984000}]",trace_first_use,completed,9510617d4deb7d7d434dba365d302a848a6f366f1ffd9e4b2cbeeab67c007996,921c39c1b332d428400b12a92bd5e75b4418d9fcf784497e984ccf44312a3ce8,1,9.298325071111321,E2-v2-r0,E2,0,cuda12,GPU-eaae4626-0b5b-5897-32ea-8003857834e9,NVIDIA RTX A5000,3e36d7276307c1fca8852ebc053d202c1e1c68713cc11aed1adcdc07745b41aa,793772032.0,2,jobs/E2-v2-r0/result.json
v2,3,1,fp32,False,True,8,100,82,74,32,100,32,500,20,16.7,31,3.31,2368,37888000,20.744655048009008,20.745285623706877,0.0003315429203212261,0.0002604410983622074,0.009052931796759367,0.003161237109452486,6.191224242094904,1,1,0,"[""c75f7beaa0aa5b5511439a03ef332b70e93da759e7677b0d350914a4d647ec82""]",14.4893369140625,,,0.003330961335450411,0.00044543808326125145,0.004462696146219969,1,,"[{""binary_version"": 86, ""cache_mode_ca"": 0, ""const_size_bytes"": 0, ""local_size_bytes"": 0, ""max_dynamic_shared_size_bytes"": 49152, ""max_threads_per_block"": 1024, ""num_regs"": 29, ""preferred_shared_memory_carveout"": -1, ""ptx_version"": 86, ""shared_size_bytes"": 0}, {""binary_version"": 86, ""cache_mode_ca"": 0, ""const_size_bytes"": 0, ""local_size_bytes"": 0, ""max_dynamic_shared_size_bytes"": 44288, ""max_threads_per_block"": 768, ""num_regs"": 80, ""preferred_shared_memory_carveout"": -1, ""ptx_version"": 86, ""shared_size_bytes"": 4864}, {""binary_version"": 86, ""cache_mode_ca"": 0, ""const_size_bytes"": 0, ""local_size_bytes"": 0, ""max_dynamic_shared_size_bytes"": 48880, ""max_threads_per_block"": 1024, ""num_regs"": 56, ""preferred_shared_memory_carveout"": -1, ""ptx_version"": 86, ""shared_size_bytes"": 272}]","[{""backend_wall_s"": 20.729787812102586, ""cities"": 100, ""instances"": 32, ""metrics"": {""audit_local_search"": 0, ""basin_top_q"": 0, ""block_threads"": 256, ""candidate_lanes"": 8, ""chunks"": 1, ""compile_seconds_sum"": 6.191224242094904, ""d2h_seconds_sum"": 0.00044543808326125145, ""device_count"": 1, ""device_names"": ""NVIDIA RTX A5000"", ""devices"": ""0"", ""driver_free_bytes_before_min"": 24503779328, ""exact_fp64_scoring_seconds"": 0.004462696146219969, ""gpu_fp32_length_checksum"": 18880.944690704346, ""h2d_seconds_sum"": 0.003330961335450411, ""kernel_cache_entries_max"": 4, ""kernel_seconds_critical"": 14.4893369140625, ""kernel_seconds_sum"": 14.4893369140625, ""local_search"": ""none"", ""local_search_candidate_size"": 20, ""local_search_warps_per_block"": 8, ""pool_free_bytes_before_sum"": 532281344, ""precision"": ""fp32"", ""provider"": ""raw_cuda"", ""register_cap"": 0, ""resident_cache_bytes_sum"": 14085176, ""semantic_shards"": 1, ""three_opt_block_threads"": 256, ""workspace_probe_retries"": 0}, ""native_reported_wall_s"": 20.704859496094286, ""seed"": 2026091503, ""tours_executed"": 37888000}]",trace_first_use,completed,0f4b9c12a6b3db85ca24f082b0c6f621ed3ee18ace613a3b9f51a21611fee404,7ca6581956f82b8688e2f276e9ea2e6c96c339029564b1a800e1cf873dcbe7a2,2,9.298325071111321,E2-v2-r0,E2,0,cuda12,GPU-eaae4626-0b5b-5897-32ea-8003857834e9,NVIDIA RTX A5000,3e36d7276307c1fca8852ebc053d202c1e1c68713cc11aed1adcdc07745b41aa,793772032.0,2,jobs/E2-v2-r0/result.json
v2,4,1,fp32,False,True,8,100,72,65,32,100,32,500,20,17.09,31,3.5,2080,33280000,18.657702824566513,18.658267158083618,0.0002283281646668911,0.0003019077703356743,0.008610709104686975,0.0030882875435054302,5.637191880960017,1,1,0,"[""a13548df88141d2a9a7ceb1acae63575f17096d0a041422a1078d78733bd09c9""]",12.95212109375,,,0.0027358736842870712,0.00048739509657025337,0.004539184272289276,1,,"[{""binary_version"": 86, ""cache_mode_ca"": 0, ""const_size_bytes"": 0, ""local_size_bytes"": 0, ""max_dynamic_shared_size_bytes"": 49152, ""max_threads_per_block"": 1024, ""num_regs"": 29, ""preferred_shared_memory_carveout"": -1, ""ptx_version"": 86, ""shared_size_bytes"": 0}, {""binary_version"": 86, ""cache_mode_ca"": 0, ""const_size_bytes"": 0, ""local_size_bytes"": 0, ""max_dynamic_shared_size_bytes"": 44288, ""max_threads_per_block"": 768, ""num_regs"": 80, ""preferred_shared_memory_carveout"": -1, ""ptx_version"": 86, ""shared_size_bytes"": 4864}, {""binary_version"": 86, ""cache_mode_ca"": 0, ""const_size_bytes"": 0, ""local_size_bytes"": 0, ""max_dynamic_shared_size_bytes"": 48880, ""max_threads_per_block"": 1024, ""num_regs"": 56, ""preferred_shared_memory_carveout"": -1, ""ptx_version"": 86, ""shared_size_bytes"": 272}]","[{""backend_wall_s"": 18.64408502075821, ""cities"": 100, ""instances"": 32, ""metrics"": {""audit_local_search"": 0, ""basin_top_q"": 0, ""block_threads"": 256, ""candidate_lanes"": 8, ""chunks"": 1, ""compile_seconds_sum"": 5.637191880960017, ""d2h_seconds_sum"": 0.00048739509657025337, ""device_count"": 1, ""device_names"": ""NVIDIA RTX A5000"", ""devices"": ""0"", ""driver_free_bytes_before_min"": 24497487872, ""exact_fp64_scoring_seconds"": 0.004539184272289276, ""gpu_fp32_length_checksum"": 16522.66787004471, ""h2d_seconds_sum"": 0.0027358736842870712, ""kernel_cache_entries_max"": 5, ""kernel_seconds_critical"": 12.95212109375, ""kernel_seconds_sum"": 12.95212109375, ""local_search"": ""none"", ""local_search_candidate_size"": 20, ""local_search_warps_per_block"": 8, ""pool_free_bytes_before_sum"": 532283392, ""precision"": ""fp32"", ""provider"": ""raw_cuda"", ""register_cap"": 0, ""resident_cache_bytes_sum"": 18731832, ""semantic_shards"": 1, ""three_opt_block_threads"": 256, ""workspace_probe_retries"": 0}, ""native_reported_wall_s"": 18.612470428925008, ""seed"": 2026091504, ""tours_executed"": 33280000}]",trace_first_use,completed,9dbaf0d9b09eb3c19070bd40061f2fe878e6eae86a0081e60dbae258f3e78462,7c53f09cfe657137158f864fb5d026a1bf2d39a4a4c5f28c33ea206586834d11,3,9.298325071111321,E2-v2-r0,E2,0,cuda12,GPU-eaae4626-0b5b-5897-32ea-8003857834e9,NVIDIA RTX A5000,3e36d7276307c1fca8852ebc053d202c1e1c68713cc11aed1adcdc07745b41aa,793772032.0,2,jobs/E2-v2-r0/result.json
v2,5,1,fp32,False,True,8,100,50,47,32,100,32,500,20,13.49,29,3.54,1504,24064000,15.197695518378168,15.198375747073442,0.00023384299129247665,0.00040749507024884224,0.005442549008876085,0.0026097912341356277,4.643372669816017,1,1,0,"[""1107742722a6cf56b5108947ebc5ce989b723e51d3413200790831188ec0030d""]",10.4944970703125,,,0.002696242183446884,0.0006416230462491512,0.005330292973667383,1,,"[{""binary_version"": 86, ""cache_mode_ca"": 0, ""const_size_bytes"": 0, ""local_size_bytes"": 0, ""max_dynamic_shared_size_bytes"": 49152, ""max_threads_per_block"": 1024, ""num_regs"": 29, ""preferred_shared_memory_carveout"": -1, ""ptx_version"": 86, ""shared_size_bytes"": 0}, {""binary_version"": 86, ""cache_mode_ca"": 0, ""const_size_bytes"": 0, ""local_size_bytes"": 0, ""max_dynamic_shared_size_bytes"": 44288, ""max_threads_per_block"": 768, ""num_regs"": 80, ""preferred_shared_memory_carveout"": -1, ""ptx_version"": 86, ""shared_size_bytes"": 4864}, {""binary_version"": 86, ""cache_mode_ca"": 0, ""const_size_bytes"": 0, ""local_size_bytes"": 0, ""max_dynamic_shared_size_bytes"": 48880, ""max_threads_per_block"": 1024, ""num_regs"": 56, ""preferred_shared_memory_carveout"": -1, ""ptx_version"": 86, ""shared_size_bytes"": 272}]","[{""backend_wall_s"": 15.185950034763664, ""cities"": 100, ""instances"": 32, ""metrics"": {""audit_local_search"": 0, ""basin_top_q"": 0, ""block_threads"": 256, ""candidate_lanes"": 8, ""chunks"": 1, ""compile_seconds_sum"": 4.643372669816017, ""d2h_seconds_sum"": 0.0006416230462491512, ""device_count"": 1, ""device_names"": ""NVIDIA RTX A5000"", ""devices"": ""0"", ""driver_free_bytes_before_min"": 24489099264, ""exact_fp64_scoring_seconds"": 0.005330292973667383, ""gpu_fp32_length_checksum"": 11986.271143913269, ""h2d_seconds_sum"": 0.002696242183446884, ""kernel_cache_entries_max"": 6, ""kernel_seconds_critical"": 10.4944970703125, ""kernel_seconds_sum"": 10.4944970703125, ""local_search"": ""none"", ""local_search_candidate_size"": 20, ""local_search_warps_per_block"": 8, ""pool_free_bytes_before_sum"": 532291072, ""precision"": ""fp32"", ""provider"": ""raw_cuda"", ""register_cap"": 0, ""resident_cache_bytes_sum"": 23378488, ""semantic_shards"": 1, ""three_opt_block_threads"": 256, ""workspace_probe_retries"": 0}, ""native_reported_wall_s"": 15.161158354021609, ""seed"": 2026091505, ""tours_executed"": 24064000}]",trace_first_use,completed,8a4a3b7237823b6373cc0289c47f530a651f4b22f6ec49943dc2644b98150e81,21e02398134ac9cde84a8c90539574b5b05af9584771f2829c597ffc3a52a7bd,4,9.298325071111321,E2-v2-r0,E2,0,cuda12,GPU-eaae4626-0b5b-5897-32ea-8003857834e9,NVIDIA RTX A5000,3e36d7276307c1fca8852ebc053d202c1e1c68713cc11aed1adcdc07745b41aa,793772032.0,2,jobs/E2-v2-r0/result.json
v2,3,1,fp32,False,True,8,1,1,1,32,100,32,500,20,6.0,6,3.0,32,512000,3.62214587489143,3.622873446904123,0.0006543849594891071,2.704700455069542e-05,0.00031369738280773163,0.00012926384806632996,2.8566979253664613,1,1,0,"[""4493a31c42a325028de8e8eaa9d760bf6c76d94ec05dd3532df22c53160a1254""]",0.6821836547851563,,,0.004346160683780909,0.0003316309303045273,0.0007405038923025131,1,,"[{""binary_version"": 86, ""cache_mode_ca"": 0, ""const_size_bytes"": 0, ""local_size_bytes"": 0, ""max_dynamic_shared_size_bytes"": 49152, ""max_threads_per_block"": 1024, ""num_regs"": 29, ""preferred_shared_memory_carveout"": -1, ""ptx_version"": 86, ""shared_size_bytes"": 0}, {""binary_version"": 86, ""cache_mode_ca"": 0, ""const_size_bytes"": 0, ""local_size_bytes"": 0, ""max_dynamic_shared_size_bytes"": 44288, ""max_threads_per_block"": 1024, ""num_regs"": 63, ""preferred_shared_memory_carveout"": -1, ""ptx_version"": 86, ""shared_size_bytes"": 4864}, {""binary_version"": 86, ""cache_mode_ca"": 0, ""const_size_bytes"": 0, ""local_size_bytes"": 0, ""max_dynamic_shared_size_bytes"": 48880, ""max_threads_per_block"": 1024, ""num_regs"": 48, ""preferred_shared_memory_carveout"": -1, ""ptx_version"": 86, ""shared_size_bytes"": 272}]","[{""backend_wall_s"": 3.5844450159929693, ""cities"": 100, ""instances"": 32, ""metrics"": {""audit_local_search"": 0, ""basin_top_q"": 0, ""block_threads"": 256, ""candidate_lanes"": 8, ""chunks"": 1, ""compile_seconds_sum"": 2.8566979253664613, ""d2h_seconds_sum"": 0.0003316309303045273, ""device_count"": 1, ""device_names"": ""NVIDIA RTX A5000"", ""devices"": ""0"", ""driver_free_bytes_before_min"": 25051136000, ""exact_fp64_scoring_seconds"": 0.0007405038923025131, ""gpu_fp32_length_checksum"": 255.2519965171814, ""h2d_seconds_sum"": 0.004346160683780909, ""kernel_cache_entries_max"": 2, ""kernel_seconds_critical"": 0.6821836547851563, ""kernel_seconds_sum"": 0.6821836547851563, ""local_search"": ""none"", ""local_search_candidate_size"": 20, ""local_search_warps_per_block"": 8, ""pool_free_bytes_before_sum"": 120320, ""precision"": ""fp32"", ""provider"": ""raw_cuda"", ""register_cap"": 0, ""resident_cache_bytes_sum"": 4791864, ""semantic_shards"": 1, ""three_opt_block_threads"": 256, ""workspace_probe_retries"": 0}, ""native_reported_wall_s"": 3.557351333089173, ""seed"": 2026091503, ""tours_executed"": 512000}]",trace_first_use,completed,e8ba2bedf4893a875bceb382052461e122694b15d51d0e53751df2cf483c12a8,3c5fd0e0fa58d2f2b44a88df7941ce8801a6eabbecead694a1480e2bd157ee7e,0,9.763995117973536,E4-p1-n100-v2-r0,E4,0,cuda12,GPU-83d1d2fa-a36a-58dc-e461-3d2b3077301c,NVIDIA RTX A5000,3e36d7276307c1fca8852ebc053d202c1e1c68713cc11aed1adcdc07745b41aa,235929600.0,2,jobs/E4-p1-n100-v2-r0/result.json
v2,3,1,fp32,False,True,8,1,1,1,32,100,32,500,20,6.0,6,3.0,32,512000,3.6833167071454227,3.683789191301912,0.0004108380526304245,2.494780346751213e-05,0.00026970217004418373,9.475089609622955e-05,2.964028320275247,1,1,0,"[""4493a31c42a325028de8e8eaa9d760bf6c76d94ec05dd3532df22c53160a1254""]",0.6747884521484375,,,0.00439132284373045,0.0002460069954395294,0.0007253149524331093,1,,"[{""binary_version"": 86, ""cache_mode_ca"": 0, ""const_size_bytes"": 0, ""local_size_bytes"": 0, ""max_dynamic_shared_size_bytes"": 49152, ""max_threads_per_block"": 1024, ""num_regs"": 29, ""preferred_shared_memory_carveout"": -1, ""ptx_version"": 86, ""shared_size_bytes"": 0}, {""binary_version"": 86, ""cache_mode_ca"": 0, ""const_size_bytes"": 0, ""local_size_bytes"": 0, ""max_dynamic_shared_size_bytes"": 44288, ""max_threads_per_block"": 1024, ""num_regs"": 63, ""preferred_shared_memory_carveout"": -1, ""ptx_version"": 86, ""shared_size_bytes"": 4864}, {""binary_version"": 86, ""cache_mode_ca"": 0, ""const_size_bytes"": 0, ""local_size_bytes"": 0, ""max_dynamic_shared_size_bytes"": 48880, ""max_threads_per_block"": 1024, ""num_regs"": 48, ""preferred_shared_memory_carveout"": -1, ""ptx_version"": 86, ""shared_size_bytes"": 272}]","[{""backend_wall_s"": 3.6815723897889256, ""cities"": 100, ""instances"": 32, ""metrics"": {""audit_local_search"": 0, ""basin_top_q"": 0, ""block_threads"": 256, ""candidate_lanes"": 8, ""chunks"": 1, ""compile_seconds_sum"": 2.964028320275247, ""d2h_seconds_sum"": 0.0002460069954395294, ""device_count"": 1, ""device_names"": ""NVIDIA RTX A5000"", ""devices"": ""0"", ""driver_free_bytes_before_min"": 25051136000, ""exact_fp64_scoring_seconds"": 0.0007253149524331093, ""gpu_fp32_length_checksum"": 255.2519965171814, ""h2d_seconds_sum"": 0.00439132284373045, ""kernel_cache_entries_max"": 2, ""kernel_seconds_critical"": 0.6747884521484375, ""kernel_seconds_sum"": 0.6747884521484375, ""local_search"": ""none"", ""local_search_candidate_size"": 20, ""local_search_warps_per_block"": 8, ""pool_free_bytes_before_sum"": 120320, ""precision"": ""fp32"", ""provider"": ""raw_cuda"", ""register_cap"": 0, ""resident_cache_bytes_sum"": 4791864, ""semantic_shards"": 1, ""three_opt_block_threads"": 256, ""workspace_probe_retries"": 0}, ""native_reported_wall_s"": 3.659355017822236, ""seed"": 2026091503, ""tours_executed"": 512000}]",trace_first_use,completed,e8ba2bedf4893a875bceb382052461e122694b15d51d0e53751df2cf483c12a8,3c5fd0e0fa58d2f2b44a88df7941ce8801a6eabbecead694a1480e2bd157ee7e,0,8.682417499832809,E4-p1-n100-v2-r1,E4,1,cuda12,GPU-83d1d2fa-a36a-58dc-e461-3d2b3077301c,NVIDIA RTX A5000,3e36d7276307c1fca8852ebc053d202c1e1c68713cc11aed1adcdc07745b41aa,235929600.0,2,jobs/E4-p1-n100-v2-r1/result.json
v2,3,1,fp32,False,True,8,1,1,1,32,100,32,500,20,6.0,6,3.0,32,512000,3.901916965842247,3.9023934630677104,0.00040253112092614174,2.9284972697496414e-05,0.0002612471580505371,8.992571383714676e-05,3.171941163018346,1,1,0,"[""4493a31c42a325028de8e8eaa9d760bf6c76d94ec05dd3532df22c53160a1254""]",0.68687255859375,,,0.004681963007897139,0.00024995580315589905,0.0007281219586730003,1,,"[{""binary_version"": 86, ""cache_mode_ca"": 0, ""const_size_bytes"": 0, ""local_size_bytes"": 0, ""max_dynamic_shared_size_bytes"": 49152, ""max_threads_per_block"": 1024, ""num_regs"": 29, ""preferred_shared_memory_carveout"": -1, ""ptx_version"": 86, ""shared_size_bytes"": 0}, {""binary_version"": 86, ""cache_mode_ca"": 0, ""const_size_bytes"": 0, ""local_size_bytes"": 0, ""max_dynamic_shared_size_bytes"": 44288, ""max_threads_per_block"": 1024, ""num_regs"": 63, ""preferred_shared_memory_carveout"": -1, ""ptx_version"": 86, ""shared_size_bytes"": 4864}, {""binary_version"": 86, ""cache_mode_ca"": 0, ""const_size_bytes"": 0, ""local_size_bytes"": 0, ""max_dynamic_shared_size_bytes"": 48880, ""max_threads_per_block"": 1024, ""num_regs"": 48, ""preferred_shared_memory_carveout"": -1, ""ptx_version"": 86, ""shared_size_bytes"": 272}]","[{""backend_wall_s"": 3.900208240840584, ""cities"": 100, ""instances"": 32, ""metrics"": {""audit_local_search"": 0, ""basin_top_q"": 0, ""block_threads"": 256, ""candidate_lanes"": 8, ""chunks"": 1, ""compile_seconds_sum"": 3.171941163018346, ""d2h_seconds_sum"": 0.00024995580315589905, ""device_count"": 1, ""device_names"": ""NVIDIA RTX A5000"", ""devices"": ""0"", ""driver_free_bytes_before_min"": 25051136000, ""exact_fp64_scoring_seconds"": 0.0007281219586730003, ""gpu_fp32_length_checksum"": 255.2519965171814, ""h2d_seconds_sum"": 0.004681963007897139, ""kernel_cache_entries_max"": 2, ""kernel_seconds_critical"": 0.68687255859375, ""kernel_seconds_sum"": 0.68687255859375, ""local_search"": ""none"", ""local_search_candidate_size"": 20, ""local_search_warps_per_block"": 8, ""pool_free_bytes_before_sum"": 120320, ""precision"": ""fp32"", ""provider"": ""raw_cuda"", ""register_cap"": 0, ""resident_cache_bytes_sum"": 4791864, ""semantic_shards"": 1, ""three_opt_block_threads"": 256, ""workspace_probe_retries"": 0}, ""native_reported_wall_s"": 3.8763523870147765, ""seed"": 2026091503, ""tours_executed"": 512000}]",trace_first_use,completed,e8ba2bedf4893a875bceb382052461e122694b15d51d0e53751df2cf483c12a8,3c5fd0e0fa58d2f2b44a88df7941ce8801a6eabbecead694a1480e2bd157ee7e,0,9.520259362179786,E4-p1-n100-v2-r2,E4,2,cuda12,GPU-83d1d2fa-a36a-58dc-e461-3d2b3077301c,NVIDIA RTX A5000,3e36d7276307c1fca8852ebc053d202c1e1c68713cc11aed1adcdc07745b41aa,231735296.0,2,jobs/E4-p1-n100-v2-r2/result.json
v2,3,1,fp32,False,True,8,32,32,32,32,100,32,500,20,17.125,31,3.28125,1024,16384000,12.196608074009418,12.197304244153202,0.00038460828363895416,0.00024695228785276413,0.003906633704900742,0.001162008848041296,4.466138765215874,1,1,0,"[""a3c3f8bb3c3477915d612866ac5252e0a35dd195f4a5c03dfc5afb835e67a826""]",7.67807275390625,,,0.004484697710722685,0.0007130112498998642,0.0029926663264632225,1,,"[{""binary_version"": 86, ""cache_mode_ca"": 0, ""const_size_bytes"": 0, ""local_size_bytes"": 0, ""max_dynamic_shared_size_bytes"": 49152, ""max_threads_per_block"": 1024, ""num_regs"": 29, ""preferred_shared_memory_carveout"": -1, ""ptx_version"": 86, ""shared_size_bytes"": 0}, {""binary_version"": 86, ""cache_mode_ca"": 0, ""const_size_bytes"": 0, ""local_size_bytes"": 0, ""max_dynamic_shared_size_bytes"": 44288, ""max_threads_per_block"": 640, ""num_regs"": 89, ""preferred_shared_memory_carveout"": -1, ""ptx_version"": 86, ""shared_size_bytes"": 4864}, {""binary_version"": 86, ""cache_mode_ca"": 0, ""const_size_bytes"": 0, ""local_size_bytes"": 0, ""max_dynamic_shared_size_bytes"": 48880, ""max_threads_per_block"": 1024, ""num_regs"": 56, ""preferred_shared_memory_carveout"": -1, ""ptx_version"": 86, ""shared_size_bytes"": 272}]","[{""backend_wall_s"": 12.189276926685125, ""cities"": 100, ""instances"": 32, ""metrics"": {""audit_local_search"": 0, ""basin_top_q"": 0, ""block_threads"": 256, ""candidate_lanes"": 8, ""chunks"": 1, ""compile_seconds_sum"": 4.466138765215874, ""d2h_seconds_sum"": 0.0007130112498998642, ""device_count"": 1, ""device_names"": ""NVIDIA RTX A5000"", ""devices"": ""0"", ""driver_free_bytes_before_min"": 25051136000, ""exact_fp64_scoring_seconds"": 0.0029926663264632225, ""gpu_fp32_length_checksum"": 8165.451177597046, ""h2d_seconds_sum"": 0.004484697710722685, ""kernel_cache_entries_max"": 2, ""kernel_seconds_critical"": 7.67807275390625, ""kernel_seconds_sum"": 7.67807275390625, ""local_search"": ""none"", ""local_search_candidate_size"": 20, ""local_search_warps_per_block"": 8, ""pool_free_bytes_before_sum"": 111616, ""precision"": ""fp32"", ""provider"": ""raw_cuda"", ""register_cap"": 0, ""resident_cache_bytes_sum"": 4791864, ""semantic_shards"": 1, ""three_opt_block_threads"": 256, ""workspace_probe_retries"": 0}, ""native_reported_wall_s"": 12.166128631681204, ""seed"": 2026091503, ""tours_executed"": 16384000}]",trace_first_use,completed,b70d32e22977866bcac4fe36e1e1dcceba95285d5d9f4ae1a42b6dfa3c24dbd0,d3c8384bf7a7220cd667508cee67b0a7d9aa2e9210d050ec6a9f46135a62ca77,0,9.079402489122003,E4-p32-n100-v2-r0,E4,0,cuda12,GPU-83d1d2fa-a36a-58dc-e461-3d2b3077301c,NVIDIA RTX A5000,3e36d7276307c1fca8852ebc053d202c1e1c68713cc11aed1adcdc07745b41aa,338690048.0,2,jobs/E4-p32-n100-v2-r0/result.json
v2,3,1,fp32,False,True,8,32,32,32,32,100,32,500,20,17.125,31,3.28125,1024,16384000,12.13031926099211,12.13102331617847,0.0003985096700489521,0.0002513718791306019,0.004000408574938774,0.0012515471316874027,4.380789536982775,1,1,0,"[""a3c3f8bb3c3477915d612866ac5252e0a35dd195f4a5c03dfc5afb835e67a826""]",7.69542138671875,,,0.004326977301388979,0.0006563668139278889,0.002844294998794794,1,,"[{""binary_version"": 86, ""cache_mode_ca"": 0, ""const_size_bytes"": 0, ""local_size_bytes"": 0, ""max_dynamic_shared_size_bytes"": 49152, ""max_threads_per_block"": 1024, ""num_regs"": 29, ""preferred_shared_memory_carveout"": -1, ""ptx_version"": 86, ""shared_size_bytes"": 0}, {""binary_version"": 86, ""cache_mode_ca"": 0, ""const_size_bytes"": 0, ""local_size_bytes"": 0, ""max_dynamic_shared_size_bytes"": 44288, ""max_threads_per_block"": 640, ""num_regs"": 89, ""preferred_shared_memory_carveout"": -1, ""ptx_version"": 86, ""shared_size_bytes"": 4864}, {""binary_version"": 86, ""cache_mode_ca"": 0, ""const_size_bytes"": 0, ""local_size_bytes"": 0, ""max_dynamic_shared_size_bytes"": 48880, ""max_threads_per_block"": 1024, ""num_regs"": 56, ""preferred_shared_memory_carveout"": -1, ""ptx_version"": 86, ""shared_size_bytes"": 272}]","[{""backend_wall_s"": 12.122881058137864, ""cities"": 100, ""instances"": 32, ""metrics"": {""audit_local_search"": 0, ""basin_top_q"": 0, ""block_threads"": 256, ""candidate_lanes"": 8, ""chunks"": 1, ""compile_seconds_sum"": 4.380789536982775, ""d2h_seconds_sum"": 0.0006563668139278889, ""device_count"": 1, ""device_names"": ""NVIDIA RTX A5000"", ""devices"": ""0"", ""driver_free_bytes_before_min"": 25051136000, ""exact_fp64_scoring_seconds"": 0.002844294998794794, ""gpu_fp32_length_checksum"": 8165.451177597046, ""h2d_seconds_sum"": 0.004326977301388979, ""kernel_cache_entries_max"": 2, ""kernel_seconds_critical"": 7.69542138671875, ""kernel_seconds_sum"": 7.69542138671875, ""local_search"": ""none"", ""local_search_candidate_size"": 20, ""local_search_warps_per_block"": 8, ""pool_free_bytes_before_sum"": 111616, ""precision"": ""fp32"", ""provider"": ""raw_cuda"", ""register_cap"": 0, ""resident_cache_bytes_sum"": 4791864, ""semantic_shards"": 1, ""three_opt_block_threads"": 256, ""workspace_probe_retries"": 0}, ""native_reported_wall_s"": 12.099432539194822, ""seed"": 2026091503, ""tours_executed"": 16384000}]",trace_first_use,completed,b70d32e22977866bcac4fe36e1e1dcceba95285d5d9f4ae1a42b6dfa3c24dbd0,d3c8384bf7a7220cd667508cee67b0a7d9aa2e9210d050ec6a9f46135a62ca77,0,9.331415546592325,E4-p32-n100-v2-r1,E4,1,cuda12,GPU-83d1d2fa-a36a-58dc-e461-3d2b3077301c,NVIDIA RTX A5000,3e36d7276307c1fca8852ebc053d202c1e1c68713cc11aed1adcdc07745b41aa,338690048.0,2,jobs/E4-p32-n100-v2-r1/result.json
v2,3,1,fp32,False,True,8,32,32,32,32,100,32,500,20,17.125,31,3.28125,1024,16384000,12.395711640827358,12.396451704669744,0.00043749716132879257,0.00022930186241865158,0.004539493937045336,0.0012999228201806545,4.629963892046362,1,1,0,"[""a3c3f8bb3c3477915d612866ac5252e0a35dd195f4a5c03dfc5afb835e67a826""]",7.70699853515625,,,0.004791941959410906,0.0006744270212948322,0.0034409030340611935,1,,"[{""binary_version"": 86, ""cache_mode_ca"": 0, ""const_size_bytes"": 0, ""local_size_bytes"": 0, ""max_dynamic_shared_size_bytes"": 49152, ""max_threads_per_block"": 1024, ""num_regs"": 29, ""preferred_shared_memory_carveout"": -1, ""ptx_version"": 86, ""shared_size_bytes"": 0}, {""binary_version"": 86, ""cache_mode_ca"": 0, ""const_size_bytes"": 0, ""local_size_bytes"": 0, ""max_dynamic_shared_size_bytes"": 44288, ""max_threads_per_block"": 640, ""num_regs"": 89, ""preferred_shared_memory_carveout"": -1, ""ptx_version"": 86, ""shared_size_bytes"": 4864}, {""binary_version"": 86, ""cache_mode_ca"": 0, ""const_size_bytes"": 0, ""local_size_bytes"": 0, ""max_dynamic_shared_size_bytes"": 48880, ""max_threads_per_block"": 1024, ""num_regs"": 56, ""preferred_shared_memory_carveout"": -1, ""ptx_version"": 86, ""shared_size_bytes"": 272}]","[{""backend_wall_s"": 12.387155388016254, ""cities"": 100, ""instances"": 32, ""metrics"": {""audit_local_search"": 0, ""basin_top_q"": 0, ""block_threads"": 256, ""candidate_lanes"": 8, ""chunks"": 1, ""compile_seconds_sum"": 4.629963892046362, ""d2h_seconds_sum"": 0.0006744270212948322, ""device_count"": 1, ""device_names"": ""NVIDIA RTX A5000"", ""devices"": ""0"", ""driver_free_bytes_before_min"": 25051136000, ""exact_fp64_scoring_seconds"": 0.0034409030340611935, ""gpu_fp32_length_checksum"": 8165.451177597046, ""h2d_seconds_sum"": 0.004791941959410906, ""kernel_cache_entries_max"": 2, ""kernel_seconds_critical"": 7.70699853515625, ""kernel_seconds_sum"": 7.70699853515625, ""local_search"": ""none"", ""local_search_candidate_size"": 20, ""local_search_warps_per_block"": 8, ""pool_free_bytes_before_sum"": 111616, ""precision"": ""fp32"", ""provider"": ""raw_cuda"", ""register_cap"": 0, ""resident_cache_bytes_sum"": 4791864, ""semantic_shards"": 1, ""three_opt_block_threads"": 256, ""workspace_probe_retries"": 0}, ""native_reported_wall_s"": 12.361862044781446, ""seed"": 2026091503, ""tours_executed"": 16384000}]",trace_first_use,completed,b70d32e22977866bcac4fe36e1e1dcceba95285d5d9f4ae1a42b6dfa3c24dbd0,d3c8384bf7a7220cd667508cee67b0a7d9aa2e9210d050ec6a9f46135a62ca77,0,8.36710170796141,E4-p32-n100-v2-r2,E4,2,cuda12,GPU-83d1d2fa-a36a-58dc-e461-3d2b3077301c,NVIDIA RTX A5000,3e36d7276307c1fca8852ebc053d202c1e1c68713cc11aed1adcdc07745b41aa,338690048.0,2,jobs/E4-p32-n100-v2-r2/result.json
v2,3,1,fp32,False,True,8,8,8,8,32,100,32,500,20,16.375,31,3.5,256,4096000,6.346783787943423,6.347289739176631,0.0003829910419881344,6.990926340222359e-05,0.001135051716119051,0.00036378856748342514,3.7399276020005345,1,1,0,"[""6c774ede7a9530d2c52d30dfc71a4f83d0d558843f5b5ac03be7445cebeb385d""]",2.55988623046875,,,0.004351561889052391,0.0003982312045991421,0.0014428594149649143,1,,"[{""binary_version"": 86, ""cache_mode_ca"": 0, ""const_size_bytes"": 0, ""local_size_bytes"": 0, ""max_dynamic_shared_size_bytes"": 49152, ""max_threads_per_block"": 1024, ""num_regs"": 29, ""preferred_shared_memory_carveout"": -1, ""ptx_version"": 86, ""shared_size_bytes"": 0}, {""binary_version"": 86, ""cache_mode_ca"": 0, ""const_size_bytes"": 0, ""local_size_bytes"": 0, ""max_dynamic_shared_size_bytes"": 44288, ""max_threads_per_block"": 640, ""num_regs"": 88, ""preferred_shared_memory_carveout"": -1, ""ptx_version"": 86, ""shared_size_bytes"": 4864}, {""binary_version"": 86, ""cache_mode_ca"": 0, ""const_size_bytes"": 0, ""local_size_bytes"": 0, ""max_dynamic_shared_size_bytes"": 48880, ""max_threads_per_block"": 1024, ""num_regs"": 55, ""preferred_shared_memory_carveout"": -1, ""ptx_version"": 86, ""shared_size_bytes"": 272}]","[{""backend_wall_s"": 6.343628982082009, ""cities"": 100, ""instances"": 32, ""metrics"": {""audit_local_search"": 0, ""basin_top_q"": 0, ""block_threads"": 256, ""candidate_lanes"": 8, ""chunks"": 1, ""compile_seconds_sum"": 3.7399276020005345, ""d2h_seconds_sum"": 0.0003982312045991421, ""device_count"": 1, ""device_names"": ""NVIDIA RTX A5000"", ""devices"": ""0"", ""driver_free_bytes_before_min"": 25051136000, ""exact_fp64_scoring_seconds"": 0.0014428594149649143, ""gpu_fp32_length_checksum"": 2040.0927920341492, ""h2d_seconds_sum"": 0.004351561889052391, ""kernel_cache_entries_max"": 2, ""kernel_seconds_critical"": 2.55988623046875, ""kernel_seconds_sum"": 2.55988623046875, ""local_search"": ""none"", ""local_search_candidate_size"": 20, ""local_search_warps_per_block"": 8, ""pool_free_bytes_before_sum"": 119296, ""precision"": ""fp32"", ""provider"": ""raw_cuda"", ""register_cap"": 0, ""resident_cache_bytes_sum"": 4791864, ""semantic_shards"": 1, ""three_opt_block_threads"": 256, ""workspace_probe_retries"": 0}, ""native_reported_wall_s"": 6.322005697991699, ""seed"": 2026091503, ""tours_executed"": 4096000}]",trace_first_use,completed,b9c770c49cda5090491c0b7721f257428535cee3f0136a7cf963ada5583c1d5a,b281a12760f31385be675dfd581fcd74cf24367c3b3def23e0782cdc5cb98061,0,9.002270595170557,E4-p8-n100-v2-r0,E4,0,cuda12,GPU-83d1d2fa-a36a-58dc-e461-3d2b3077301c,NVIDIA RTX A5000,3e36d7276307c1fca8852ebc053d202c1e1c68713cc11aed1adcdc07745b41aa,258998272.0,2,jobs/E4-p8-n100-v2-r0/result.json
v2,3,1,fp32,False,True,8,8,8,8,32,100,32,500,20,16.375,31,3.5,256,4096000,6.250935035292059,6.251387699972838,0.00031191669404506683,8.09691846370697e-05,0.0006972071714699268,0.00024153431877493858,3.6691491403616965,1,1,0,"[""6c774ede7a9530d2c52d30dfc71a4f83d0d558843f5b5ac03be7445cebeb385d""]",2.549118896484375,,,0.003899532835930586,0.00043068407103419304,0.0014579351991415024,1,,"[{""binary_version"": 86, ""cache_mode_ca"": 0, ""const_size_bytes"": 0, ""local_size_bytes"": 0, ""max_dynamic_shared_size_bytes"": 49152, ""max_threads_per_block"": 1024, ""num_regs"": 29, ""preferred_shared_memory_carveout"": -1, ""ptx_version"": 86, ""shared_size_bytes"": 0}, {""binary_version"": 86, ""cache_mode_ca"": 0, ""const_size_bytes"": 0, ""local_size_bytes"": 0, ""max_dynamic_shared_size_bytes"": 44288, ""max_threads_per_block"": 640, ""num_regs"": 88, ""preferred_shared_memory_carveout"": -1, ""ptx_version"": 86, ""shared_size_bytes"": 4864}, {""binary_version"": 86, ""cache_mode_ca"": 0, ""const_size_bytes"": 0, ""local_size_bytes"": 0, ""max_dynamic_shared_size_bytes"": 48880, ""max_threads_per_block"": 1024, ""num_regs"": 55, ""preferred_shared_memory_carveout"": -1, ""ptx_version"": 86, ""shared_size_bytes"": 272}]","[{""backend_wall_s"": 6.248221061192453, ""cities"": 100, ""instances"": 32, ""metrics"": {""audit_local_search"": 0, ""basin_top_q"": 0, ""block_threads"": 256, ""candidate_lanes"": 8, ""chunks"": 1, ""compile_seconds_sum"": 3.6691491403616965, ""d2h_seconds_sum"": 0.00043068407103419304, ""device_count"": 1, ""device_names"": ""NVIDIA RTX A5000"", ""devices"": ""0"", ""driver_free_bytes_before_min"": 25051136000, ""exact_fp64_scoring_seconds"": 0.0014579351991415024, ""gpu_fp32_length_checksum"": 2040.0927920341492, ""h2d_seconds_sum"": 0.003899532835930586, ""kernel_cache_entries_max"": 2, ""kernel_seconds_critical"": 2.549118896484375, ""kernel_seconds_sum"": 2.549118896484375, ""local_search"": ""none"", ""local_search_candidate_size"": 20, ""local_search_warps_per_block"": 8, ""pool_free_bytes_before_sum"": 119296, ""precision"": ""fp32"", ""provider"": ""raw_cuda"", ""register_cap"": 0, ""resident_cache_bytes_sum"": 4791864, ""semantic_shards"": 1, ""three_opt_block_threads"": 256, ""workspace_probe_retries"": 0}, ""native_reported_wall_s"": 6.233864708803594, ""seed"": 2026091503, ""tours_executed"": 4096000}]",trace_first_use,completed,b9c770c49cda5090491c0b7721f257428535cee3f0136a7cf963ada5583c1d5a,b281a12760f31385be675dfd581fcd74cf24367c3b3def23e0782cdc5cb98061,0,9.156602076254785,E4-p8-n100-v2-r1,E4,1,cuda12,GPU-83d1d2fa-a36a-58dc-e461-3d2b3077301c,NVIDIA RTX A5000,3e36d7276307c1fca8852ebc053d202c1e1c68713cc11aed1adcdc07745b41aa,258998272.0,2,jobs/E4-p8-n100-v2-r1/result.json
v2,3,1,fp32,False,True,8,8,8,8,32,100,32,500,20,16.375,31,3.5,256,4096000,6.60896782996133,6.609351474791765,0.0002907831221818924,5.2045099437236786e-05,0.0007196408696472645,0.0002435990609228611,4.033844077959657,1,1,0,"[""6c774ede7a9530d2c52d30dfc71a4f83d0d558843f5b5ac03be7445cebeb385d""]",2.54133349609375,,,0.0042420546524226665,0.00031094159930944443,0.0013900818303227425,1,,"[{""binary_version"": 86, ""cache_mode_ca"": 0, ""const_size_bytes"": 0, ""local_size_bytes"": 0, ""max_dynamic_shared_size_bytes"": 49152, ""max_threads_per_block"": 1024, ""num_regs"": 29, ""preferred_shared_memory_carveout"": -1, ""ptx_version"": 86, ""shared_size_bytes"": 0}, {""binary_version"": 86, ""cache_mode_ca"": 0, ""const_size_bytes"": 0, ""local_size_bytes"": 0, ""max_dynamic_shared_size_bytes"": 44288, ""max_threads_per_block"": 640, ""num_regs"": 88, ""preferred_shared_memory_carveout"": -1, ""ptx_version"": 86, ""shared_size_bytes"": 4864}, {""binary_version"": 86, ""cache_mode_ca"": 0, ""const_size_bytes"": 0, ""local_size_bytes"": 0, ""max_dynamic_shared_size_bytes"": 48880, ""max_threads_per_block"": 1024, ""num_regs"": 55, ""preferred_shared_memory_carveout"": -1, ""ptx_version"": 86, ""shared_size_bytes"": 272}]","[{""backend_wall_s"": 6.606255226302892, ""cities"": 100, ""instances"": 32, ""metrics"": {""audit_local_search"": 0, ""basin_top_q"": 0, ""block_threads"": 256, ""candidate_lanes"": 8, ""chunks"": 1, ""compile_seconds_sum"": 4.033844077959657, ""d2h_seconds_sum"": 0.00031094159930944443, ""device_count"": 1, ""device_names"": ""NVIDIA RTX A5000"", ""devices"": ""0"", ""driver_free_bytes_before_min"": 25051136000, ""exact_fp64_scoring_seconds"": 0.0013900818303227425, ""gpu_fp32_length_checksum"": 2040.0927920341492, ""h2d_seconds_sum"": 0.0042420546524226665, ""kernel_cache_entries_max"": 2, ""kernel_seconds_critical"": 2.54133349609375, ""kernel_seconds_sum"": 2.54133349609375, ""local_search"": ""none"", ""local_search_candidate_size"": 20, ""local_search_warps_per_block"": 8, ""pool_free_bytes_before_sum"": 119296, ""precision"": ""fp32"", ""provider"": ""raw_cuda"", ""register_cap"": 0, ""resident_cache_bytes_sum"": 4791864, ""semantic_shards"": 1, ""three_opt_block_threads"": 256, ""workspace_probe_retries"": 0}, ""native_reported_wall_s"": 6.592388931661844, ""seed"": 2026091503, ""tours_executed"": 4096000}]",trace_first_use,completed,b9c770c49cda5090491c0b7721f257428535cee3f0136a7cf963ada5583c1d5a,b281a12760f31385be675dfd581fcd74cf24367c3b3def23e0782cdc5cb98061,0,8.84682766487822,E4-p8-n100-v2-r2,E4,2,cuda12,GPU-83d1d2fa-a36a-58dc-e461-3d2b3077301c,NVIDIA RTX A5000,3e36d7276307c1fca8852ebc053d202c1e1c68713cc11aed1adcdc07745b41aa,258998272.0,2,jobs/E4-p8-n100-v2-r2/result.json
