state_owner,snapshot_iteration,continuation_iterations,instance,原生来源下 GP 增益（百分点）,仅本轮最优来源下 GP 增益（百分点）,移除历史来源后 GP 增益变化（百分点）,仅构造决策树的增益（百分点）,仅信息素更新树的增益（百分点）
不使用 GP 产生的状态,1,1,0,0.0253236341365648,0.0253236341365648,0.0,0.0253236341365648,0.0
不使用 GP 产生的状态,1,1,1,0.14867991547677187,0.14867991547677187,0.0,0.14867991547677187,0.0
不使用 GP 产生的状态,1,1,2,0.003960232299920424,0.003960232299920424,0.0,0.003960232299920424,0.0
不使用 GP 产生的状态,1,1,3,0.06392066240745237,0.06392066240745237,0.0,0.06392066240745237,0.0
不使用 GP 产生的状态,1,1,4,-0.16454917500902727,-0.16454917500902727,0.0,-0.16454917500902727,0.0
不使用 GP 产生的状态,1,1,5,-0.07393991229548301,-0.07393991229548301,0.0,-0.07393991229548301,0.0
不使用 GP 产生的状态,1,1,6,0.1241792832602308,0.1241792832602308,0.0,0.1241792832602308,0.0
不使用 GP 产生的状态,1,1,7,0.23646528676245135,0.23646528676245135,0.0,0.23646528676245135,0.0
不使用 GP 产生的状态,1,25,0,0.22641122990990267,0.2621759063276762,0.035764676417773505,0.09287086379136728,0.029561136792984517
不使用 GP 产生的状态,1,25,1,0.9351832990109124,0.8372159715626203,-0.09796732744829198,0.3078545719114947,0.5907151727553369
不使用 GP 产生的状态,1,25,2,0.4932321095946558,0.5898027431939814,0.09657063359932562,0.1642868515397152,0.36368241172329224
不使用 GP 产生的状态,1,25,3,0.771583604968145,0.771583604968145,0.0,0.20895214922758884,0.5828470862587087
不使用 GP 产生的状态,1,25,4,0.5617177481247756,0.706917479271205,0.14519973114642937,0.2216296398927965,0.40516925385925984
不使用 GP 产生的状态,1,25,5,0.8847033861302823,0.8955649114908069,0.010861525360524501,0.30746140081853784,0.7935211943434433
不使用 GP 产生的状态,1,25,6,0.641655548819727,0.6108269417099965,-0.030828607109730417,0.28616227355812274,0.36820310844486326
不使用 GP 产生的状态,1,25,7,0.6896501003704437,0.8434572812989292,0.15380718092848542,0.2710541447987053,0.6990655272399134
不使用 GP 产生的状态,1,100,0,0.8269213088113483,1.603031085164207,0.7761097763528587,0.08314976063500525,0.7289043560883643
不使用 GP 产生的状态,1,100,1,1.3110523264870995,1.1311091167624534,-0.17994320972464597,0.4521765124349579,1.1851040729481126
不使用 GP 产生的状态,1,100,2,1.0489333558902223,1.490177545096547,0.4412441892063246,0.2764666779602656,0.9043907027179796
不使用 GP 产生的状态,1,100,3,1.2776174073154776,0.9279949790357388,-0.3496224282797389,0.21041012963469966,0.964501789753521
不使用 GP 产生的状态,1,100,4,1.1789747386101033,1.7843030349756834,0.6053282963655803,0.312864227109006,1.1700324918882263
不使用 GP 产生的状态,1,100,5,0.7007565546245105,1.2978791037999482,0.5971225491754377,0.3864465909553299,0.5613952916102141
不使用 GP 产生的状态,1,100,6,1.2633213064747666,1.566172268755602,0.30285096228083547,0.322903556821356,1.2710762149859
不使用 GP 产生的状态,1,100,7,0.9547489908911955,0.5901170583650793,-0.36463193252611603,0.3712112789226711,0.8310873894722083
不使用 GP 产生的状态,1,500,0,-0.12953010175091872,0.4518837104634842,0.5814138122144029,-0.04697222320099294,-0.06906845504893856
不使用 GP 产生的状态,1,500,1,0.14625520638221878,1.1527143470186612,1.0064591406364423,0.07161907293154407,0.1934646040592606
不使用 GP 产生的状态,1,500,2,-0.09986585500697408,0.07374758171979263,0.1736134367267667,-0.017696912881905016,-0.08369526090297669
不使用 GP 产生的状态,1,500,3,-0.04549797281321815,1.4626465674789029,1.508144540292121,-0.05818753474540935,-0.09577786483534467
不使用 GP 产生的状态,1,500,4,-0.04097426919406683,-0.1727995948685853,-0.13182532567451843,-0.02266899220534234,0.02241382934716639
不使用 GP 产生的状态,1,500,5,-0.006923030203896828,1.9324829308872138,1.9394059610911105,-0.012954663168921835,-0.04497279715233788
不使用 GP 产生的状态,1,500,6,-0.1562274548012462,1.1397498621625572,1.2959773169638034,0.003868580907709054,-0.12987952726556765
不使用 GP 产生的状态,1,500,7,0.004621700907827788,2.0858774194032135,2.081255718495386,-0.013852346501145677,0.021289108456552026
不使用 GP 产生的状态,100,1,0,0.0,0.0,0.0,0.0,0.0
不使用 GP 产生的状态,100,1,1,0.0,0.0,0.0,0.0,0.0
不使用 GP 产生的状态,100,1,2,0.0,0.0,0.0,0.0,0.0
不使用 GP 产生的状态,100,1,3,0.0,0.0,0.0,0.0,0.0
不使用 GP 产生的状态,100,1,4,0.037600832429197775,0.037600832429197775,0.0,0.037600832429197775,0.0
不使用 GP 产生的状态,100,1,5,0.005096240243750315,0.005096240243750315,0.0,0.005096240243750315,0.0
不使用 GP 产生的状态,100,1,6,0.017866252019496345,0.017866252019496345,0.0,0.017866252019496345,0.0
不使用 GP 产生的状态,100,1,7,0.09863100370614121,0.09863100370614121,0.0,0.09863100370614121,0.0
不使用 GP 产生的状态,100,25,0,0.5411170260724636,0.6171341277842924,0.0760171017118289,0.061309040553402125,0.37161820313000615
不使用 GP 产生的状态,100,25,1,0.5993705250959547,0.2930258425367772,-0.30634468255917746,0.13382088731906322,0.4640182867866358
不使用 GP 产生的状态,100,25,2,0.27821052657354006,0.4144352678376478,0.13622474126410772,0.18556517062487832,0.3156288313020851
不使用 GP 产生的状态,100,25,3,0.44885423013660336,0.5013784518072464,0.052524221670643044,-0.017353150207948746,0.30731934960286367
不使用 GP 产生的状态,100,25,4,0.09122538196222083,0.5167093163155334,0.42548393435331255,-0.0198833485933451,0.14348229376131252
不使用 GP 产生的状态,100,25,5,0.31019638308268493,0.22626653318118034,-0.0839298499015046,0.1456518528946571,0.1978072982405093
不使用 GP 产生的状态,100,25,6,0.5183685968577261,0.5576704260896367,0.03930182923191053,0.09020396534076516,0.32107702530768356
不使用 GP 产生的状态,100,25,7,0.4467856175137181,0.43140592885116585,-0.015379688662552226,0.16003780781135538,0.2983520627444373
不使用 GP 产生的状态,100,100,0,0.14131468201572023,0.7066298758923222,0.565315193876602,-0.007091592876840025,0.13467609896253593
不使用 GP 产生的状态,100,100,1,0.050855244798390466,0.9906856196502876,0.9398303748518972,0.05233483536770173,0.03657189351747735
不使用 GP 产生的状态,100,100,2,-0.02283185905243506,1.1863504390792174,1.2091822981316527,0.026125363783070635,-0.015213040129571611
不使用 GP 产生的状态,100,100,3,0.012226661894389047,0.9441906583353384,0.9319639964409494,-0.04921352380297734,-0.02924237558889795
不使用 GP 产生的状态,100,100,4,0.03760346250176245,0.1323952228624704,0.09479176036070797,0.009647106169362473,0.06391207837202668
不使用 GP 产生的状态,100,100,5,0.07151201117422278,1.1828857095203895,1.1113736983461668,0.0515190686795138,0.07514994267129932
不使用 GP 产生的状态,100,100,6,0.3090946645610974,1.0374895258217418,0.7283948612606443,0.08735164535522699,0.2875452562300016
不使用 GP 产生的状态,100,100,7,-0.09791683643641678,1.1795109419453251,1.277427778381742,0.09615136347415189,-0.06478076190919385
不使用 GP 产生的状态,100,500,0,-0.050276030111996564,0.28444175139768924,0.3347177815096858,0.0024378920938872284,-0.03868211688228632
不使用 GP 产生的状态,100,500,1,-0.03412690260575039,1.1869784222685587,1.2211053248743091,0.02336612442820475,-0.01630085994867149
不使用 GP 产生的状态,100,500,2,-0.09577278804242281,0.5035516408086934,0.5993244288511161,-0.03817267263246382,-0.07869440285898704
不使用 GP 产生的状态,100,500,3,-0.10937409881534885,1.374542149424338,1.4839162482396868,-0.09219978474873287,-0.1342583629182196
不使用 GP 产生的状态,100,500,4,-0.06217014605863399,-0.005367878675994259,0.05680226738263973,-0.01589213834565475,-0.02254640898442517
不使用 GP 产生的状态,100,500,5,-0.092970129194023,1.5699806048702578,1.6629507340642808,-0.04647247461341881,-0.08091453086374785
不使用 GP 产生的状态,100,500,6,0.04303489462103263,0.11748535699893153,0.07445046237789892,0.043947358139072454,0.059597777712556206
不使用 GP 产生的状态,100,500,7,-0.05927599939146649,1.8978841837317602,1.9571601831232261,0.010008062593603996,-0.03531709647221307
不使用 GP 产生的状态,250,1,0,-0.00014758110402388367,-0.00014758110402388367,0.0,-0.00014758110402388367,0.0
不使用 GP 产生的状态,250,1,1,1.2624492907854624e-06,1.2624492907854624e-06,0.0,1.2624492907854624e-06,0.0
不使用 GP 产生的状态,250,1,2,0.0,0.0,0.0,0.0,0.0
不使用 GP 产生的状态,250,1,3,0.0,0.0,0.0,0.0,0.0
不使用 GP 产生的状态,250,1,4,0.0,0.0,0.0,0.0,0.0
不使用 GP 产生的状态,250,1,5,0.0,0.0,0.0,0.0,0.0
不使用 GP 产生的状态,250,1,6,0.0,0.0,0.0,0.0,0.0
不使用 GP 产生的状态,250,1,7,-0.0013356858125609012,-0.0013356858125609012,0.0,-0.0013356858125609012,0.0
不使用 GP 产生的状态,250,25,0,0.009209060891094781,0.004786761026174011,-0.004422299864920771,-0.0006493568577045947,0.009858417748799376
不使用 GP 产生的状态,250,25,1,0.0018406510666017322,0.017305654884099592,0.01546500381749786,0.0018406510666017322,0.0
不使用 GP 产生的状态,250,25,2,-0.03286384339114237,-0.03894983621295367,-0.0060859928218113014,-0.008747724632421041,-0.03617417813808199
不使用 GP 产生的状态,250,25,3,-0.0014427002631064074,-0.0014439736084392862,-1.273345332878743e-06,-0.0014427002631064074,0.0
不使用 GP 产生的状态,250,25,4,0.0,-0.008537215546825886,-0.008537215546825886,0.0,0.013099076411264102
不使用 GP 产生的状态,250,25,5,0.01769048728715244,0.01769048728715244,0.0,0.0013955857898280872,0.0
不使用 GP 产生的状态,250,25,6,-0.002712320793585299,-0.008136962380755897,-0.005424641587170598,-0.002712320793585299,0.0
不使用 GP 产生的状态,250,25,7,-0.0006819975728871657,-0.0006819975728871657,0.0,-0.0006819975728871657,0.0
不使用 GP 产生的状态,250,100,0,-0.02910042708562778,-0.042007998774962196,-0.012907571689334417,-0.042007998774959726,0.01290757168933195
不使用 GP 产生的状态,250,100,1,0.007447188368931496,0.026702064958684782,0.019254876589753285,0.010653809568639261,-0.008534157208675255
不使用 GP 产生的状态,250,100,2,-0.03286384339114237,-0.03617417813808199,-0.0033103347469396224,-0.008747724632421041,-0.03617417813808199
不使用 GP 产生的状态,250,100,3,0.0057529742177480575,-0.0022703747300253005,-0.008023348947773358,0.0006774197175380476,0.009483876045549936
不使用 GP 产生的状态,250,100,4,-0.010253337895655475,-0.0015714683577404563,0.008681869537915018,-0.010253337895655475,0.0
不使用 GP 产生的状态,250,100,5,0.0006402968511423327,-0.0017405620524879595,-0.002380858903630292,-0.006674767991045173,0.007315064842187506
不使用 GP 产生的状态,250,100,6,-0.010039381306890959,-0.025447142843441444,-0.015407761536550484,-0.010039381306890959,0.0
不使用 GP 产生的状态,250,100,7,0.0010152756320892643,0.0010114152684679053,-3.860363621358924e-06,0.0010152756320892643,0.0
不使用 GP 产生的状态,250,500,0,-0.005343617108967259,-0.01825289521130517,-0.012909278102337909,-0.01825289521130517,0.012909278102337909
不使用 GP 产生的状态,250,500,1,0.10801536421569174,0.028836256229681903,-0.07917910798600986,0.01872695731917309,0.149764524048991
不使用 GP 产生的状态,250,500,2,-0.030104358521682646,-0.04714159091741986,-0.017037232395737217,-0.010034786173893393,-0.03010435852168018
不使用 GP 产生的状态,250,500,3,-0.06827136466455534,-0.04884061119956318,0.01943075346499216,-0.03341552586740478,-0.06029583587729734
不使用 GP 产生的状态,250,500,4,0.030560177587463717,-0.001053359609734825,-0.03161353719719854,0.010427928120500715,0.03352939383165005
不使用 GP 产生的状态,250,500,5,-0.0067462516746793115,-0.042882204059909355,-0.03613595238523004,-0.003942180684917634,0.0019099285230546788
不使用 GP 产生的状态,250,500,6,-0.01873981532997239,-0.08856559995279333,-0.06982578462282094,-0.031584006938288764,0.0
不使用 GP 产生的状态,250,500,7,-0.02710203241617452,-0.04359402640150556,-0.01649199398533104,-0.027102032416179454,7.401486830834377e-15
不使用 GP 产生的状态,500,1,0,0.0,0.0,0.0,0.0,0.0
不使用 GP 产生的状态,500,1,1,0.0,0.0,0.0,0.0,0.0
不使用 GP 产生的状态,500,1,2,0.0,0.0,0.0,0.0,0.0
不使用 GP 产生的状态,500,1,3,0.0,0.0,0.0,0.0,0.0
不使用 GP 产生的状态,500,1,4,0.0,0.0,0.0,0.0,0.0
不使用 GP 产生的状态,500,1,5,0.0,0.0,0.0,0.0,0.0
不使用 GP 产生的状态,500,1,6,0.0,0.0,0.0,0.0,0.0
不使用 GP 产生的状态,500,1,7,0.0,0.0,0.0,0.0,0.0
不使用 GP 产生的状态,500,25,0,0.0,0.0,0.0,0.0,0.0
不使用 GP 产生的状态,500,25,1,0.0,0.0,0.0,0.0,0.0
不使用 GP 产生的状态,500,25,2,0.0,0.0,0.0,0.0,0.0
不使用 GP 产生的状态,500,25,3,0.0,0.0,0.0,0.0,0.0
不使用 GP 产生的状态,500,25,4,-0.0028470535518909657,-0.0028470535518909657,0.0,-0.0028470535518909657,0.0
不使用 GP 产生的状态,500,25,5,-0.0018921425315257226,-0.0018947559880583891,-2.613456532666684e-06,-0.0018921425315257226,0.0
不使用 GP 产生的状态,500,25,6,0.0,0.0,0.0,0.0,0.0
不使用 GP 产生的状态,500,25,7,0.0,0.0,0.0,0.0,0.0
不使用 GP 产生的状态,500,100,0,0.012751007387672923,0.01290757168933195,0.00015656430165902592,0.012751007387672923,0.0
不使用 GP 产生的状态,500,100,1,0.009781457108405512,-0.008145322826980106,-0.01792677993538562,-0.0069131723187442085,0.02504194414072458
不使用 GP 产生的状态,500,100,2,-0.00464508450216271,-0.036549616963507975,-0.03190453246134527,-0.00464508450216271,0.0
不使用 GP 产生的状态,500,100,3,0.0,0.0,0.0,0.0,0.0
不使用 GP 产生的状态,500,100,4,0.0,0.0,0.0,0.0,0.0
不使用 GP 产生的状态,500,100,5,-0.0018921425315257226,-0.01466671807586195,-0.012774575544336229,-0.0018921425315257226,0.0
不使用 GP 产生的状态,500,100,6,0.0,0.0,0.0,0.0,0.0
不使用 GP 产生的状态,500,100,7,0.0009831059352569424,0.0,-0.0009831059352569424,0.0,0.0
不使用 GP 产生的状态,500,500,0,0.05971087187976762,0.06135441650670062,0.0016435446269329962,0.022401506689847157,0.0628191831748041
不使用 GP 产生的状态,500,500,1,-0.01723932002394414,0.1092590459789501,0.12649836600289424,0.004321292573799478,-0.0673996853989525
不使用 GP 产生的状态,500,500,2,-0.01824530725352454,-0.033865176759996354,-0.01561986950647181,-0.010058313211527527,-0.030174939634575182
不使用 GP 产生的状态,500,500,3,0.0204059162637006,-3.123658675422784e-05,-0.020437152850454825,-0.006789582369368417,0.0038106082241615466
不使用 GP 产生的状态,500,500,4,0.03167456134813346,-0.04877869409550693,-0.0804532554436404,0.010427928120503182,0.03520096947265097
不使用 GP 产生的状态,500,500,5,-0.02878926024764756,-0.0006183355749373515,0.028170924672710207,-0.01191246990020921,-0.028152617406629332
不使用 GP 产生的状态,500,500,6,0.047012722588893024,0.007934503132626483,-0.039078219456266536,-0.007711350371675252,0.03590889325076526
不使用 GP 产生的状态,500,500,7,-0.06276376717058163,0.015224757005105616,0.07798852417568725,-0.039407399462808454,-0.05372465480145324
不使用 GP 产生的状态,1000,1,0,-0.012748440759777522,-0.012748440759777522,0.0,-0.012748440759777522,0.0
不使用 GP 产生的状态,1000,1,1,0.0,0.0,0.0,0.0,0.0
不使用 GP 产生的状态,1000,1,2,0.0,0.0,0.0,0.0,0.0
不使用 GP 产生的状态,1000,1,3,0.0,0.0,0.0,0.0,0.0
不使用 GP 产生的状态,1000,1,4,0.0,0.0,0.0,0.0,0.0
不使用 GP 产生的状态,1000,1,5,0.0,0.0,0.0,0.0,0.0
不使用 GP 产生的状态,1000,1,6,0.0,0.0,0.0,0.0,0.0
不使用 GP 产生的状态,1000,1,7,0.0,0.0,0.0,0.0,0.0
不使用 GP 产生的状态,1000,25,0,-0.022400244962943953,-0.022400244962943953,0.0,-0.022400244962943953,0.0
不使用 GP 产生的状态,1000,25,1,-0.005682284259799096,-0.005681021810508311,1.2624492907854624e-06,-0.005682284259799096,0.0
不使用 GP 产生的状态,1000,25,2,0.0,0.0,0.0,0.0,0.0
不使用 GP 产生的状态,1000,25,3,0.0,0.0,0.0,0.0,0.0
不使用 GP 产生的状态,1000,25,4,0.0,0.0,0.0,0.0,0.0
不使用 GP 产生的状态,1000,25,5,0.0,0.0,0.0,0.0,0.0
不使用 GP 产生的状态,1000,25,6,-0.008623688543426175,0.0,0.008623688543426175,-0.002874562847808725,-0.008623688543426175
不使用 GP 产生的状态,1000,25,7,-0.0021116189002048616,-0.0003409987864472836,0.0017706201137575779,-0.0021116189002048616,0.0
不使用 GP 产生的状态,1000,100,0,-0.022401528276892888,-0.022401528276892888,0.0,-0.022401528276892888,0.0
不使用 GP 产生的状态,1000,100,1,-0.006658157561916727,-0.006654370214041904,3.7873478748235498e-06,-0.006658157561916727,0.0
不使用 GP 产生的状态,1000,100,2,0.0,0.0,0.0,0.0,0.0
不使用 GP 产生的状态,1000,100,3,0.0,0.0,0.0,0.0,0.0
不使用 GP 产生的状态,1000,100,4,0.0,0.0,0.0,0.0,0.0
不使用 GP 产生的状态,1000,100,5,-0.005074025863200444,-0.005074025863200444,0.0,-0.005074025863200444,0.0
不使用 GP 产生的状态,1000,100,6,0.021494455377246702,-0.02993365900418136,-0.05142811438142806,0.007164818459082234,0.021494455377246702
不使用 GP 产生的状态,1000,100,7,0.003923416225913733,0.0017706201137575779,-0.002152796112156155,0.003923416225913733,0.0
不使用 GP 产生的状态,1000,500,0,-0.016420602623824623,-0.022401506689849623,-0.005980904066025004,-0.01452573485101194,0.005980904066025004
不使用 GP 产生的状态,1000,500,1,0.014919471315510968,-0.0043178931846761985,-0.019237364500187166,-0.0022081152017442798,0.0
不使用 GP 产生的状态,1000,500,2,0.00046787474080970765,-0.03017493963456778,-0.030642814375377487,0.0,0.013800951550578687
不使用 GP 产生的状态,1000,500,3,0.006959435689118326,0.026585027669274237,0.019625591980155913,0.004694736784149889,0.0
不使用 GP 产生的状态,1000,500,4,0.04853484203249073,0.0017382290584702334,-0.04679661297402049,0.020979562056984886,0.07165906081963375
不使用 GP 产生的状态,1000,500,5,-0.05619068662648817,0.018333347222360748,0.07452403384884893,-0.0013106442489184565,-0.05522902937355529
不使用 GP 产生的状态,1000,500,6,-0.035248998927165744,0.014653813772288101,0.04990281269945385,-0.015895816140631958,-0.029029774179800683
不使用 GP 产生的状态,1000,500,7,0.004727384343465128,0.0017716270980066501,-0.002955757245458478,0.003923201367644285,0.0024287183858248992
不使用 GP 产生的状态,2500,1,0,0.0,0.0,0.0,0.0,0.0
不使用 GP 产生的状态,2500,1,1,0.0,0.0,0.0,0.0,0.0
不使用 GP 产生的状态,2500,1,2,0.0,0.0,0.0,0.0,0.0
不使用 GP 产生的状态,2500,1,3,0.0,0.0,0.0,0.0,0.0
不使用 GP 产生的状态,2500,1,4,0.0,0.0,0.0,0.0,0.0
不使用 GP 产生的状态,2500,1,5,0.0,0.0,0.0,0.0,0.0
不使用 GP 产生的状态,2500,1,6,0.0,0.0,0.0,0.0,0.0
不使用 GP 产生的状态,2500,1,7,0.0,0.0,0.0,0.0,0.0
不使用 GP 产生的状态,2500,25,0,0.0,0.0,0.0,0.0,0.0
不使用 GP 产生的状态,2500,25,1,0.0,0.0,0.0,0.0,0.0
不使用 GP 产生的状态,2500,25,2,0.0,0.0,0.0,0.0,0.0
不使用 GP 产生的状态,2500,25,3,0.0,0.0,0.0,0.0,0.0
不使用 GP 产生的状态,2500,25,4,0.0,0.0,0.0,0.0,0.0
不使用 GP 产生的状态,2500,25,5,0.0,0.0,0.0,0.0,0.0
不使用 GP 产生的状态,2500,25,6,0.0,0.0,0.0,0.0,0.0
不使用 GP 产生的状态,2500,25,7,0.0,0.0,0.0,0.0,0.0
不使用 GP 产生的状态,2500,100,0,0.0,0.0,0.0,0.0,0.0
不使用 GP 产生的状态,2500,100,1,0.0,0.0,0.0,0.0,0.0
不使用 GP 产生的状态,2500,100,2,0.0,0.0,0.0,0.0,0.0
不使用 GP 产生的状态,2500,100,3,0.0015891349764836822,0.0004571309748044625,-0.0011320040016792197,0.0015891349764836822,0.0
不使用 GP 产生的状态,2500,100,4,0.0,0.0,0.0,0.0,0.0
不使用 GP 产生的状态,2500,100,5,0.0,0.0,0.0,0.0,0.0
不使用 GP 产生的状态,2500,100,6,0.0,0.0,0.0,0.0,0.0
不使用 GP 产生的状态,2500,100,7,0.0,0.0,0.0,0.0,0.0
不使用 GP 产生的状态,2500,500,0,0.01101818812960293,0.0,-0.01101818812960293,0.0,0.01101818812960293
不使用 GP 产生的状态,2500,500,1,0.01726759999073963,0.004350103537290965,-0.012917496453448665,0.011699435522882773,0.0
不使用 GP 产生的状态,2500,500,2,0.0,0.0,0.0,0.0,0.0
不使用 GP 产生的状态,2500,500,3,-0.019991305722238333,-0.004350320255591061,0.015640985466647273,-0.019991305722238333,-0.0040270539855841786
不使用 GP 产生的状态,2500,500,4,-0.024959187805243904,-0.0017353429970186813,0.02322384480822522,-0.008319729268414634,-0.01700050074899077
不使用 GP 产生的状态,2500,500,5,0.0,0.0,0.0,0.0,0.0
不使用 GP 产生的状态,2500,500,6,-2.4671622769447922e-15,0.0,2.4671622769447922e-15,-2.4671622769447922e-15,0.0
不使用 GP 产生的状态,2500,500,7,0.014227264908292823,0.0,-0.014227264908292823,-0.0022986659576377613,0.03420622323250861
各 GP 表达式自身产生的状态,1,1,0,0.01538565092298574,0.01538565092298574,0.0,0.01538565092298574,0.0
各 GP 表达式自身产生的状态,1,1,1,-0.11210297216213386,-0.11210297216213386,0.0,-0.11210297216213386,0.0
各 GP 表达式自身产生的状态,1,1,2,0.06862115497133657,0.06862115497133657,0.0,0.06862115497133657,0.0
各 GP 表达式自身产生的状态,1,1,3,-0.0015394745084693381,-0.0015394745084693381,0.0,-0.0015394745084693381,0.0
各 GP 表达式自身产生的状态,1,1,4,0.11047356803105905,0.11047356803105905,0.0,0.11047356803105905,0.0
各 GP 表达式自身产生的状态,1,1,5,0.06749120829473802,0.06749120829473802,0.0,0.06749120829473802,0.0
各 GP 表达式自身产生的状态,1,1,6,0.17264517174841268,0.17264517174841268,0.0,0.17264517174841268,0.0
各 GP 表达式自身产生的状态,1,1,7,0.10746866282046093,0.10746866282046093,0.0,0.10746866282046093,0.0
各 GP 表达式自身产生的状态,1,25,0,0.321237864158065,0.3931239782711716,0.07188611411310664,0.2538202492120161,-0.07702963641682795
各 GP 表达式自身产生的状态,1,25,1,0.4773573259977182,0.4482704943279082,-0.02908683166980995,0.09117535026150511,0.3346437458712708
各 GP 表达式自身产生的状态,1,25,2,0.32988644435178277,0.28482601760086496,-0.04506042675091779,0.15071926915881415,0.285148377144077
各 GP 表达式自身产生的状态,1,25,3,0.41121032203580804,0.5928988743231001,0.18168855228729205,0.19645426477711897,0.18290587042632842
各 GP 表达式自身产生的状态,1,25,4,0.3740265646140519,0.4889002440467872,0.11487367943273528,0.21520568765216216,0.04370786092571984
各 GP 表达式自身产生的状态,1,25,5,0.7771870909980895,0.7129078207851839,-0.06427927021290555,0.22152702975449431,0.6337971847346956
各 GP 表达式自身产生的状态,1,25,6,0.4789555533144603,0.44759180910652524,-0.031363744207935085,0.07855786433559578,0.19895193579850565
各 GP 表达式自身产生的状态,1,25,7,0.7995996902107826,0.6046423198797064,-0.1949573703310762,0.14336618412394111,0.5540522546380662
各 GP 表达式自身产生的状态,1,100,0,1.1968288544486232,1.763211765529989,0.5663829110813657,0.18252702614290536,1.1294908049673542
各 GP 表达式自身产生的状态,1,100,1,0.7037978055674509,1.1431756070879724,0.43937780152052164,0.2628002816062791,0.5812038797952458
各 GP 表达式自身产生的状态,1,100,2,1.3323249382546316,1.3215446654983545,-0.01078027275627718,0.4835134224826904,1.108409338920846
各 GP 表达式自身产生的状态,1,100,3,1.0712374156620013,1.3396700721183608,0.26843265645635955,0.30870602267127656,0.7862347163779364
各 GP 表达式自身产生的状态,1,100,4,1.2125121089259625,1.6469093592029378,0.4343972502769756,0.36454252294373873,1.1422036940752278
各 GP 表达式自身产生的状态,1,100,5,1.3585439636245984,1.344626000846088,-0.01391796277851033,0.3476589757873189,1.2476706835728695
各 GP 表达式自身产生的状态,1,100,6,1.3661788436412772,1.7037273626636085,0.33754851902233113,0.25654786504773797,1.1298628244359032
各 GP 表达式自身产生的状态,1,100,7,1.0496006986132325,0.7558900797280598,-0.29371061888517286,0.37532385296596726,0.7914273004269858
各 GP 表达式自身产生的状态,1,500,0,-0.017689058222510507,0.6575052929219573,0.6751943511444678,-0.056133473262567596,-0.005028156418348158
各 GP 表达式自身产生的状态,1,500,1,-0.11104492219226664,1.4182524792808584,1.5292974014731249,-0.0015831566115324474,-0.03897095613573468
各 GP 表达式自身产生的状态,1,500,2,-0.02281343988999534,0.24338536944718608,0.26619880933718143,-0.07759970226093563,-0.01935205306933252
各 GP 表达式自身产生的状态,1,500,3,0.0700446440897457,1.4583741937109689,1.3883295496212231,-0.00873099862632978,0.014214548076589098
各 GP 表达式自身产生的状态,1,500,4,0.142821278421448,-0.05577404642072015,-0.19859532484216816,0.0064155337929052945,0.13710100525902774
各 GP 表达式自身产生的状态,1,500,5,0.08576048376412398,2.0495048908195965,1.9637444070554726,-0.010061586836195168,0.10121007622310657
各 GP 表达式自身产生的状态,1,500,6,0.0558823402214322,1.1862211974075716,1.1303388571861392,-0.0134663319448484,0.08180200989290991
各 GP 表达式自身产生的状态,1,500,7,0.09673553464598268,1.9601275988583302,1.8633920642123474,-0.02395930291440893,0.12799907225397403
各 GP 表达式自身产生的状态,100,1,0,-0.0002900289522544952,-0.0002900289522544952,0.0,-0.0002900289522544952,0.0
各 GP 表达式自身产生的状态,100,1,1,0.0073840659043700185,0.0073840659043700185,0.0,0.0073840659043700185,0.0
各 GP 表达式自身产生的状态,100,1,2,-0.0022202675365691326,-0.0022202675365691326,0.0,-0.0022202675365691326,0.0
各 GP 表达式自身产生的状态,100,1,3,-0.0006264859041908247,-0.0006264859041908247,0.0,-0.0006264859041908247,0.0
各 GP 表达式自身产生的状态,100,1,4,-0.0028917647855002887,-0.0028917647855002887,0.0,-0.0028917647855002887,0.0
各 GP 表达式自身产生的状态,100,1,5,0.0,0.0,0.0,0.0,0.0
各 GP 表达式自身产生的状态,100,1,6,0.0024231635840433873,0.0024231635840433873,0.0,0.0024231635840433873,0.0
各 GP 表达式自身产生的状态,100,1,7,0.005607821552157234,0.005607821552157234,0.0,0.005607821552157234,0.0
各 GP 表达式自身产生的状态,100,25,0,-0.03573772682486314,0.05704972155987272,0.09278744838473586,0.01219789907606936,-0.03635628414781797
各 GP 表达式自身产生的状态,100,25,1,0.02769939989874823,0.058086554338516234,0.030387154439768003,-0.030986817853100805,0.029090619017679842
各 GP 表达式自身产生的状态,100,25,2,-0.005843899510243272,0.0019846473081940198,0.00782854681843729,-0.02153594779640154,0.007174765415550609
各 GP 表达式自身产生的状态,100,25,3,0.024035666519315078,0.317467911912613,0.29343224539329793,0.03973092110276028,0.016910026031813352
各 GP 表达式自身产生的状态,100,25,4,-0.011183068547474898,-0.027233086376949385,-0.016050017829474485,-0.01968872322351483,0.02216888165254992
各 GP 表达式自身产生的状态,100,25,5,0.05936597192662201,0.3180641939820668,0.2586982220554448,-0.009086988373087202,0.05000457061733342
各 GP 表达式自身产生的状态,100,25,6,0.02616676485814256,0.018241763870806435,-0.007925000987336124,-0.012538432303396994,0.042714145985245366
各 GP 表达式自身产生的状态,100,25,7,0.24544320575497183,0.0974613135292494,-0.14798189222572244,0.0394644972884686,0.20325457853857593
各 GP 表达式自身产生的状态,100,100,0,-0.015367684527715456,0.10759817465900835,0.12296585918672381,-0.021315844676853917,-0.006204822938747788
各 GP 表达式自身产生的状态,100,100,1,-0.0021903495202751306,0.13031254073875165,0.13250289025902676,-0.002877121934701737,-0.01116636398088073
各 GP 表达式自身产生的状态,100,100,2,0.0029128874386478523,0.04412312430399387,0.04121023686534602,-0.04438204763187089,0.046958334744274924
各 GP 表达式自身产生的状态,100,100,3,-0.021142625921102522,0.5572044579282374,0.5783470838493399,-0.01573472828878665,0.019424883065909268
各 GP 表达式自身产生的状态,100,100,4,-0.0847054320729537,-0.019371799479405025,0.06533363259354867,-0.038391169235059884,-0.04224554057944049
各 GP 表达式自身产生的状态,100,100,5,-0.006558469175225549,0.4964247621437323,0.5029832313189578,-0.009335266743934787,-0.010725625620692606
各 GP 表达式自身产生的状态,100,100,6,-0.0022033517686419974,0.051443815225381426,0.05364716699402342,-0.002328958520303459,0.02949272696971909
各 GP 表达式自身产生的状态,100,100,7,0.19230787409979153,0.44258296831928157,0.25027509421949,-0.008069446753918482,0.19632265226471446
各 GP 表达式自身产生的状态,100,500,0,0.01816800425763611,0.05887058798602259,0.040702583728386484,0.00396176995924375,0.037363999959905136
各 GP 表达式自身产生的状态,100,500,1,-0.041937848628176906,0.15336902139386271,0.1953068700220396,-0.03701327301496674,-0.033654800837511364
各 GP 表达式自身产生的状态,100,500,2,0.03367584143579973,0.02384375258130462,-0.00983208885449511,0.03640967140953065,0.04828094889965692
各 GP 表达式自身产生的状态,100,500,3,0.002846497386705455,0.7548189601699661,0.7519724627832606,-0.014792735726364291,0.0002729191009088873
各 GP 表达式自身产生的状态,100,500,4,-0.018251572472288084,-0.04405632070074223,-0.025804748228454147,-0.032901062318867344,0.014649489846581728
各 GP 表达式自身产生的状态,100,500,5,-0.07264863859291666,0.574983360399919,0.6476319989928357,-0.02210484118749307,-0.05080328966508131
各 GP 表达式自身产生的状态,100,500,6,-0.028401975865194946,0.016462042316139285,0.04486401818133423,-0.017643734768811745,-0.006301241822244859
各 GP 表达式自身产生的状态,100,500,7,-0.11066348268350525,1.0016108874769891,1.1122743701604945,-0.004625865640904713,-0.106037617042603
各 GP 表达式自身产生的状态,250,1,0,0.0,0.0,0.0,0.0,0.0
各 GP 表达式自身产生的状态,250,1,1,0.0,0.0,0.0,0.0,0.0
各 GP 表达式自身产生的状态,250,1,2,0.0,0.0,0.0,0.0,0.0
各 GP 表达式自身产生的状态,250,1,3,0.0,0.0,0.0,0.0,0.0
各 GP 表达式自身产生的状态,250,1,4,0.0,0.0,0.0,0.0,0.0
各 GP 表达式自身产生的状态,250,1,5,0.0,0.0,0.0,0.0,0.0
各 GP 表达式自身产生的状态,250,1,6,0.0,0.0,0.0,0.0,0.0
各 GP 表达式自身产生的状态,250,1,7,0.0,0.0,0.0,0.0,0.0
各 GP 表达式自身产生的状态,250,25,0,0.0,0.0,0.0,0.0,0.0
各 GP 表达式自身产生的状态,250,25,1,0.0009746108528243783,0.0,-0.0009746108528243783,0.0,0.0009746108528243783
各 GP 表达式自身产生的状态,250,25,2,0.004435356606581465,0.0009852032625835684,-0.003450153343997897,0.0009864978792221517,0.0
各 GP 表达式自身产生的状态,250,25,3,-0.0029363343395600377,-0.0029363343395600377,0.0,-0.0029363343395600377,0.0
各 GP 表达式自身产生的状态,250,25,4,0.0010888500420167288,0.0010888500420167288,0.0,0.0010888500420167288,0.0
各 GP 表达式自身产生的状态,250,25,5,0.0009617520049736643,0.0009617520049736643,0.0,0.0009617520049736643,0.0
各 GP 表达式自身产生的状态,250,25,6,-0.001915502962764511,-0.001915502962764511,0.0,-0.001915502962764511,0.0
各 GP 表达式自身产生的状态,250,25,7,0.002316218172072738,-0.004266988588101188,-0.006583206760173926,0.002316218172072738,0.0
各 GP 表达式自身产生的状态,250,100,0,0.0,-0.013556928547036544,-0.013556928547036544,0.0,0.0
各 GP 表达式自身产生的状态,250,100,1,-0.005947398610957795,-0.005947398610957795,0.0,-0.005947398610957795,0.0
各 GP 表达式自身产生的状态,250,100,2,0.004598478303146574,0.0011457357258665762,-0.003452742577279998,0.01862306035775369,0.0
各 GP 表达式自身产生的状态,250,100,3,0.009961380545695262,-0.01364771528682418,-0.023609095832519442,0.011109938036711774,0.001148557491016512
各 GP 表达式自身产生的状态,250,100,4,0.0005391648758740825,-0.011505252436718984,-0.012044417312593068,0.0011177808402306076,-0.0005786159643565251
各 GP 表达式自身产生的状态,250,100,5,-0.0048610291555784,-0.007535901919412484,-0.0026748727638340832,-0.0048610291555784,0.0
各 GP 表达式自身产生的状态,250,100,6,-0.0038323143291909803,-0.0038323143291909803,0.0,-0.0038323143291909803,0.0
各 GP 表达式自身产生的状态,250,100,7,0.0013897309032401889,-0.02562252013459511,-0.027012251037835295,0.002251878778400693,0.0050313405848860055
各 GP 表达式自身产生的状态,250,500,0,0.01906866785159611,-0.005262430643614301,-0.02433109849521041,0.039812151420780414,0.034783247069292145
各 GP 表达式自身产生的状态,250,500,1,0.003880352442594178,0.020503219466454996,0.01662286702386082,-0.0044558522963342485,0.06255170024823059
各 GP 表达式自身产生的状态,250,500,2,0.026398927283885796,0.005641997296966671,-0.020756929986919123,0.061838885613164765,0.0007500747440985438
各 GP 表达式自身产生的状态,250,500,3,0.0007529327308939157,-0.02205609941209947,-0.022809032142993384,0.0007529327308939157,0.0
各 GP 表达式自身产生的状态,250,500,4,0.003876566135575644,-0.026425861406067754,-0.0303024275416434,-0.016922462186536653,0.0
各 GP 表达式自身产生的状态,250,500,5,0.0039339367112164085,0.011774867511140898,0.00784093079992449,-0.0031682239332130203,0.022038450397412725
各 GP 表达式自身产生的状态,250,500,6,-0.04440924863969483,0.022242816341456875,0.0666520649811517,-0.004972778961483589,-0.04831841314549834
各 GP 表达式自身产生的状态,250,500,7,-0.014869862935166603,-0.010606203033974242,0.0042636599011923616,-0.01411197542897153,-0.0007578875061950738
各 GP 表达式自身产生的状态,500,1,0,0.0,0.0,0.0,0.0,0.0
各 GP 表达式自身产生的状态,500,1,1,0.0,0.0,0.0,0.0,0.0
各 GP 表达式自身产生的状态,500,1,2,0.0,0.0,0.0,0.0,0.0
各 GP 表达式自身产生的状态,500,1,3,0.0,0.0,0.0,0.0,0.0
各 GP 表达式自身产生的状态,500,1,4,0.0,0.0,0.0,0.0,0.0
各 GP 表达式自身产生的状态,500,1,5,0.0,0.0,0.0,0.0,0.0
各 GP 表达式自身产生的状态,500,1,6,0.0,0.0,0.0,0.0,0.0
各 GP 表达式自身产生的状态,500,1,7,0.0,0.0,0.0,0.0,0.0
各 GP 表达式自身产生的状态,500,25,0,0.0,0.0,0.0,0.0,0.0
各 GP 表达式自身产生的状态,500,25,1,0.0,-0.0015048395551393095,-0.0015048395551393095,0.0,0.0
各 GP 表达式自身产生的状态,500,25,2,0.0,0.0,0.0,0.0,0.0
各 GP 表达式自身产生的状态,500,25,3,0.0,0.0,0.0,0.0,0.0
各 GP 表达式自身产生的状态,500,25,4,0.0,0.0,0.0,0.0,0.0
各 GP 表达式自身产生的状态,500,25,5,0.0,0.0,0.0,0.0,0.0
各 GP 表达式自身产生的状态,500,25,6,0.010039381306890959,0.010039381306890959,0.0,0.010039381306890959,0.0
各 GP 表达式自身产生的状态,500,25,7,0.0,0.0,0.0,0.0,0.0
各 GP 表达式自身产生的状态,500,100,0,0.0,0.0,0.0,0.0,0.0
各 GP 表达式自身产生的状态,500,100,1,0.0,-0.001506102004430095,-0.001506102004430095,0.0,0.0
各 GP 表达式自身产生的状态,500,100,2,0.04225887634325717,0.02774363458231615,-0.014515241760941025,0.04225887634325717,0.0
各 GP 表达式自身产生的状态,500,100,3,0.0,0.0,0.0,0.0,0.0
各 GP 表达式自身产生的状态,500,100,4,-0.00456054582815588,-0.00456054582815588,0.0,-0.00456054582815588,0.0
各 GP 表达式自身产生的状态,500,100,5,0.0,0.0,0.0,0.0,0.0
各 GP 表达式自身产生的状态,500,100,6,0.005582958430405682,0.005582958430405682,0.0,0.005582958430405682,0.0
各 GP 表达式自身产生的状态,500,100,7,0.0,0.0,0.0,0.0,0.0
各 GP 表达式自身产生的状态,500,500,0,-0.031757965239657494,0.008293800127516052,0.04005176536717355,-0.01982708892139436,-0.007376787914470384
各 GP 表达式自身产生的状态,500,500,1,0.001663807339924439,0.0588531367695877,0.05718932942966326,0.026920427220211707,0.03841694240858365
各 GP 表达式自身产生的状态,500,500,2,-0.05102249981673671,0.009814882719417896,0.06083738253615461,0.009408743185100753,-0.040171921531895194
各 GP 表达式自身产生的状态,500,500,3,0.03829144943943893,0.0019483898398231503,-0.03634305959961578,0.01450435198543993,0.03829144943943893
各 GP 表达式自身产生的状态,500,500,4,0.05602806744366726,0.017192819538065014,-0.03883524790560225,0.015127783661397467,0.028140921520229217
各 GP 表达式自身产生的状态,500,500,5,0.02209962460097476,0.049813190303847774,0.027713565702873016,0.02496958188032108,0.023353674483243363
各 GP 表达式自身产生的状态,500,500,6,-0.03644625960582558,0.09755963941614364,0.13400589902196922,-0.006817814992267203,-0.05780569035387373
各 GP 表达式自身产生的状态,500,500,7,0.008777522910244053,-0.016732946699470216,-0.025510469609714273,0.03901263838184615,0.008777522910244053
各 GP 表达式自身产生的状态,1000,1,0,0.0,0.0,0.0,0.0,0.0
各 GP 表达式自身产生的状态,1000,1,1,0.0,0.0,0.0,0.0,0.0
各 GP 表达式自身产生的状态,1000,1,2,0.0,0.0,0.0,0.0,0.0
各 GP 表达式自身产生的状态,1000,1,3,0.0,0.0,0.0,0.0,0.0
各 GP 表达式自身产生的状态,1000,1,4,0.0,0.0,0.0,0.0,0.0
各 GP 表达式自身产生的状态,1000,1,5,0.0,0.0,0.0,0.0,0.0
各 GP 表达式自身产生的状态,1000,1,6,0.0,0.0,0.0,0.0,0.0
各 GP 表达式自身产生的状态,1000,1,7,0.0,0.0,0.0,0.0,0.0
各 GP 表达式自身产生的状态,1000,25,0,0.0,0.0,0.0,0.0,0.0
各 GP 表达式自身产生的状态,1000,25,1,0.0024605136685969717,0.0024605136685969717,0.0,0.0024605136685969717,0.0
各 GP 表达式自身产生的状态,1000,25,2,-0.006620669493886646,0.0,0.006620669493886646,-0.005403729852851116,0.0
各 GP 表达式自身产生的状态,1000,25,3,0.0,0.0,0.0,0.0,0.0
各 GP 表达式自身产生的状态,1000,25,4,0.0,0.0,0.0,0.0,0.0
各 GP 表达式自身产生的状态,1000,25,5,0.0,0.0,0.0,0.0,0.0
各 GP 表达式自身产生的状态,1000,25,6,0.0,0.0,0.0,0.0,0.0
各 GP 表达式自身产生的状态,1000,25,7,0.0,0.0,0.0,0.0,0.0
各 GP 表达式自身产生的状态,1000,100,0,0.0,0.0,0.0,0.0,0.0
各 GP 表达式自身产生的状态,1000,100,1,0.023285877176630148,0.00019441719085004175,-0.023091459985780105,0.024920749008767236,-0.0016348718321370884
各 GP 表达式自身产生的状态,1000,100,2,-0.0007935999999523583,-0.0007935999999523583,0.0,0.0,-0.0013994805871892562
各 GP 表达式自身产生的状态,1000,100,3,0.0,-2.546690668224648e-06,-2.546690668224648e-06,0.0,0.0
各 GP 表达式自身产生的状态,1000,100,4,0.0,0.0,0.0,0.0,0.0
各 GP 表达式自身产生的状态,1000,100,5,0.0,0.0,0.0,0.0,0.0
各 GP 表达式自身产生的状态,1000,100,6,-0.001915502962762044,-0.001915502962762044,0.0,-0.001915502962762044,0.0
各 GP 表达式自身产生的状态,1000,100,7,0.00555248967360416,-0.010936410135791656,-0.016488899809395816,-0.004019925316415633,0.014020840668268105
各 GP 表达式自身产生的状态,1000,500,0,-0.025961752970927857,0.0,0.025961752970927857,-0.0008260310671914795,-0.01817387128039262
各 GP 表达式自身产生的状态,1000,500,1,0.004068352292326456,0.03411688256721569,0.030048530274889233,0.0014479038794195593,0.0026204484129068975
各 GP 表达式自身产生的状态,1000,500,2,-0.0018387716973735893,-0.024344994913241515,-0.022506223215867927,0.0,0.010021517623893928
各 GP 表达式自身产生的状态,1000,500,3,-0.004542852958808494,-0.0074989597443650725,-0.002956106785556578,-0.0074989597443650725,0.009711498148202836
各 GP 表达式自身产生的状态,1000,500,4,0.0,0.012191149579068552,0.012191149579068552,0.0,0.0
各 GP 表达式自身产生的状态,1000,500,5,-0.017993724869801317,0.00012145591321566229,0.01811518078301698,-0.021755590872230002,-0.01851453491001662
各 GP 表达式自身产生的状态,1000,500,6,0.018590231269952382,-0.002712705815922768,-0.021302937085875148,0.010296238357771555,0.0
各 GP 表达式自身产生的状态,1000,500,7,0.024622427697940097,-0.013445052247676139,-0.03806747994561624,0.019176950058362605,0.019380313278041485
各 GP 表达式自身产生的状态,2500,1,0,0.0,0.0,0.0,0.0,0.0
各 GP 表达式自身产生的状态,2500,1,1,0.0,0.0,0.0,0.0,0.0
各 GP 表达式自身产生的状态,2500,1,2,0.0,0.0,0.0,0.0,0.0
各 GP 表达式自身产生的状态,2500,1,3,0.0,0.0,0.0,0.0,0.0
各 GP 表达式自身产生的状态,2500,1,4,0.0,0.0,0.0,0.0,0.0
各 GP 表达式自身产生的状态,2500,1,5,0.0,0.0,0.0,0.0,0.0
各 GP 表达式自身产生的状态,2500,1,6,0.0,0.0,0.0,0.0,0.0
各 GP 表达式自身产生的状态,2500,1,7,0.0,0.0,0.0,0.0,0.0
各 GP 表达式自身产生的状态,2500,25,0,-0.004437699632303054,-0.0023407646412139846,0.0020969349910890697,-0.004437699632303054,0.0
各 GP 表达式自身产生的状态,2500,25,1,0.0,0.0,0.0,0.0,0.0
各 GP 表达式自身产生的状态,2500,25,2,0.0,0.0,0.0,0.0,0.0
各 GP 表达式自身产生的状态,2500,25,3,0.0,0.0,0.0,0.0,0.0
各 GP 表达式自身产生的状态,2500,25,4,0.0,0.0,0.0,0.0,0.0
各 GP 表达式自身产生的状态,2500,25,5,-0.007720150605148055,0.006727037121750317,0.014447187726898372,0.0,-0.007720150605148055
各 GP 表达式自身产生的状态,2500,25,6,0.00016224205422342585,0.00016224205422342585,0.0,0.00016224205422342585,0.0
各 GP 表达式自身产生的状态,2500,25,7,0.0,0.0,0.0,0.0,0.0
各 GP 表达式自身产生的状态,2500,100,0,-0.017814964226617016,-7.571552293287691e-05,0.017739248703684138,-0.017814964226617016,0.0
各 GP 表达式自身产生的状态,2500,100,1,-0.0009746108528268454,-0.0009746108528268454,0.0,-0.0009746108528268454,0.0
各 GP 表达式自身产生的状态,2500,100,2,0.0,0.0,0.0,0.0,0.0
各 GP 表达式自身产生的状态,2500,100,3,0.0,0.0,0.0,0.0,0.0
各 GP 表达式自身产生的状态,2500,100,4,-0.004540820283915892,0.0,0.004540820283915892,-0.004540820283915892,-0.004540820283915892
各 GP 表达式自身产生的状态,2500,100,5,-0.000278333121005324,-0.000278333121005324,0.0,-0.000278333121005324,0.0
各 GP 表达式自身产生的状态,2500,100,6,-0.007846496767552027,0.00016224205422342585,0.008008738821775453,0.00016224205422342585,-0.008008738821775453
各 GP 表达式自身产生的状态,2500,100,7,0.0,0.0,0.0,0.0,0.0
各 GP 表达式自身产生的状态,2500,500,0,-0.002162983083099491,0.0020951048433224015,0.004258087926421893,-0.007382513479107604,-2.4671622769447922e-15
各 GP 表达式自身产生的状态,2500,500,1,0.012599603462910065,0.014993502933386478,0.0023938994704764127,0.020756385306892118,0.013574342929950016
各 GP 表达式自身产生的状态,2500,500,2,0.010020792156405377,0.0,-0.010020792156405377,0.006280256994877714,0.001403444428715872
各 GP 表达式自身产生的状态,2500,500,3,0.00619395065898735,0.0,-0.00619395065898735,0.0,0.016121997550455625
各 GP 表达式自身产生的状态,2500,500,4,-0.004540875412948096,0.0,0.004540875412948096,-0.0027288592474854984,0.0015434592970597905
各 GP 表达式自身产生的状态,2500,500,5,0.004001259028838276,-0.00027791258473285215,-0.004279171613571127,-0.0026958501883599262,0.006697109217198201
各 GP 表达式自身产生的状态,2500,500,6,-0.0271961508445489,-0.030071862154813625,-0.0028757113102647245,0.0001630054943419563,-0.027359156338890855
各 GP 表达式自身产生的状态,2500,500,7,0.000799884877452269,0.0,-0.000799884877452269,-0.004860244147167039,0.000799884877452269
