state_owner,snapshot_iteration,source,phase,instance,deposit_l1_over_budget,source_edge_tau_l1_over_two_budget,global_tau_relative_l1
GP 表达式自身产生的状态,1,历史全局最优路径,更新前,0,0.2020033613497778,0.0,0.0
GP 表达式自身产生的状态,1,历史全局最优路径,更新前,1,0.21175167451826452,0.0,0.0
GP 表达式自身产生的状态,1,历史全局最优路径,更新前,2,0.2044998209637251,0.0,0.0
GP 表达式自身产生的状态,1,历史全局最优路径,更新前,3,0.20962890371431842,0.0,0.0
GP 表达式自身产生的状态,1,历史全局最优路径,更新前,4,0.21320191994286833,0.0,0.0
GP 表达式自身产生的状态,1,历史全局最优路径,更新前,5,0.2063738362647068,0.0,0.0
GP 表达式自身产生的状态,1,历史全局最优路径,更新前,6,0.20620596829478302,0.0,0.0
GP 表达式自身产生的状态,1,历史全局最优路径,更新前,7,0.2035839372099358,0.0,0.0
GP 表达式自身产生的状态,1,历史全局最优路径,沉积后,0,0.2020033613497778,0.20200339753842003,0.00016337076519957924
GP 表达式自身产生的状态,1,历史全局最优路径,沉积后,1,0.21175167451826452,0.21175169446202338,0.00017071870511549856
GP 表达式自身产生的状态,1,历史全局最优路径,沉积后,2,0.2044998209637251,0.20449983202428013,0.00016591052762856583
GP 表达式自身产生的状态,1,历史全局最优路径,沉积后,3,0.20962890371431842,0.2096288916797751,0.00016962790119892603
GP 表达式自身产生的状态,1,历史全局最优路径,沉积后,4,0.21320191994286833,0.21320192615286268,0.00017103241719050694
GP 表达式自身产生的状态,1,历史全局最优路径,沉积后,5,0.2063738362647068,0.20637383944983365,0.00016558949296736092
GP 表达式自身产生的状态,1,历史全局最优路径,沉积后,6,0.20620596829478302,0.2062059390842096,0.00016460824482985957
GP 表达式自身产生的状态,1,历史全局最优路径,沉积后,7,0.2035839372099358,0.20358392758121235,0.0001636759796620589
GP 表达式自身产生的状态,1,历史全局最优路径,蒸发和下界保护后,0,0.2020033613497778,0.0,0.0
GP 表达式自身产生的状态,1,历史全局最优路径,蒸发和下界保护后,1,0.21175167451826452,0.0,0.0
GP 表达式自身产生的状态,1,历史全局最优路径,蒸发和下界保护后,2,0.2044998209637251,0.0,0.0
GP 表达式自身产生的状态,1,历史全局最优路径,蒸发和下界保护后,3,0.20962890371431842,0.0,0.0
GP 表达式自身产生的状态,1,历史全局最优路径,蒸发和下界保护后,4,0.21320191994286833,0.0,0.0
GP 表达式自身产生的状态,1,历史全局最优路径,蒸发和下界保护后,5,0.2063738362647068,0.0,0.0
GP 表达式自身产生的状态,1,历史全局最优路径,蒸发和下界保护后,6,0.20620596829478302,0.0,0.0
GP 表达式自身产生的状态,1,历史全局最优路径,蒸发和下界保护后,7,0.2035839372099358,0.0,0.0
GP 表达式自身产生的状态,1,历史全局最优路径,重启和可选上界处理后,0,0.2020033613497778,0.20200339753842003,0.00016337076519957924
GP 表达式自身产生的状态,1,历史全局最优路径,重启和可选上界处理后,1,0.21175167451826452,0.21175169446202338,0.00017071870511549856
GP 表达式自身产生的状态,1,历史全局最优路径,重启和可选上界处理后,2,0.2044998209637251,0.20449983202428013,0.00016591052762856583
GP 表达式自身产生的状态,1,历史全局最优路径,重启和可选上界处理后,3,0.20962890371431842,0.2096288916797751,0.00016962790119892603
GP 表达式自身产生的状态,1,历史全局最优路径,重启和可选上界处理后,4,0.21320191994286833,0.21320192615286268,0.00017103241719050694
GP 表达式自身产生的状态,1,历史全局最优路径,重启和可选上界处理后,5,0.2063738362647068,0.20637383944983365,0.00016558949296736092
GP 表达式自身产生的状态,1,历史全局最优路径,重启和可选上界处理后,6,0.20620596829478302,0.2062059390842096,0.00016460824482985957
GP 表达式自身产生的状态,1,历史全局最优路径,重启和可选上界处理后,7,0.2035839372099358,0.20358392758121235,0.0001636759796620589
GP 表达式自身产生的状态,1,历史重启阶段最优路径,更新前,0,0.2020033613497778,0.0,0.0
GP 表达式自身产生的状态,1,历史重启阶段最优路径,更新前,1,0.21175167451826452,0.0,0.0
GP 表达式自身产生的状态,1,历史重启阶段最优路径,更新前,2,0.2044998209637251,0.0,0.0
GP 表达式自身产生的状态,1,历史重启阶段最优路径,更新前,3,0.20962890371431842,0.0,0.0
GP 表达式自身产生的状态,1,历史重启阶段最优路径,更新前,4,0.21320191994286833,0.0,0.0
GP 表达式自身产生的状态,1,历史重启阶段最优路径,更新前,5,0.2063738362647068,0.0,0.0
GP 表达式自身产生的状态,1,历史重启阶段最优路径,更新前,6,0.20620596829478302,0.0,0.0
GP 表达式自身产生的状态,1,历史重启阶段最优路径,更新前,7,0.2035839372099358,0.0,0.0
GP 表达式自身产生的状态,1,历史重启阶段最优路径,沉积后,0,0.2020033613497778,0.20200339753842003,0.00016337076519957924
GP 表达式自身产生的状态,1,历史重启阶段最优路径,沉积后,1,0.21175167451826452,0.21175169446202338,0.00017071870511549856
GP 表达式自身产生的状态,1,历史重启阶段最优路径,沉积后,2,0.2044998209637251,0.20449983202428013,0.00016591052762856583
GP 表达式自身产生的状态,1,历史重启阶段最优路径,沉积后,3,0.20962890371431842,0.2096288916797751,0.00016962790119892603
GP 表达式自身产生的状态,1,历史重启阶段最优路径,沉积后,4,0.21320191994286833,0.21320192615286268,0.00017103241719050694
GP 表达式自身产生的状态,1,历史重启阶段最优路径,沉积后,5,0.2063738362647068,0.20637383944983365,0.00016558949296736092
GP 表达式自身产生的状态,1,历史重启阶段最优路径,沉积后,6,0.20620596829478302,0.2062059390842096,0.00016460824482985957
GP 表达式自身产生的状态,1,历史重启阶段最优路径,沉积后,7,0.2035839372099358,0.20358392758121235,0.0001636759796620589
GP 表达式自身产生的状态,1,历史重启阶段最优路径,蒸发和下界保护后,0,0.2020033613497778,0.0,0.0
GP 表达式自身产生的状态,1,历史重启阶段最优路径,蒸发和下界保护后,1,0.21175167451826452,0.0,0.0
GP 表达式自身产生的状态,1,历史重启阶段最优路径,蒸发和下界保护后,2,0.2044998209637251,0.0,0.0
GP 表达式自身产生的状态,1,历史重启阶段最优路径,蒸发和下界保护后,3,0.20962890371431842,0.0,0.0
GP 表达式自身产生的状态,1,历史重启阶段最优路径,蒸发和下界保护后,4,0.21320191994286833,0.0,0.0
GP 表达式自身产生的状态,1,历史重启阶段最优路径,蒸发和下界保护后,5,0.2063738362647068,0.0,0.0
GP 表达式自身产生的状态,1,历史重启阶段最优路径,蒸发和下界保护后,6,0.20620596829478302,0.0,0.0
GP 表达式自身产生的状态,1,历史重启阶段最优路径,蒸发和下界保护后,7,0.2035839372099358,0.0,0.0
GP 表达式自身产生的状态,1,历史重启阶段最优路径,重启和可选上界处理后,0,0.2020033613497778,0.20200339753842003,0.00016337076519957924
GP 表达式自身产生的状态,1,历史重启阶段最优路径,重启和可选上界处理后,1,0.21175167451826452,0.21175169446202338,0.00017071870511549856
GP 表达式自身产生的状态,1,历史重启阶段最优路径,重启和可选上界处理后,2,0.2044998209637251,0.20449983202428013,0.00016591052762856583
GP 表达式自身产生的状态,1,历史重启阶段最优路径,重启和可选上界处理后,3,0.20962890371431842,0.2096288916797751,0.00016962790119892603
GP 表达式自身产生的状态,1,历史重启阶段最优路径,重启和可选上界处理后,4,0.21320191994286833,0.21320192615286268,0.00017103241719050694
GP 表达式自身产生的状态,1,历史重启阶段最优路径,重启和可选上界处理后,5,0.2063738362647068,0.20637383944983365,0.00016558949296736092
GP 表达式自身产生的状态,1,历史重启阶段最优路径,重启和可选上界处理后,6,0.20620596829478302,0.2062059390842096,0.00016460824482985957
GP 表达式自身产生的状态,1,历史重启阶段最优路径,重启和可选上界处理后,7,0.2035839372099358,0.20358392758121235,0.0001636759796620589
GP 表达式自身产生的状态,1,本轮最优路径,更新前,0,0.2020033613497778,0.0,0.0
GP 表达式自身产生的状态,1,本轮最优路径,更新前,1,0.21175167451826452,0.0,0.0
GP 表达式自身产生的状态,1,本轮最优路径,更新前,2,0.2044998209637251,0.0,0.0
GP 表达式自身产生的状态,1,本轮最优路径,更新前,3,0.20962890371431842,0.0,0.0
GP 表达式自身产生的状态,1,本轮最优路径,更新前,4,0.21320191994286833,0.0,0.0
GP 表达式自身产生的状态,1,本轮最优路径,更新前,5,0.2063738362647068,0.0,0.0
GP 表达式自身产生的状态,1,本轮最优路径,更新前,6,0.20620596829478302,0.0,0.0
GP 表达式自身产生的状态,1,本轮最优路径,更新前,7,0.2035839372099358,0.0,0.0
GP 表达式自身产生的状态,1,本轮最优路径,沉积后,0,0.2020033613497778,0.20200339753842003,0.00016337076519957924
GP 表达式自身产生的状态,1,本轮最优路径,沉积后,1,0.21175167451826452,0.21175169446202338,0.00017071870511549856
GP 表达式自身产生的状态,1,本轮最优路径,沉积后,2,0.2044998209637251,0.20449983202428013,0.00016591052762856583
GP 表达式自身产生的状态,1,本轮最优路径,沉积后,3,0.20962890371431842,0.2096288916797751,0.00016962790119892603
GP 表达式自身产生的状态,1,本轮最优路径,沉积后,4,0.21320191994286833,0.21320192615286268,0.00017103241719050694
GP 表达式自身产生的状态,1,本轮最优路径,沉积后,5,0.2063738362647068,0.20637383944983365,0.00016558949296736092
GP 表达式自身产生的状态,1,本轮最优路径,沉积后,6,0.20620596829478302,0.2062059390842096,0.00016460824482985957
GP 表达式自身产生的状态,1,本轮最优路径,沉积后,7,0.2035839372099358,0.20358392758121235,0.0001636759796620589
GP 表达式自身产生的状态,1,本轮最优路径,蒸发和下界保护后,0,0.2020033613497778,0.0,0.0
GP 表达式自身产生的状态,1,本轮最优路径,蒸发和下界保护后,1,0.21175167451826452,0.0,0.0
GP 表达式自身产生的状态,1,本轮最优路径,蒸发和下界保护后,2,0.2044998209637251,0.0,0.0
GP 表达式自身产生的状态,1,本轮最优路径,蒸发和下界保护后,3,0.20962890371431842,0.0,0.0
GP 表达式自身产生的状态,1,本轮最优路径,蒸发和下界保护后,4,0.21320191994286833,0.0,0.0
GP 表达式自身产生的状态,1,本轮最优路径,蒸发和下界保护后,5,0.2063738362647068,0.0,0.0
GP 表达式自身产生的状态,1,本轮最优路径,蒸发和下界保护后,6,0.20620596829478302,0.0,0.0
GP 表达式自身产生的状态,1,本轮最优路径,蒸发和下界保护后,7,0.2035839372099358,0.0,0.0
GP 表达式自身产生的状态,1,本轮最优路径,重启和可选上界处理后,0,0.2020033613497778,0.20200339753842003,0.00016337076519957924
GP 表达式自身产生的状态,1,本轮最优路径,重启和可选上界处理后,1,0.21175167451826452,0.21175169446202338,0.00017071870511549856
GP 表达式自身产生的状态,1,本轮最优路径,重启和可选上界处理后,2,0.2044998209637251,0.20449983202428013,0.00016591052762856583
GP 表达式自身产生的状态,1,本轮最优路径,重启和可选上界处理后,3,0.20962890371431842,0.2096288916797751,0.00016962790119892603
GP 表达式自身产生的状态,1,本轮最优路径,重启和可选上界处理后,4,0.21320191994286833,0.21320192615286268,0.00017103241719050694
GP 表达式自身产生的状态,1,本轮最优路径,重启和可选上界处理后,5,0.2063738362647068,0.20637383944983365,0.00016558949296736092
GP 表达式自身产生的状态,1,本轮最优路径,重启和可选上界处理后,6,0.20620596829478302,0.2062059390842096,0.00016460824482985957
GP 表达式自身产生的状态,1,本轮最优路径,重启和可选上界处理后,7,0.2035839372099358,0.20358392758121235,0.0001636759796620589
GP 表达式自身产生的状态,100,历史全局最优路径,更新前,0,0.029391147999714515,0.0,0.0
GP 表达式自身产生的状态,100,历史全局最优路径,更新前,1,0.023897222504331,0.0,0.0
GP 表达式自身产生的状态,100,历史全局最优路径,更新前,2,0.02726654773526875,0.0,0.0
GP 表达式自身产生的状态,100,历史全局最优路径,更新前,3,0.0419258555706705,0.0,0.0
GP 表达式自身产生的状态,100,历史全局最优路径,更新前,4,0.018357953429585145,0.0,0.0
GP 表达式自身产生的状态,100,历史全局最优路径,更新前,5,0.045084731601899415,0.0,0.0
GP 表达式自身产生的状态,100,历史全局最优路径,更新前,6,0.01989450510658411,0.0,0.0
GP 表达式自身产生的状态,100,历史全局最优路径,更新前,7,0.0645100509202451,0.0,0.0
GP 表达式自身产生的状态,100,历史全局最优路径,沉积后,0,0.029391147999714515,0.029391130755520342,2.5797585113545042e-05
GP 表达式自身产生的状态,100,历史全局最优路径,沉积后,1,0.023897222504331,0.023897273758746708,2.0929521799903547e-05
GP 表达式自身产生的状态,100,历史全局最优路径,沉积后,2,0.02726654773526875,0.027266531888507653,2.4222696549233327e-05
GP 表达式自身产生的状态,100,历史全局最优路径,沉积后,3,0.0419258555706705,0.04192586422953361,3.6559576565517315e-05
GP 表达式自身产生的状态,100,历史全局最优路径,沉积后,4,0.018357953429585145,0.018357933618187453,1.6117372317872633e-05
GP 表达式自身产生的状态,100,历史全局最优路径,沉积后,5,0.045084731601899415,0.04508473968039342,3.894207078438765e-05
GP 表达式自身产生的状态,100,历史全局最优路径,沉积后,6,0.01989450510658411,0.01989450726851194,1.743224227992734e-05
GP 表达式自身产生的状态,100,历史全局最优路径,沉积后,7,0.0645100509202451,0.06451007291349577,5.58200287710032e-05
GP 表达式自身产生的状态,100,历史全局最优路径,蒸发和下界保护后,0,0.029391147999714515,0.0,0.0
GP 表达式自身产生的状态,100,历史全局最优路径,蒸发和下界保护后,1,0.023897222504331,0.0,0.0
GP 表达式自身产生的状态,100,历史全局最优路径,蒸发和下界保护后,2,0.02726654773526875,0.0,0.0
GP 表达式自身产生的状态,100,历史全局最优路径,蒸发和下界保护后,3,0.0419258555706705,0.0,0.0
GP 表达式自身产生的状态,100,历史全局最优路径,蒸发和下界保护后,4,0.018357953429585145,0.0,0.0
GP 表达式自身产生的状态,100,历史全局最优路径,蒸发和下界保护后,5,0.045084731601899415,0.0,0.0
GP 表达式自身产生的状态,100,历史全局最优路径,蒸发和下界保护后,6,0.01989450510658411,0.0,0.0
GP 表达式自身产生的状态,100,历史全局最优路径,蒸发和下界保护后,7,0.0645100509202451,0.0,0.0
GP 表达式自身产生的状态,100,历史全局最优路径,重启和可选上界处理后,0,0.029391147999714515,0.029391130755520342,2.5797585113545042e-05
GP 表达式自身产生的状态,100,历史全局最优路径,重启和可选上界处理后,1,0.023897222504331,0.023897273758746708,2.0929521799903547e-05
GP 表达式自身产生的状态,100,历史全局最优路径,重启和可选上界处理后,2,0.02726654773526875,0.027266531888507653,2.4222696549233327e-05
GP 表达式自身产生的状态,100,历史全局最优路径,重启和可选上界处理后,3,0.0419258555706705,0.04192586422953361,3.6559576565517315e-05
GP 表达式自身产生的状态,100,历史全局最优路径,重启和可选上界处理后,4,0.018357953429585145,0.018357933618187453,1.6117372317872633e-05
GP 表达式自身产生的状态,100,历史全局最优路径,重启和可选上界处理后,5,0.045084731601899415,0.04508473968039342,3.894207078438765e-05
GP 表达式自身产生的状态,100,历史全局最优路径,重启和可选上界处理后,6,0.01989450510658411,0.01989450726851194,1.743224227992734e-05
GP 表达式自身产生的状态,100,历史全局最优路径,重启和可选上界处理后,7,0.0645100509202451,0.06451007291349577,5.58200287710032e-05
GP 表达式自身产生的状态,100,历史重启阶段最优路径,更新前,0,0.029391147999714515,0.0,0.0
GP 表达式自身产生的状态,100,历史重启阶段最优路径,更新前,1,0.023897222504331,0.0,0.0
GP 表达式自身产生的状态,100,历史重启阶段最优路径,更新前,2,0.02726654773526875,0.0,0.0
GP 表达式自身产生的状态,100,历史重启阶段最优路径,更新前,3,0.0419258555706705,0.0,0.0
GP 表达式自身产生的状态,100,历史重启阶段最优路径,更新前,4,0.018357953429585145,0.0,0.0
GP 表达式自身产生的状态,100,历史重启阶段最优路径,更新前,5,0.045084731601899415,0.0,0.0
GP 表达式自身产生的状态,100,历史重启阶段最优路径,更新前,6,0.01989450510658411,0.0,0.0
GP 表达式自身产生的状态,100,历史重启阶段最优路径,更新前,7,0.0645100509202451,0.0,0.0
GP 表达式自身产生的状态,100,历史重启阶段最优路径,沉积后,0,0.029391147999714515,0.029391130755520342,2.5797585113545042e-05
GP 表达式自身产生的状态,100,历史重启阶段最优路径,沉积后,1,0.023897222504331,0.023897273758746708,2.0929521799903547e-05
GP 表达式自身产生的状态,100,历史重启阶段最优路径,沉积后,2,0.02726654773526875,0.027266531888507653,2.4222696549233327e-05
GP 表达式自身产生的状态,100,历史重启阶段最优路径,沉积后,3,0.0419258555706705,0.04192586422953361,3.6559576565517315e-05
GP 表达式自身产生的状态,100,历史重启阶段最优路径,沉积后,4,0.018357953429585145,0.018357933618187453,1.6117372317872633e-05
GP 表达式自身产生的状态,100,历史重启阶段最优路径,沉积后,5,0.045084731601899415,0.04508473968039342,3.894207078438765e-05
GP 表达式自身产生的状态,100,历史重启阶段最优路径,沉积后,6,0.01989450510658411,0.01989450726851194,1.743224227992734e-05
GP 表达式自身产生的状态,100,历史重启阶段最优路径,沉积后,7,0.0645100509202451,0.06451007291349577,5.58200287710032e-05
GP 表达式自身产生的状态,100,历史重启阶段最优路径,蒸发和下界保护后,0,0.029391147999714515,0.0,0.0
GP 表达式自身产生的状态,100,历史重启阶段最优路径,蒸发和下界保护后,1,0.023897222504331,0.0,0.0
GP 表达式自身产生的状态,100,历史重启阶段最优路径,蒸发和下界保护后,2,0.02726654773526875,0.0,0.0
GP 表达式自身产生的状态,100,历史重启阶段最优路径,蒸发和下界保护后,3,0.0419258555706705,0.0,0.0
GP 表达式自身产生的状态,100,历史重启阶段最优路径,蒸发和下界保护后,4,0.018357953429585145,0.0,0.0
GP 表达式自身产生的状态,100,历史重启阶段最优路径,蒸发和下界保护后,5,0.045084731601899415,0.0,0.0
GP 表达式自身产生的状态,100,历史重启阶段最优路径,蒸发和下界保护后,6,0.01989450510658411,0.0,0.0
GP 表达式自身产生的状态,100,历史重启阶段最优路径,蒸发和下界保护后,7,0.0645100509202451,0.0,0.0
GP 表达式自身产生的状态,100,历史重启阶段最优路径,重启和可选上界处理后,0,0.029391147999714515,0.029391130755520342,2.5797585113545042e-05
GP 表达式自身产生的状态,100,历史重启阶段最优路径,重启和可选上界处理后,1,0.023897222504331,0.023897273758746708,2.0929521799903547e-05
GP 表达式自身产生的状态,100,历史重启阶段最优路径,重启和可选上界处理后,2,0.02726654773526875,0.027266531888507653,2.4222696549233327e-05
GP 表达式自身产生的状态,100,历史重启阶段最优路径,重启和可选上界处理后,3,0.0419258555706705,0.04192586422953361,3.6559576565517315e-05
GP 表达式自身产生的状态,100,历史重启阶段最优路径,重启和可选上界处理后,4,0.018357953429585145,0.018357933618187453,1.6117372317872633e-05
GP 表达式自身产生的状态,100,历史重启阶段最优路径,重启和可选上界处理后,5,0.045084731601899415,0.04508473968039342,3.894207078438765e-05
GP 表达式自身产生的状态,100,历史重启阶段最优路径,重启和可选上界处理后,6,0.01989450510658411,0.01989450726851194,1.743224227992734e-05
GP 表达式自身产生的状态,100,历史重启阶段最优路径,重启和可选上界处理后,7,0.0645100509202451,0.06451007291349577,5.58200287710032e-05
GP 表达式自身产生的状态,100,本轮最优路径,更新前,0,0.02940138889838711,0.0,0.0
GP 表达式自身产生的状态,100,本轮最优路径,更新前,1,0.037200550283456785,0.0,0.0
GP 表达式自身产生的状态,100,本轮最优路径,更新前,2,0.029692153038289554,0.0,0.0
GP 表达式自身产生的状态,100,本轮最优路径,更新前,3,0.04736949437627,0.0,0.0
GP 表达式自身产生的状态,100,本轮最优路径,更新前,4,0.021174020109466462,0.0,0.0
GP 表达式自身产生的状态,100,本轮最优路径,更新前,5,0.052701229592628594,0.0,0.0
GP 表达式自身产生的状态,100,本轮最优路径,更新前,6,0.024801597594891176,0.0,0.0
GP 表达式自身产生的状态,100,本轮最优路径,更新前,7,0.07202988948168318,0.0,0.0
GP 表达式自身产生的状态,100,本轮最优路径,沉积后,0,0.02940138889838711,0.029401365788284846,2.5775901311615718e-05
GP 表达式自身产生的状态,100,本轮最优路径,沉积后,1,0.037200550283456785,0.03720054564039779,3.257528201631312e-05
GP 表达式自身产生的状态,100,本轮最优路径,沉积后,2,0.029692153038289554,0.029692132336350114,2.6360830928701898e-05
GP 表达式自身产生的状态,100,本轮最优路径,沉积后,3,0.04736949437627,0.04736951402405888,4.13235710386375e-05
GP 表达式自身产生的状态,100,本轮最优路径,沉积后,4,0.021174020109466462,0.021174033796696308,1.8587403675093125e-05
GP 表达式自身产生的状态,100,本轮最优路径,沉积后,5,0.052701229592628594,0.05270121541422802,4.537091177113716e-05
GP 表达式自身产生的状态,100,本轮最优路径,沉积后,6,0.024801597594891176,0.024801589614517994,2.173529176804701e-05
GP 表达式自身产生的状态,100,本轮最优路径,沉积后,7,0.07202988948168318,0.07202990139037507,6.230488586160338e-05
GP 表达式自身产生的状态,100,本轮最优路径,蒸发和下界保护后,0,0.02940138889838711,0.0,0.0
GP 表达式自身产生的状态,100,本轮最优路径,蒸发和下界保护后,1,0.037200550283456785,0.0,0.0
GP 表达式自身产生的状态,100,本轮最优路径,蒸发和下界保护后,2,0.029692153038289554,0.0,0.0
GP 表达式自身产生的状态,100,本轮最优路径,蒸发和下界保护后,3,0.04736949437627,0.0,0.0
GP 表达式自身产生的状态,100,本轮最优路径,蒸发和下界保护后,4,0.021174020109466462,0.0,0.0
GP 表达式自身产生的状态,100,本轮最优路径,蒸发和下界保护后,5,0.052701229592628594,0.0,0.0
GP 表达式自身产生的状态,100,本轮最优路径,蒸发和下界保护后,6,0.024801597594891176,0.0,0.0
GP 表达式自身产生的状态,100,本轮最优路径,蒸发和下界保护后,7,0.07202988948168318,0.0,0.0
GP 表达式自身产生的状态,100,本轮最优路径,重启和可选上界处理后,0,0.02940138889838711,0.029401365788284846,2.5775901311615718e-05
GP 表达式自身产生的状态,100,本轮最优路径,重启和可选上界处理后,1,0.037200550283456785,0.03720054564039779,3.257528201631312e-05
GP 表达式自身产生的状态,100,本轮最优路径,重启和可选上界处理后,2,0.029692153038289554,0.029692132336350114,2.6360830928701898e-05
GP 表达式自身产生的状态,100,本轮最优路径,重启和可选上界处理后,3,0.04736949437627,0.04736951402405888,4.13235710386375e-05
GP 表达式自身产生的状态,100,本轮最优路径,重启和可选上界处理后,4,0.021174020109466462,0.021174033796696308,1.8587403675093125e-05
GP 表达式自身产生的状态,100,本轮最优路径,重启和可选上界处理后,5,0.052701229592628594,0.05270121541422802,4.537091177113716e-05
GP 表达式自身产生的状态,100,本轮最优路径,重启和可选上界处理后,6,0.024801597594891176,0.024801589614517994,2.173529176804701e-05
GP 表达式自身产生的状态,100,本轮最优路径,重启和可选上界处理后,7,0.07202988948168318,0.07202990139037507,6.230488586160338e-05
GP 表达式自身产生的状态,250,历史全局最优路径,更新前,0,0.004668308341525974,0.0,0.0
GP 表达式自身产生的状态,250,历史全局最优路径,更新前,1,0.0020681107065492112,0.0,0.0
GP 表达式自身产生的状态,250,历史全局最优路径,更新前,2,0.0015237624197591132,0.0,0.0
GP 表达式自身产生的状态,250,历史全局最优路径,更新前,3,0.00637560323362313,0.0,0.0
GP 表达式自身产生的状态,250,历史全局最优路径,更新前,4,0.0026642976577310497,0.0,0.0
GP 表达式自身产生的状态,250,历史全局最优路径,更新前,5,0.0019997576212289667,0.0,0.0
GP 表达式自身产生的状态,250,历史全局最优路径,更新前,6,0.002163346796861881,0.0,0.0
GP 表达式自身产生的状态,250,历史全局最优路径,更新前,7,0.0037563183107713646,0.0,0.0
GP 表达式自身产生的状态,250,历史全局最优路径,沉积后,0,0.004668308341525974,0.004668314200528929,4.1295334952962075e-06
GP 表达式自身产生的状态,250,历史全局最优路径,沉积后,1,0.0020681107065492112,0.0020680953921031345,1.8291213685145285e-06
GP 表达式自身产生的状态,250,历史全局最优路径,沉积后,2,0.0015237624197591132,0.0015237797481397856,1.369786512417472e-06
GP 表达式自身产生的状态,250,历史全局最优路径,沉积后,3,0.00637560323362313,0.006375606460109663,5.6620547958441225e-06
GP 表达式自身产生的状态,250,历史全局最优路径,沉积后,4,0.0026642976577310497,0.002664300381045712,2.3566908384468554e-06
GP 表达式自身产生的状态,250,历史全局最优路径,沉积后,5,0.0019997576212289667,0.0019997522891286304,1.7808436217786167e-06
GP 表达式自身产生的状态,250,历史全局最优路径,沉积后,6,0.002163346796861881,0.0021633417915420156,1.9085711475837424e-06
GP 表达式自身产生的状态,250,历史全局最优路径,沉积后,7,0.0037563183107713646,0.0037563112092742846,3.3211141986105794e-06
GP 表达式自身产生的状态,250,历史全局最优路径,蒸发和下界保护后,0,0.004668308341525974,0.0,0.0
GP 表达式自身产生的状态,250,历史全局最优路径,蒸发和下界保护后,1,0.0020681107065492112,0.0,0.0
GP 表达式自身产生的状态,250,历史全局最优路径,蒸发和下界保护后,2,0.0015237624197591132,0.0,0.0
GP 表达式自身产生的状态,250,历史全局最优路径,蒸发和下界保护后,3,0.00637560323362313,0.0,0.0
GP 表达式自身产生的状态,250,历史全局最优路径,蒸发和下界保护后,4,0.0026642976577310497,0.0,0.0
GP 表达式自身产生的状态,250,历史全局最优路径,蒸发和下界保护后,5,0.0019997576212289667,0.0,0.0
GP 表达式自身产生的状态,250,历史全局最优路径,蒸发和下界保护后,6,0.002163346796861881,0.0,0.0
GP 表达式自身产生的状态,250,历史全局最优路径,蒸发和下界保护后,7,0.0037563183107713646,0.0,0.0
GP 表达式自身产生的状态,250,历史全局最优路径,重启和可选上界处理后,0,0.004668308341525974,0.004668314200528929,4.1295334952962075e-06
GP 表达式自身产生的状态,250,历史全局最优路径,重启和可选上界处理后,1,0.0020681107065492112,0.0020680953921031345,1.8291213685145285e-06
GP 表达式自身产生的状态,250,历史全局最优路径,重启和可选上界处理后,2,0.0015237624197591132,0.0015237797481397856,1.369786512417472e-06
GP 表达式自身产生的状态,250,历史全局最优路径,重启和可选上界处理后,3,0.00637560323362313,0.006375606460109663,5.6620547958441225e-06
GP 表达式自身产生的状态,250,历史全局最优路径,重启和可选上界处理后,4,0.0026642976577310497,0.002664300381045712,2.3566908384468554e-06
GP 表达式自身产生的状态,250,历史全局最优路径,重启和可选上界处理后,5,0.0019997576212289667,0.0019997522891286304,1.7808436217786167e-06
GP 表达式自身产生的状态,250,历史全局最优路径,重启和可选上界处理后,6,0.002163346796861881,0.0021633417915420156,1.9085711475837424e-06
GP 表达式自身产生的状态,250,历史全局最优路径,重启和可选上界处理后,7,0.0037563183107713646,0.0037563112092742846,3.3211141986105794e-06
GP 表达式自身产生的状态,250,历史重启阶段最优路径,更新前,0,0.004668308341525974,0.0,0.0
GP 表达式自身产生的状态,250,历史重启阶段最优路径,更新前,1,0.0020681107065492112,0.0,0.0
GP 表达式自身产生的状态,250,历史重启阶段最优路径,更新前,2,0.0015237624197591132,0.0,0.0
GP 表达式自身产生的状态,250,历史重启阶段最优路径,更新前,3,0.00637560323362313,0.0,0.0
GP 表达式自身产生的状态,250,历史重启阶段最优路径,更新前,4,0.0026642976577310497,0.0,0.0
GP 表达式自身产生的状态,250,历史重启阶段最优路径,更新前,5,0.0019997576212289667,0.0,0.0
GP 表达式自身产生的状态,250,历史重启阶段最优路径,更新前,6,0.002163346796861881,0.0,0.0
GP 表达式自身产生的状态,250,历史重启阶段最优路径,更新前,7,0.0037563183107713646,0.0,0.0
GP 表达式自身产生的状态,250,历史重启阶段最优路径,沉积后,0,0.004668308341525974,0.004668314200528929,4.1295334952962075e-06
GP 表达式自身产生的状态,250,历史重启阶段最优路径,沉积后,1,0.0020681107065492112,0.0020680953921031345,1.8291213685145285e-06
GP 表达式自身产生的状态,250,历史重启阶段最优路径,沉积后,2,0.0015237624197591132,0.0015237797481397856,1.369786512417472e-06
GP 表达式自身产生的状态,250,历史重启阶段最优路径,沉积后,3,0.00637560323362313,0.006375606460109663,5.6620547958441225e-06
GP 表达式自身产生的状态,250,历史重启阶段最优路径,沉积后,4,0.0026642976577310497,0.002664300381045712,2.3566908384468554e-06
GP 表达式自身产生的状态,250,历史重启阶段最优路径,沉积后,5,0.0019997576212289667,0.0019997522891286304,1.7808436217786167e-06
GP 表达式自身产生的状态,250,历史重启阶段最优路径,沉积后,6,0.002163346796861881,0.0021633417915420156,1.9085711475837424e-06
GP 表达式自身产生的状态,250,历史重启阶段最优路径,沉积后,7,0.0037563183107713646,0.0037563112092742846,3.3211141986105794e-06
GP 表达式自身产生的状态,250,历史重启阶段最优路径,蒸发和下界保护后,0,0.004668308341525974,0.0,0.0
GP 表达式自身产生的状态,250,历史重启阶段最优路径,蒸发和下界保护后,1,0.0020681107065492112,0.0,0.0
GP 表达式自身产生的状态,250,历史重启阶段最优路径,蒸发和下界保护后,2,0.0015237624197591132,0.0,0.0
GP 表达式自身产生的状态,250,历史重启阶段最优路径,蒸发和下界保护后,3,0.00637560323362313,0.0,0.0
GP 表达式自身产生的状态,250,历史重启阶段最优路径,蒸发和下界保护后,4,0.0026642976577310497,0.0,0.0
GP 表达式自身产生的状态,250,历史重启阶段最优路径,蒸发和下界保护后,5,0.0019997576212289667,0.0,0.0
GP 表达式自身产生的状态,250,历史重启阶段最优路径,蒸发和下界保护后,6,0.002163346796861881,0.0,0.0
GP 表达式自身产生的状态,250,历史重启阶段最优路径,蒸发和下界保护后,7,0.0037563183107713646,0.0,0.0
GP 表达式自身产生的状态,250,历史重启阶段最优路径,重启和可选上界处理后,0,0.004668308341525974,0.004668314200528929,4.1295334952962075e-06
GP 表达式自身产生的状态,250,历史重启阶段最优路径,重启和可选上界处理后,1,0.0020681107065492112,0.0020680953921031345,1.8291213685145285e-06
GP 表达式自身产生的状态,250,历史重启阶段最优路径,重启和可选上界处理后,2,0.0015237624197591132,0.0015237797481397856,1.369786512417472e-06
GP 表达式自身产生的状态,250,历史重启阶段最优路径,重启和可选上界处理后,3,0.00637560323362313,0.006375606460109663,5.6620547958441225e-06
GP 表达式自身产生的状态,250,历史重启阶段最优路径,重启和可选上界处理后,4,0.0026642976577310497,0.002664300381045712,2.3566908384468554e-06
GP 表达式自身产生的状态,250,历史重启阶段最优路径,重启和可选上界处理后,5,0.0019997576212289667,0.0019997522891286304,1.7808436217786167e-06
GP 表达式自身产生的状态,250,历史重启阶段最优路径,重启和可选上界处理后,6,0.002163346796861881,0.0021633417915420156,1.9085711475837424e-06
GP 表达式自身产生的状态,250,历史重启阶段最优路径,重启和可选上界处理后,7,0.0037563183107713646,0.0037563112092742846,3.3211141986105794e-06
GP 表达式自身产生的状态,250,本轮最优路径,更新前,0,0.004452573712726341,0.0,0.0
GP 表达式自身产生的状态,250,本轮最优路径,更新前,1,0.0020678367847296536,0.0,0.0
GP 表达式自身产生的状态,250,本轮最优路径,更新前,2,0.0015236464912486288,0.0,0.0
GP 表达式自身产生的状态,250,本轮最优路径,更新前,3,0.005600183306211206,0.0,0.0
GP 表达式自身产生的状态,250,本轮最优路径,更新前,4,0.002665044929027322,0.0,0.0
GP 表达式自身产生的状态,250,本轮最优路径,更新前,5,0.0019999762158164156,0.0,0.0
GP 表达式自身产生的状态,250,本轮最优路径,更新前,6,0.0021630422417690037,0.0,0.0
GP 表达式自身产生的状态,250,本轮最优路径,更新前,7,0.003756940002511621,0.0,0.0
GP 表达式自身产生的状态,250,本轮最优路径,沉积后,0,0.004452573712726341,0.004452576537531141,3.937180282000104e-06
GP 表达式自身产生的状态,250,本轮最优路径,沉积后,1,0.0020678367847296536,0.002067831770144552,1.8288886167722952e-06
GP 表达式自身产生的状态,250,本轮最优路径,沉积后,2,0.0015236464912486288,0.00152365962018808,1.3696522540443735e-06
GP 表达式自身产生的状态,250,本轮最优路径,沉积后,3,0.005600183306211206,0.005600191395146596,4.980062205441687e-06
GP 表达式自身产生的状态,250,本轮最优路径,沉积后,4,0.002665044929027322,0.0026650411231038747,2.3573463405445247e-06
GP 表达式自身产生的状态,250,本轮最优路径,沉积后,5,0.0019999762158164156,0.001999967905086213,1.7810373228089936e-06
GP 表达式自身产生的状态,250,本轮最优路径,沉积后,6,0.0021630422417690037,0.0021630196972523383,1.9082857591064662e-06
GP 表达式自身产生的状态,250,本轮最优路径,沉积后,7,0.003756940002511621,0.003756934733888017,3.3216691045947595e-06
GP 表达式自身产生的状态,250,本轮最优路径,蒸发和下界保护后,0,0.004452573712726341,0.0,0.0
GP 表达式自身产生的状态,250,本轮最优路径,蒸发和下界保护后,1,0.0020678367847296536,0.0,0.0
GP 表达式自身产生的状态,250,本轮最优路径,蒸发和下界保护后,2,0.0015236464912486288,0.0,0.0
GP 表达式自身产生的状态,250,本轮最优路径,蒸发和下界保护后,3,0.005600183306211206,0.0,0.0
GP 表达式自身产生的状态,250,本轮最优路径,蒸发和下界保护后,4,0.002665044929027322,0.0,0.0
GP 表达式自身产生的状态,250,本轮最优路径,蒸发和下界保护后,5,0.0019999762158164156,0.0,0.0
GP 表达式自身产生的状态,250,本轮最优路径,蒸发和下界保护后,6,0.0021630422417690037,0.0,0.0
GP 表达式自身产生的状态,250,本轮最优路径,蒸发和下界保护后,7,0.003756940002511621,0.0,0.0
GP 表达式自身产生的状态,250,本轮最优路径,重启和可选上界处理后,0,0.004452573712726341,0.004452576537531141,3.937180282000104e-06
GP 表达式自身产生的状态,250,本轮最优路径,重启和可选上界处理后,1,0.0020678367847296536,0.002067831770144552,1.8288886167722952e-06
GP 表达式自身产生的状态,250,本轮最优路径,重启和可选上界处理后,2,0.0015236464912486288,0.00152365962018808,1.3696522540443735e-06
GP 表达式自身产生的状态,250,本轮最优路径,重启和可选上界处理后,3,0.005600183306211206,0.005600191395146596,4.980062205441687e-06
GP 表达式自身产生的状态,250,本轮最优路径,重启和可选上界处理后,4,0.002665044929027322,0.0026650411231038747,2.3573463405445247e-06
GP 表达式自身产生的状态,250,本轮最优路径,重启和可选上界处理后,5,0.0019999762158164156,0.001999967905086213,1.7810373228089936e-06
GP 表达式自身产生的状态,250,本轮最优路径,重启和可选上界处理后,6,0.0021630422417690037,0.0021630196972523383,1.9082857591064662e-06
GP 表达式自身产生的状态,250,本轮最优路径,重启和可选上界处理后,7,0.003756940002511621,0.003756934733888017,3.3216691045947595e-06
GP 表达式自身产生的状态,500,历史全局最优路径,更新前,0,0.001402358371413436,0.0,0.0
GP 表达式自身产生的状态,500,历史全局最优路径,更新前,1,0.001800218644703253,0.0,0.0
GP 表达式自身产生的状态,500,历史全局最优路径,更新前,2,0.0014738083179202353,0.0,0.0
GP 表达式自身产生的状态,500,历史全局最优路径,更新前,3,0.0016106559415844375,0.0,0.0
GP 表达式自身产生的状态,500,历史全局最优路径,更新前,4,0.014360674558049732,0.0,0.0
GP 表达式自身产生的状态,500,历史全局最优路径,更新前,5,0.0013684433691914253,0.0,0.0
GP 表达式自身产生的状态,500,历史全局最优路径,更新前,6,0.002327226790506082,0.0,0.0
GP 表达式自身产生的状态,500,历史全局最优路径,更新前,7,0.0016924287832502055,0.0,0.0
GP 表达式自身产生的状态,500,历史全局最优路径,沉积后,0,0.001402358371413436,0.0014023472618147409,1.2402910895812719e-06
GP 表达式自身产生的状态,500,历史全局最优路径,沉积后,1,0.001800218644703253,0.0018001911361521378,1.5921328184926818e-06
GP 表达式自身产生的状态,500,历史全局最优路径,沉积后,2,0.0014738083179202353,0.0014738022434476739,1.3223991355737252e-06
GP 表达式自身产生的状态,500,历史全局最优路径,沉积后,3,0.0016106559415844375,0.001610674920036359,1.4256927975494582e-06
GP 表达式自身产生的状态,500,历史全局最优路径,沉积后,4,0.014360674558049732,0.014360668115360254,1.2012039557916395e-05
GP 表达式自身产生的状态,500,历史全局最优路径,沉积后,5,0.0013684433691914253,0.001368429108810976,1.2063636473416045e-06
GP 表达式自身产生的状态,500,历史全局最优路径,沉积后,6,0.002327226790506082,0.0023272291090229787,2.0553895994690736e-06
GP 表达式自身产生的状态,500,历史全局最优路径,沉积后,7,0.0016924287832502055,0.0016924194264738234,1.4972383667942449e-06
GP 表达式自身产生的状态,500,历史全局最优路径,蒸发和下界保护后,0,0.001402358371413436,0.0,0.0
GP 表达式自身产生的状态,500,历史全局最优路径,蒸发和下界保护后,1,0.001800218644703253,0.0,0.0
GP 表达式自身产生的状态,500,历史全局最优路径,蒸发和下界保护后,2,0.0014738083179202353,0.0,0.0
GP 表达式自身产生的状态,500,历史全局最优路径,蒸发和下界保护后,3,0.0016106559415844375,0.0,0.0
GP 表达式自身产生的状态,500,历史全局最优路径,蒸发和下界保护后,4,0.014360674558049732,0.0,0.0
GP 表达式自身产生的状态,500,历史全局最优路径,蒸发和下界保护后,5,0.0013684433691914253,0.0,0.0
GP 表达式自身产生的状态,500,历史全局最优路径,蒸发和下界保护后,6,0.002327226790506082,0.0,0.0
GP 表达式自身产生的状态,500,历史全局最优路径,蒸发和下界保护后,7,0.0016924287832502055,0.0,0.0
GP 表达式自身产生的状态,500,历史全局最优路径,重启和可选上界处理后,0,0.001402358371413436,0.0013201615783271687,1.167519578000819e-06
GP 表达式自身产生的状态,500,历史全局最优路径,重启和可选上界处理后,1,0.001800218644703253,0.00169897922412313,1.5029343776010462e-06
GP 表达式自身产生的状态,500,历史全局最优路径,重启和可选上界处理后,2,0.0014738083179202353,0.0009539015565802685,8.54619216756149e-07
GP 表达式自身产生的状态,500,历史全局最优路径,重启和可选上界处理后,3,0.0016106559415844375,0.0015363231876730687,1.3604329007704028e-06
GP 表达式自身产生的状态,500,历史全局最优路径,重启和可选上界处理后,4,0.014360674558049732,0.013846573687737626,1.1556088923492409e-05
GP 表达式自身产生的状态,500,历史全局最优路径,重启和可选上界处理后,5,0.0013684433691914253,0.0009562806151927104,8.352409489999022e-07
GP 表达式自身产生的状态,500,历史全局最优路径,重启和可选上界处理后,6,0.002327226790506082,0.0009514009813857175,8.432786134574398e-07
GP 表达式自身产生的状态,500,历史全局最优路径,重启和可选上界处理后,7,0.0016924287832502055,0.0016924194264738234,1.4972383667942449e-06
GP 表达式自身产生的状态,500,历史重启阶段最优路径,更新前,0,0.001402358371413436,0.0,0.0
GP 表达式自身产生的状态,500,历史重启阶段最优路径,更新前,1,0.001800218644703253,0.0,0.0
GP 表达式自身产生的状态,500,历史重启阶段最优路径,更新前,2,0.0014738083179202353,0.0,0.0
GP 表达式自身产生的状态,500,历史重启阶段最优路径,更新前,3,0.0016106559415844375,0.0,0.0
GP 表达式自身产生的状态,500,历史重启阶段最优路径,更新前,4,0.0032613256537385076,0.0,0.0
GP 表达式自身产生的状态,500,历史重启阶段最优路径,更新前,5,0.0013684433691914253,0.0,0.0
GP 表达式自身产生的状态,500,历史重启阶段最优路径,更新前,6,0.002327226790506082,0.0,0.0
GP 表达式自身产生的状态,500,历史重启阶段最优路径,更新前,7,0.0016924287832502055,0.0,0.0
GP 表达式自身产生的状态,500,历史重启阶段最优路径,沉积后,0,0.001402358371413436,0.0014023472618147409,1.2402910895812719e-06
GP 表达式自身产生的状态,500,历史重启阶段最优路径,沉积后,1,0.001800218644703253,0.0018001911361521378,1.5921328184926818e-06
GP 表达式自身产生的状态,500,历史重启阶段最优路径,沉积后,2,0.0014738083179202353,0.0014738022434476739,1.3223991355737252e-06
GP 表达式自身产生的状态,500,历史重启阶段最优路径,沉积后,3,0.0016106559415844375,0.001610674920036359,1.4256927975494582e-06
GP 表达式自身产生的状态,500,历史重启阶段最优路径,沉积后,4,0.0032613256537385076,0.0032613141523470035,2.7969157722078508e-06
GP 表达式自身产生的状态,500,历史重启阶段最优路径,沉积后,5,0.0013684433691914253,0.001368429108810976,1.2063636473416045e-06
GP 表达式自身产生的状态,500,历史重启阶段最优路径,沉积后,6,0.002327226790506082,0.0023272291090229787,2.0553895994690736e-06
GP 表达式自身产生的状态,500,历史重启阶段最优路径,沉积后,7,0.0016924287832502055,0.0016924194264738234,1.4972383667942449e-06
GP 表达式自身产生的状态,500,历史重启阶段最优路径,蒸发和下界保护后,0,0.001402358371413436,0.0,0.0
GP 表达式自身产生的状态,500,历史重启阶段最优路径,蒸发和下界保护后,1,0.001800218644703253,0.0,0.0
GP 表达式自身产生的状态,500,历史重启阶段最优路径,蒸发和下界保护后,2,0.0014738083179202353,0.0,0.0
GP 表达式自身产生的状态,500,历史重启阶段最优路径,蒸发和下界保护后,3,0.0016106559415844375,0.0,0.0
GP 表达式自身产生的状态,500,历史重启阶段最优路径,蒸发和下界保护后,4,0.0032613256537385076,0.0,0.0
GP 表达式自身产生的状态,500,历史重启阶段最优路径,蒸发和下界保护后,5,0.0013684433691914253,0.0,0.0
GP 表达式自身产生的状态,500,历史重启阶段最优路径,蒸发和下界保护后,6,0.002327226790506082,0.0,0.0
GP 表达式自身产生的状态,500,历史重启阶段最优路径,蒸发和下界保护后,7,0.0016924287832502055,0.0,0.0
GP 表达式自身产生的状态,500,历史重启阶段最优路径,重启和可选上界处理后,0,0.001402358371413436,0.0013201615783271687,1.167519578000819e-06
GP 表达式自身产生的状态,500,历史重启阶段最优路径,重启和可选上界处理后,1,0.001800218644703253,0.00169897922412313,1.5029343776010462e-06
GP 表达式自身产生的状态,500,历史重启阶段最优路径,重启和可选上界处理后,2,0.0014738083179202353,0.0009539015565802685,8.54619216756149e-07
GP 表达式自身产生的状态,500,历史重启阶段最优路径,重启和可选上界处理后,3,0.0016106559415844375,0.0015363231876730687,1.3604329007704028e-06
GP 表达式自身产生的状态,500,历史重启阶段最优路径,重启和可选上界处理后,4,0.0032613256537385076,0.0027472197247243747,2.340965137783863e-06
GP 表达式自身产生的状态,500,历史重启阶段最优路径,重启和可选上界处理后,5,0.0013684433691914253,0.0009562806151927104,8.352409489999022e-07
GP 表达式自身产生的状态,500,历史重启阶段最优路径,重启和可选上界处理后,6,0.002327226790506082,0.0009514009813857175,8.432786134574398e-07
GP 表达式自身产生的状态,500,历史重启阶段最优路径,重启和可选上界处理后,7,0.0016924287832502055,0.0016924194264738234,1.4972383667942449e-06
GP 表达式自身产生的状态,500,本轮最优路径,更新前,0,0.0014023922052724988,0.0,0.0
GP 表达式自身产生的状态,500,本轮最优路径,更新前,1,0.0017992896504812378,0.0,0.0
GP 表达式自身产生的状态,500,本轮最优路径,更新前,2,0.0014734808939456277,0.0,0.0
GP 表达式自身产生的状态,500,本轮最优路径,更新前,3,0.0016149383700237861,0.0,0.0
GP 表达式自身产生的状态,500,本轮最优路径,更新前,4,0.0032611226900965645,0.0,0.0
GP 表达式自身产生的状态,500,本轮最优路径,更新前,5,0.0013711083060698815,0.0,0.0
GP 表达式自身产生的状态,500,本轮最优路径,更新前,6,0.002321269134397383,0.0,0.0
GP 表达式自身产生的状态,500,本轮最优路径,更新前,7,0.0016926290801910666,0.0,0.0
GP 表达式自身产生的状态,500,本轮最优路径,沉积后,0,0.0014023922052724988,0.001402379650438909,1.2403187949491633e-06
GP 表达式自身产生的状态,500,本轮最优路径,沉积后,1,0.0017992896504812378,0.0017992777307955414,1.59130302939907e-06
GP 表达式自身产生的状态,500,本轮最优路径,沉积后,2,0.0014734808939456277,0.0014734611827673253,1.322090519627115e-06
GP 表达式自身产生的状态,500,本轮最优路径,沉积后,3,0.0016149383700237861,0.0016149479275672052,1.429442824315737e-06
GP 表达式自身产生的状态,500,本轮最优路径,沉积后,4,0.0032611226900965645,0.003261109122651779,2.7967444999673044e-06
GP 表达式自身产生的状态,500,本轮最优路径,沉积后,5,0.0013711083060698815,0.001371084085339553,1.2086843056736422e-06
GP 表达式自身产生的状态,500,本轮最优路径,沉积后,6,0.002321269134397383,0.002321269615391592,2.0503373277729947e-06
GP 表达式自身产生的状态,500,本轮最优路径,沉积后,7,0.0016926290801910666,0.0016926294853876556,1.4974237429545843e-06
GP 表达式自身产生的状态,500,本轮最优路径,蒸发和下界保护后,0,0.0014023922052724988,0.0,0.0
GP 表达式自身产生的状态,500,本轮最优路径,蒸发和下界保护后,1,0.0017992896504812378,0.0,0.0
GP 表达式自身产生的状态,500,本轮最优路径,蒸发和下界保护后,2,0.0014734808939456277,0.0,0.0
GP 表达式自身产生的状态,500,本轮最优路径,蒸发和下界保护后,3,0.0016149383700237861,0.0,0.0
GP 表达式自身产生的状态,500,本轮最优路径,蒸发和下界保护后,4,0.0032611226900965645,0.0,0.0
GP 表达式自身产生的状态,500,本轮最优路径,蒸发和下界保护后,5,0.0013711083060698815,0.0,0.0
GP 表达式自身产生的状态,500,本轮最优路径,蒸发和下界保护后,6,0.002321269134397383,0.0,0.0
GP 表达式自身产生的状态,500,本轮最优路径,蒸发和下界保护后,7,0.0016926290801910666,0.0,0.0
GP 表达式自身产生的状态,500,本轮最优路径,重启和可选上界处理后,0,0.0014023922052724988,0.0013201907730923555,1.16754435398164e-06
GP 表达式自身产生的状态,500,本轮最优路径,重启和可选上界处理后,1,0.0017992896504812378,0.001696725956197873,1.5009255660838254e-06
GP 表达式自身产生的状态,500,本轮最优路径,重启和可选上界处理后,2,0.0014734808939456277,0.0009536077814495156,8.543528887699574e-07
GP 表达式自身产生的状态,500,本轮最优路径,重启和可选上界处理后,3,0.0016149383700237861,0.0015405961952039149,1.364182927536682e-06
GP 表达式自身产生的状态,500,本轮最优路径,重启和可选上界处理后,4,0.0032611226900965645,0.0027469868167528575,2.3407691402768967e-06
GP 表达式自身产生的状态,500,本轮最优路径,重启和可选上界处理后,5,0.0013711083060698815,0.0009562824269886607,8.352433848944767e-07
GP 表达式自身产生的状态,500,本轮最优路径,重启和可选上界处理后,6,0.002321269134397383,0.0009651189781457405,8.554868840798914e-07
GP 表达式自身产生的状态,500,本轮最优路径,重启和可选上界处理后,7,0.0016926290801910666,0.0016926294853876556,1.4974237429545843e-06
GP 表达式自身产生的状态,1000,历史全局最优路径,更新前,0,0.03990045723779485,0.0,0.0
GP 表达式自身产生的状态,1000,历史全局最优路径,更新前,1,0.030435169863795006,0.0,0.0
GP 表达式自身产生的状态,1000,历史全局最优路径,更新前,2,0.023495354782095898,0.0,0.0
GP 表达式自身产生的状态,1000,历史全局最优路径,更新前,3,0.01489698410532121,0.0,0.0
GP 表达式自身产生的状态,1000,历史全局最优路径,更新前,4,0.00994354193165771,0.0,0.0
GP 表达式自身产生的状态,1000,历史全局最优路径,更新前,5,0.008736496707815391,0.0,0.0
GP 表达式自身产生的状态,1000,历史全局最优路径,更新前,6,0.008224318011840027,0.0,0.0
GP 表达式自身产生的状态,1000,历史全局最优路径,更新前,7,0.04436407016935468,0.0,0.0
GP 表达式自身产生的状态,1000,历史全局最优路径,沉积后,0,0.03990045723779485,0.03990045897622107,3.3030599585310215e-05
GP 表达式自身产生的状态,1000,历史全局最优路径,沉积后,1,0.030435169863795006,0.030435178841103763,2.5302599047951695e-05
GP 表达式自身产生的状态,1000,历史全局最优路径,沉积后,2,0.023495354782095898,0.023495353529023114,1.9514074837604575e-05
GP 表达式自身产生的状态,1000,历史全局最优路径,沉积后,3,0.01489698410532121,0.014896993365940525,1.2331640364257703e-05
GP 表达式自身产生的状态,1000,历史全局最优路径,沉积后,4,0.00994354193165771,0.00994353766412932,8.258740861619074e-06
GP 表达式自身产生的状态,1000,历史全局最优路径,沉积后,5,0.008736496707815391,0.008736495518556655,7.233137139445514e-06
GP 表达式自身产生的状态,1000,历史全局最优路径,沉积后,6,0.008224318011840027,0.008224331298429706,6.829608207812603e-06
GP 表达式自身产生的状态,1000,历史全局最优路径,沉积后,7,0.04436407016935468,0.04436409165847328,3.651345015849899e-05
GP 表达式自身产生的状态,1000,历史全局最优路径,蒸发和下界保护后,0,0.03990045723779485,0.0,0.0
GP 表达式自身产生的状态,1000,历史全局最优路径,蒸发和下界保护后,1,0.030435169863795006,0.0,0.0
GP 表达式自身产生的状态,1000,历史全局最优路径,蒸发和下界保护后,2,0.023495354782095898,0.0,0.0
GP 表达式自身产生的状态,1000,历史全局最优路径,蒸发和下界保护后,3,0.01489698410532121,0.0,0.0
GP 表达式自身产生的状态,1000,历史全局最优路径,蒸发和下界保护后,4,0.00994354193165771,0.0,0.0
GP 表达式自身产生的状态,1000,历史全局最优路径,蒸发和下界保护后,5,0.008736496707815391,0.0,0.0
GP 表达式自身产生的状态,1000,历史全局最优路径,蒸发和下界保护后,6,0.008224318011840027,0.0,0.0
GP 表达式自身产生的状态,1000,历史全局最优路径,蒸发和下界保护后,7,0.04436407016935468,0.0,0.0
GP 表达式自身产生的状态,1000,历史全局最优路径,重启和可选上界处理后,0,0.03990045723779485,0.039826613701048806,3.2969176209371275e-05
GP 表达式自身产生的状态,1000,历史全局最优路径,重启和可选上界处理后,1,0.030435169863795006,0.030435178841103763,2.5302599047951695e-05
GP 表达式自身产生的状态,1000,历史全局最优路径,重启和可选上界处理后,2,0.023495354782095898,0.023040779129269454,1.9136025874962188e-05
GP 表达式自身产生的状态,1000,历史全局最优路径,重启和可选上界处理后,3,0.01489698410532121,0.014896993365940525,1.2331640364257703e-05
GP 表达式自身产生的状态,1000,历史全局最优路径,重启和可选上界处理后,4,0.00994354193165771,0.009511150939483359,7.899196358788441e-06
GP 表达式自身产生的状态,1000,历史全局最优路径,重启和可选上界处理后,5,0.008736496707815391,0.008658374836366904,7.168163237251786e-06
GP 表达式自身产生的状态,1000,历史全局最优路径,重启和可选上界处理后,6,0.008224318011840027,0.008117010537831234,6.740321992295697e-06
GP 表达式自身产生的状态,1000,历史全局最优路径,重启和可选上界处理后,7,0.04436407016935468,0.044311059017271615,3.646629403193439e-05
GP 表达式自身产生的状态,1000,历史重启阶段最优路径,更新前,0,0.006150646371060456,0.0,0.0
GP 表达式自身产生的状态,1000,历史重启阶段最优路径,更新前,1,0.0036090973022723915,0.0,0.0
GP 表达式自身产生的状态,1000,历史重启阶段最优路径,更新前,2,0.005707963580837838,0.0,0.0
GP 表达式自身产生的状态,1000,历史重启阶段最优路径,更新前,3,0.0042031841729472125,0.0,0.0
GP 表达式自身产生的状态,1000,历史重启阶段最优路径,更新前,4,0.003047401010695774,0.0,0.0
GP 表达式自身产生的状态,1000,历史重启阶段最优路径,更新前,5,0.0013995476996071557,0.0,0.0
GP 表达式自身产生的状态,1000,历史重启阶段最优路径,更新前,6,0.002165703404595074,0.0,0.0
GP 表达式自身产生的状态,1000,历史重启阶段最优路径,更新前,7,0.012493188294904355,0.0,0.0
GP 表达式自身产生的状态,1000,历史重启阶段最优路径,沉积后,0,0.006150646371060456,0.0061506329818861736,5.075753877353772e-06
GP 表达式自身产生的状态,1000,历史重启阶段最优路径,沉积后,1,0.0036090973022723915,0.003609099623329203,3.04071957014258e-06
GP 表达式自身产生的状态,1000,历史重启阶段最优路径,沉积后,2,0.005707963580837838,0.005707972624646861,4.739649612879457e-06
GP 表达式自身产生的状态,1000,历史重启阶段最优路径,沉积后,3,0.0042031841729472125,0.004203187747537845,3.4892951273514196e-06
GP 表达式自身产生的状态,1000,历史重启阶段最优路径,沉积后,4,0.003047401010695774,0.0030473861951648596,2.5337994922520885e-06
GP 表达式自身产生的状态,1000,历史重启阶段最优路径,沉积后,5,0.0013995476996071557,0.0013995459767829803,1.1647987843272263e-06
GP 表达式自身产生的状态,1000,历史重启阶段最优路径,沉积后,6,0.002165703404595074,0.0021657045051507676,1.805050313957929e-06
GP 表达式自身产生的状态,1000,历史重启阶段最优路径,沉积后,7,0.012493188294904355,0.012493205843627252,1.0218776906656788e-05
GP 表达式自身产生的状态,1000,历史重启阶段最优路径,蒸发和下界保护后,0,0.006150646371060456,0.0,0.0
GP 表达式自身产生的状态,1000,历史重启阶段最优路径,蒸发和下界保护后,1,0.0036090973022723915,0.0,0.0
GP 表达式自身产生的状态,1000,历史重启阶段最优路径,蒸发和下界保护后,2,0.005707963580837838,0.0,0.0
GP 表达式自身产生的状态,1000,历史重启阶段最优路径,蒸发和下界保护后,3,0.0042031841729472125,0.0,0.0
GP 表达式自身产生的状态,1000,历史重启阶段最优路径,蒸发和下界保护后,4,0.003047401010695774,0.0,0.0
GP 表达式自身产生的状态,1000,历史重启阶段最优路径,蒸发和下界保护后,5,0.0013995476996071557,0.0,0.0
GP 表达式自身产生的状态,1000,历史重启阶段最优路径,蒸发和下界保护后,6,0.002165703404595074,0.0,0.0
GP 表达式自身产生的状态,1000,历史重启阶段最优路径,蒸发和下界保护后,7,0.012493188294904355,0.0,0.0
GP 表达式自身产生的状态,1000,历史重启阶段最优路径,重启和可选上界处理后,0,0.006150646371060456,0.006076787706713903,5.0143305014148395e-06
GP 表达式自身产生的状态,1000,历史重启阶段最优路径,重启和可选上界处理后,1,0.0036090973022723915,0.003609099623329203,3.04071957014258e-06
GP 表达式自身产生的状态,1000,历史重启阶段最优路径,重启和可选上界处理后,2,0.005707963580837838,0.0052533982248932016,4.3616006502370705e-06
GP 表达式自身产生的状态,1000,历史重启阶段最优路径,重启和可选上界处理后,3,0.0042031841729472125,0.004203187747537845,3.4892951273514196e-06
GP 表达式自身产生的状态,1000,历史重启阶段最优路径,重启和可选上界处理后,4,0.003047401010695774,0.0026149869733605594,2.1742445976024545e-06
GP 表达式自身产生的状态,1000,历史重启阶段最优路径,重启和可选上界处理后,5,0.0013995476996071557,0.0013214252945932313,1.0998248821334971e-06
GP 表达式自身产生的状态,1000,历史重启阶段最优路径,重启和可选上界处理后,6,0.002165703404595074,0.002058383744552296,1.7157640984410227e-06
GP 表达式自身产生的状态,1000,历史重启阶段最优路径,重启和可选上界处理后,7,0.012493188294904355,0.01244017320242559,1.0171620780092195e-05
GP 表达式自身产生的状态,1000,本轮最优路径,更新前,0,0.006151121853694822,0.0,0.0
GP 表达式自身产生的状态,1000,本轮最优路径,更新前,1,0.003609679756443636,0.0,0.0
GP 表达式自身产生的状态,1000,本轮最优路径,更新前,2,0.005708060208227791,0.0,0.0
GP 表达式自身产生的状态,1000,本轮最优路径,更新前,3,0.004183565023667065,0.0,0.0
GP 表达式自身产生的状态,1000,本轮最优路径,更新前,4,0.00239861287207097,0.0,0.0
GP 表达式自身产生的状态,1000,本轮最优路径,更新前,5,0.0013995238251922509,0.0,0.0
GP 表达式自身产生的状态,1000,本轮最优路径,更新前,6,0.0021788555568070097,0.0,0.0
GP 表达式自身产生的状态,1000,本轮最优路径,更新前,7,0.018775444147850637,0.0,0.0
GP 表达式自身产生的状态,1000,本轮最优路径,沉积后,0,0.006151121853694822,0.0061511014403846445,5.0761486742047894e-06
GP 表达式自身产生的状态,1000,本轮最优路径,沉积后,1,0.003609679756443636,0.0036096966995951035,3.041214481568384e-06
GP 表达式自身产生的状态,1000,本轮最优路径,沉积后,2,0.005708060208227791,0.005708059632926278,4.739721120764338e-06
GP 表达式自身产生的状态,1000,本轮最优路径,沉积后,3,0.004183565023667065,0.004183595946025603,3.471142570433866e-06
GP 表达式自身产生的状态,1000,本轮最优路径,沉积后,4,0.00239861287207097,0.00239859052205955,1.9951983998907303e-06
GP 表达式自身产生的状态,1000,本轮最优路径,沉积后,5,0.0013995238251922509,0.00139952683697959,1.164782849437446e-06
GP 表达式自身产生的状态,1000,本轮最优路径,沉积后,6,0.0021788555568070097,0.002178852073419177,1.8159732512993875e-06
GP 表达式自身产生的状态,1000,本轮最优路径,沉积后,7,0.018775444147850637,0.01877543739353875,1.5334456319707002e-05
GP 表达式自身产生的状态,1000,本轮最优路径,蒸发和下界保护后,0,0.006151121853694822,0.0,0.0
GP 表达式自身产生的状态,1000,本轮最优路径,蒸发和下界保护后,1,0.003609679756443636,0.0,0.0
GP 表达式自身产生的状态,1000,本轮最优路径,蒸发和下界保护后,2,0.005708060208227791,0.0,0.0
GP 表达式自身产生的状态,1000,本轮最优路径,蒸发和下界保护后,3,0.004183565023667065,0.0,0.0
GP 表达式自身产生的状态,1000,本轮最优路径,蒸发和下界保护后,4,0.00239861287207097,0.0,0.0
GP 表达式自身产生的状态,1000,本轮最优路径,蒸发和下界保护后,5,0.0013995238251922509,0.0,0.0
GP 表达式自身产生的状态,1000,本轮最优路径,蒸发和下界保护后,6,0.0021788555568070097,0.0,0.0
GP 表达式自身产生的状态,1000,本轮最优路径,蒸发和下界保护后,7,0.018775444147850637,0.0,0.0
GP 表达式自身产生的状态,1000,本轮最优路径,重启和可选上界处理后,0,0.006151121853694822,0.006077282284543444,5.014747023927896e-06
GP 表达式自身产生的状态,1000,本轮最优路径,重启和可选上界处理后,1,0.003609679756443636,0.0036096966995951035,3.041214481568384e-06
GP 表达式自身产生的状态,1000,本轮最优路径,重启和可选上界处理后,2,0.005708060208227791,0.005253496094488072,4.3616811909866314e-06
GP 表达式自身产生的状态,1000,本轮最优路径,重启和可选上界处理后,3,0.004183565023667065,0.004183595946025603,3.471142570433866e-06
GP 表达式自身产生的状态,1000,本轮最优路径,重启和可选上界处理后,4,0.00239861287207097,0.001966203797413588,1.635653897060098e-06
GP 表达式自身产生的状态,1000,本轮最优路径,重启和可选上界处理后,5,0.0013995238251922509,0.0013214025187309587,1.0998059194747584e-06
GP 表达式自身产生的状态,1000,本轮最优路径,重启和可选上界处理后,6,0.0021788555568070097,0.002073390358671972,1.72823368125542e-06
GP 表达式自身产生的状态,1000,本轮最优路径,重启和可选上界处理后,7,0.018775444147850637,0.01872244054229374,1.5287332017235788e-05
GP 表达式自身产生的状态,2500,历史全局最优路径,更新前,0,0.03945051645916222,0.0,0.0
GP 表达式自身产生的状态,2500,历史全局最优路径,更新前,1,0.017692878600862254,0.0,0.0
GP 表达式自身产生的状态,2500,历史全局最优路径,更新前,2,0.053947629254932836,0.0,0.0
GP 表达式自身产生的状态,2500,历史全局最优路径,更新前,3,0.03741337116747115,0.0,0.0
GP 表达式自身产生的状态,2500,历史全局最优路径,更新前,4,0.052552432500640484,0.0,0.0
GP 表达式自身产生的状态,2500,历史全局最优路径,更新前,5,0.08218689976276056,0.0,0.0
GP 表达式自身产生的状态,2500,历史全局最优路径,更新前,6,0.033082792318851875,0.0,0.0
GP 表达式自身产生的状态,2500,历史全局最优路径,更新前,7,0.05442256299086371,0.0,0.0
GP 表达式自身产生的状态,2500,历史全局最优路径,沉积后,0,0.03945051645916222,0.039450540664201256,3.2699432516136255e-05
GP 表达式自身产生的状态,2500,历史全局最优路径,沉积后,1,0.017692878600862254,0.017692864264101285,1.4657362367805054e-05
GP 表达式自身产生的状态,2500,历史全局最优路径,沉积后,2,0.053947629254932836,0.05394761619969024,4.449930704942591e-05
GP 表达式自身产生的状态,2500,历史全局最优路径,沉积后,3,0.03741337116747115,0.037413384626230256,3.085879240387115e-05
GP 表达式自身产生的状态,2500,历史全局最优路径,沉积后,4,0.052552432500640484,0.05255243721276728,4.348771606683372e-05
GP 表达式自身产生的状态,2500,历史全局最优路径,沉积后,5,0.08218689976276056,0.0821869120221795,6.741113473446806e-05
GP 表达式自身产生的状态,2500,历史全局最优路径,沉积后,6,0.033082792318851875,0.03308279324370379,2.7291418426304527e-05
GP 表达式自身产生的状态,2500,历史全局最优路径,沉积后,7,0.05442256299086371,0.05442259465242589,4.46105385393125e-05
GP 表达式自身产生的状态,2500,历史全局最优路径,蒸发和下界保护后,0,0.03945051645916222,0.0,0.0
GP 表达式自身产生的状态,2500,历史全局最优路径,蒸发和下界保护后,1,0.017692878600862254,0.0,0.0
GP 表达式自身产生的状态,2500,历史全局最优路径,蒸发和下界保护后,2,0.053947629254932836,0.0,0.0
GP 表达式自身产生的状态,2500,历史全局最优路径,蒸发和下界保护后,3,0.03741337116747115,0.0,0.0
GP 表达式自身产生的状态,2500,历史全局最优路径,蒸发和下界保护后,4,0.052552432500640484,0.0,0.0
GP 表达式自身产生的状态,2500,历史全局最优路径,蒸发和下界保护后,5,0.08218689976276056,0.0,0.0
GP 表达式自身产生的状态,2500,历史全局最优路径,蒸发和下界保护后,6,0.033082792318851875,0.0,0.0
GP 表达式自身产生的状态,2500,历史全局最优路径,蒸发和下界保护后,7,0.05442256299086371,0.0,0.0
GP 表达式自身产生的状态,2500,历史全局最优路径,重启和可选上界处理后,0,0.03945051645916222,0.03861691663580245,3.2005068704068655e-05
GP 表达式自身产生的状态,2500,历史全局最优路径,重启和可选上界处理后,1,0.017692878600862254,0.016902028565165268,1.3999644826931027e-05
GP 表达式自身产生的状态,2500,历史全局最优路径,重启和可选上界处理后,2,0.053947629254932836,0.05359653852935963,4.420737255723582e-05
GP 表达式自身产生的状态,2500,历史全局最优路径,重启和可选上界处理后,3,0.03741337116747115,0.03626601129406946,2.99047120896795e-05
GP 表达式自身产生的状态,2500,历史全局最优路径,重启和可选上界处理后,4,0.052552432500640484,0.05186010282938585,4.291191790642894e-05
GP 表达式自身产生的状态,2500,历史全局最优路径,重启和可选上界处理后,5,0.08218689976276056,0.0821869120221795,6.741113473446806e-05
GP 表达式自身产生的状态,2500,历史全局最优路径,重启和可选上界处理后,6,0.033082792318851875,0.03308279324370379,2.7291418426304527e-05
GP 表达式自身产生的状态,2500,历史全局最优路径,重启和可选上界处理后,7,0.05442256299086371,0.05418430225165911,4.44124173029634e-05
GP 表达式自身产生的状态,2500,历史重启阶段最优路径,更新前,0,0.0028198262481449487,0.0,0.0
GP 表达式自身产生的状态,2500,历史重启阶段最优路径,更新前,1,0.002198978827354701,0.0,0.0
GP 表达式自身产生的状态,2500,历史重启阶段最优路径,更新前,2,0.01376861156242914,0.0,0.0
GP 表达式自身产生的状态,2500,历史重启阶段最优路径,更新前,3,0.011308823442829992,0.0,0.0
GP 表达式自身产生的状态,2500,历史重启阶段最优路径,更新前,4,0.007692041515400265,0.0,0.0
GP 表达式自身产生的状态,2500,历史重启阶段最优路径,更新前,5,0.02422626971056639,0.0,0.0
GP 表达式自身产生的状态,2500,历史重启阶段最优路径,更新前,6,0.01252281976728949,0.0,0.0
GP 表达式自身产生的状态,2500,历史重启阶段最优路径,更新前,7,0.01714613107494725,0.0,0.0
GP 表达式自身产生的状态,2500,历史重启阶段最优路径,沉积后,0,0.0028198262481449487,0.0028198270968141817,2.343956101841739e-06
GP 表达式自身产生的状态,2500,历史重启阶段最优路径,沉积后,1,0.002198978827354701,0.0021989701079757787,1.8281567972597596e-06
GP 表达式自身产生的状态,2500,历史重启阶段最优路径,沉积后,2,0.01376861156242914,0.013768609939732652,1.1355800771139568e-05
GP 表达式自身产生的状态,2500,历史重启阶段最优路径,沉积后,3,0.011308823442829992,0.011308820371285713,9.329804559253033e-06
GP 表达式自身产生的状态,2500,历史重启阶段最优路径,沉积后,4,0.007692041515400265,0.007692015886647573,6.3747587183254986e-06
GP 表达式自身产生的状态,2500,历史重启阶段最优路径,沉积后,5,0.02422626971056639,0.02422628966233741,1.9686989487611975e-05
GP 表达式自身产生的状态,2500,历史重启阶段最优路径,沉积后,6,0.01252281976728949,0.012522797474717857,1.031120069533185e-05
GP 表达式自身产生的状态,2500,历史重启阶段最优路径,沉积后,7,0.01714613107494725,0.01714614372104077,1.3975992069927612e-05
GP 表达式自身产生的状态,2500,历史重启阶段最优路径,蒸发和下界保护后,0,0.0028198262481449487,0.0,0.0
GP 表达式自身产生的状态,2500,历史重启阶段最优路径,蒸发和下界保护后,1,0.002198978827354701,0.0,0.0
GP 表达式自身产生的状态,2500,历史重启阶段最优路径,蒸发和下界保护后,2,0.01376861156242914,0.0,0.0
GP 表达式自身产生的状态,2500,历史重启阶段最优路径,蒸发和下界保护后,3,0.011308823442829992,0.0,0.0
GP 表达式自身产生的状态,2500,历史重启阶段最优路径,蒸发和下界保护后,4,0.007692041515400265,0.0,0.0
GP 表达式自身产生的状态,2500,历史重启阶段最优路径,蒸发和下界保护后,5,0.02422626971056639,0.0,0.0
GP 表达式自身产生的状态,2500,历史重启阶段最优路径,蒸发和下界保护后,6,0.01252281976728949,0.0,0.0
GP 表达式自身产生的状态,2500,历史重启阶段最优路径,蒸发和下界保护后,7,0.01714613107494725,0.0,0.0
GP 表达式自身产生的状态,2500,历史重启阶段最优路径,重启和可选上界处理后,0,0.0028198262481449487,0.00198592205038352,1.6493586113344632e-06
GP 表达式自身产生的状态,2500,历史重启阶段最优路径,重启和可选上界处理后,1,0.002198978827354701,0.0014081344090397642,1.1704392563857326e-06
GP 表达式自身产生的状态,2500,历史重启阶段最优路径,重启和可选上界处理后,2,0.01376861156242914,0.01341751784795897,1.106385428696874e-05
GP 表达式自身产生的状态,2500,历史重启阶段最优路径,重启和可选上界处理后,3,0.011308823442829992,0.010160279261561635,8.374753196445529e-06
GP 表达式自身产生的状态,2500,历史重启阶段最优路径,重启和可选上界处理后,4,0.007692041515400265,0.006999681503266135,5.798960557920718e-06
GP 表达式自身产生的状态,2500,历史重启阶段最优路径,重启和可选上界处理后,5,0.02422626971056639,0.02422628966233741,1.9686989487611975e-05
GP 表达式自身产生的状态,2500,历史重启阶段最优路径,重启和可选上界处理后,6,0.01252281976728949,0.012522797474717857,1.031120069533185e-05
GP 表达式自身产生的状态,2500,历史重启阶段最优路径,重启和可选上界处理后,7,0.01714613107494725,0.016907219220876332,1.3777345293050344e-05
GP 表达式自身产生的状态,2500,本轮最优路径,更新前,0,0.0028192405379908487,0.0,0.0
GP 表达式自身产生的状态,2500,本轮最优路径,更新前,1,0.0022009629323174657,0.0,0.0
GP 表达式自身产生的状态,2500,本轮最优路径,更新前,2,0.014812067167045577,0.0,0.0
GP 表达式自身产生的状态,2500,本轮最优路径,更新前,3,0.011520279864699758,0.0,0.0
GP 表达式自身产生的状态,2500,本轮最优路径,更新前,4,0.009689072168123099,0.0,0.0
GP 表达式自身产生的状态,2500,本轮最优路径,更新前,5,0.0285800949638349,0.0,0.0
GP 表达式自身产生的状态,2500,本轮最优路径,更新前,6,0.012458015300920049,0.0,0.0
GP 表达式自身产生的状态,2500,本轮最优路径,更新前,7,0.02099989821627585,0.0,0.0
GP 表达式自身产生的状态,2500,本轮最优路径,沉积后,0,0.0028192405379908487,0.002819242498695874,2.3434701306655997e-06
GP 表达式自身产生的状态,2500,本轮最优路径,沉积后,1,0.0022009629323174657,0.002200963436605802,1.8298161899279314e-06
GP 表达式自身产生的状态,2500,本轮最优路径,沉积后,2,0.014812067167045577,0.014812049884426269,1.2215996887701991e-05
GP 表达式自身产生的状态,2500,本轮最优路径,沉积后,3,0.011520279864699758,0.011520288790669006,9.5047021514572e-06
GP 表达式自身产生的状态,2500,本轮最优路径,沉积后,4,0.009689072168123099,0.00968904704897974,8.03640182734864e-06
GP 表达式自身产生的状态,2500,本轮最优路径,沉积后,5,0.0285800949638349,0.028580111634870484,2.3177243379466484e-05
GP 表达式自身产生的状态,2500,本轮最优路径,沉积后,6,0.012458015300920049,0.012458007279010416,1.02571042508174e-05
GP 表达式自身产生的状态,2500,本轮最优路径,沉积后,7,0.02099989821627585,0.020999918676116315,1.7087194320704118e-05
GP 表达式自身产生的状态,2500,本轮最优路径,蒸发和下界保护后,0,0.0028192405379908487,0.0,0.0
GP 表达式自身产生的状态,2500,本轮最优路径,蒸发和下界保护后,1,0.0022009629323174657,0.0,0.0
GP 表达式自身产生的状态,2500,本轮最优路径,蒸发和下界保护后,2,0.014812067167045577,0.0,0.0
GP 表达式自身产生的状态,2500,本轮最优路径,蒸发和下界保护后,3,0.011520279864699758,0.0,0.0
GP 表达式自身产生的状态,2500,本轮最优路径,蒸发和下界保护后,4,0.009689072168123099,0.0,0.0
GP 表达式自身产生的状态,2500,本轮最优路径,蒸发和下界保护后,5,0.0285800949638349,0.0,0.0
GP 表达式自身产生的状态,2500,本轮最优路径,蒸发和下界保护后,6,0.012458015300920049,0.0,0.0
GP 表达式自身产生的状态,2500,本轮最优路径,蒸发和下界保护后,7,0.02099989821627585,0.0,0.0
GP 表达式自身产生的状态,2500,本轮最优路径,重启和可选上界处理后,0,0.0028192405379908487,0.0019858268972576,1.6492796991461966e-06
GP 表达式自身产生的状态,2500,本轮最优路径,重启和可选上界处理后,1,0.0022009629323174657,0.001410189969790125,1.1721504033599574e-06
GP 表达式自身产生的状态,2500,本轮最优路径,重启和可选上界处理后,2,0.014812067167045577,0.014460978828441733,1.1924067895593292e-05
GP 表达式自身产生的状态,2500,本轮最优路径,重启和可选上界处理后,3,0.011520279864699758,0.010372824735383417,8.550546398511302e-06
GP 表达式自身产生的状态,2500,本轮最优路径,重启和可选上界处理后,4,0.009689072168123099,0.008996663311589726,7.460562626086829e-06
GP 表达式自身产生的状态,2500,本轮最优路径,重启和可选上界处理后,5,0.0285800949638349,0.028580111634870484,2.3177243379466484e-05
GP 表达式自身产生的状态,2500,本轮最优路径,重启和可选上界处理后,6,0.012458015300920049,0.012458007279010416,1.02571042508174e-05
GP 表达式自身产生的状态,2500,本轮最优路径,重启和可选上界处理后,7,0.02099989821627585,0.020761537739898715,1.6888999474147896e-05
不使用 GP 产生的状态,1,历史全局最优路径,更新前,0,0.20517976294834595,0.0,0.0
不使用 GP 产生的状态,1,历史全局最优路径,更新前,1,0.21577169221049644,0.0,0.0
不使用 GP 产生的状态,1,历史全局最优路径,更新前,2,0.20869720821539486,0.0,0.0
不使用 GP 产生的状态,1,历史全局最优路径,更新前,3,0.21194867535955064,0.0,0.0
不使用 GP 产生的状态,1,历史全局最优路径,更新前,4,0.21456171671258212,0.0,0.0
不使用 GP 产生的状态,1,历史全局最优路径,更新前,5,0.21106592341900188,0.0,0.0
不使用 GP 产生的状态,1,历史全局最优路径,更新前,6,0.21000319558302985,0.0,0.0
不使用 GP 产生的状态,1,历史全局最优路径,更新前,7,0.20637189109554063,0.0,0.0
不使用 GP 产生的状态,1,历史全局最优路径,沉积后,0,0.20517976294834595,0.2051797929914032,0.0001659588103717942
不使用 GP 产生的状态,1,历史全局最优路径,沉积后,1,0.21577169221049644,0.21577171427844294,0.00017375954355784826
不使用 GP 产生的状态,1,历史全局最优路径,沉积后,2,0.20869720821539486,0.20869722700915488,0.00016924233017501895
不使用 GP 产生的状态,1,历史全局最优路径,沉积后,3,0.21194867535955064,0.21194867011257784,0.00017146429065874216
不使用 GP 产生的状态,1,历史全局最优路径,沉积后,4,0.21456171671258212,0.21456171110818004,0.00017206658568377116
不使用 GP 产生的状态,1,历史全局最优路径,沉积后,5,0.21106592341900188,0.21106594460300074,0.00016924271976495673
不使用 GP 产生的状态,1,历史全局最优路径,沉积后,6,0.21000319558302985,0.21000315740452322,0.00016749210021836452
不使用 GP 产生的状态,1,历史全局最优路径,沉积后,7,0.20637189109554063,0.20637187979009566,0.00016594345634992955
不使用 GP 产生的状态,1,历史全局最优路径,蒸发和下界保护后,0,0.20517976294834595,0.0,0.0
不使用 GP 产生的状态,1,历史全局最优路径,蒸发和下界保护后,1,0.21577169221049644,0.0,0.0
不使用 GP 产生的状态,1,历史全局最优路径,蒸发和下界保护后,2,0.20869720821539486,0.0,0.0
不使用 GP 产生的状态,1,历史全局最优路径,蒸发和下界保护后,3,0.21194867535955064,0.0,0.0
不使用 GP 产生的状态,1,历史全局最优路径,蒸发和下界保护后,4,0.21456171671258212,0.0,0.0
不使用 GP 产生的状态,1,历史全局最优路径,蒸发和下界保护后,5,0.21106592341900188,0.0,0.0
不使用 GP 产生的状态,1,历史全局最优路径,蒸发和下界保护后,6,0.21000319558302985,0.0,0.0
不使用 GP 产生的状态,1,历史全局最优路径,蒸发和下界保护后,7,0.20637189109554063,0.0,0.0
不使用 GP 产生的状态,1,历史全局最优路径,重启和可选上界处理后,0,0.20517976294834595,0.2051797929914032,0.0001659588103717942
不使用 GP 产生的状态,1,历史全局最优路径,重启和可选上界处理后,1,0.21577169221049644,0.21577171427844294,0.00017375954355784826
不使用 GP 产生的状态,1,历史全局最优路径,重启和可选上界处理后,2,0.20869720821539486,0.20869722700915488,0.00016924233017501895
不使用 GP 产生的状态,1,历史全局最优路径,重启和可选上界处理后,3,0.21194867535955064,0.21194867011257784,0.00017146429065874216
不使用 GP 产生的状态,1,历史全局最优路径,重启和可选上界处理后,4,0.21456171671258212,0.21456171110818004,0.00017206658568377116
不使用 GP 产生的状态,1,历史全局最优路径,重启和可选上界处理后,5,0.21106592341900188,0.21106594460300074,0.00016924271976495673
不使用 GP 产生的状态,1,历史全局最优路径,重启和可选上界处理后,6,0.21000319558302985,0.21000315740452322,0.00016749210021836452
不使用 GP 产生的状态,1,历史全局最优路径,重启和可选上界处理后,7,0.20637189109554063,0.20637187979009566,0.00016594345634992955
不使用 GP 产生的状态,1,历史重启阶段最优路径,更新前,0,0.20517976294834595,0.0,0.0
不使用 GP 产生的状态,1,历史重启阶段最优路径,更新前,1,0.21577169221049644,0.0,0.0
不使用 GP 产生的状态,1,历史重启阶段最优路径,更新前,2,0.20869720821539486,0.0,0.0
不使用 GP 产生的状态,1,历史重启阶段最优路径,更新前,3,0.21194867535955064,0.0,0.0
不使用 GP 产生的状态,1,历史重启阶段最优路径,更新前,4,0.21456171671258212,0.0,0.0
不使用 GP 产生的状态,1,历史重启阶段最优路径,更新前,5,0.21106592341900188,0.0,0.0
不使用 GP 产生的状态,1,历史重启阶段最优路径,更新前,6,0.21000319558302985,0.0,0.0
不使用 GP 产生的状态,1,历史重启阶段最优路径,更新前,7,0.20637189109554063,0.0,0.0
不使用 GP 产生的状态,1,历史重启阶段最优路径,沉积后,0,0.20517976294834595,0.2051797929914032,0.0001659588103717942
不使用 GP 产生的状态,1,历史重启阶段最优路径,沉积后,1,0.21577169221049644,0.21577171427844294,0.00017375954355784826
不使用 GP 产生的状态,1,历史重启阶段最优路径,沉积后,2,0.20869720821539486,0.20869722700915488,0.00016924233017501895
不使用 GP 产生的状态,1,历史重启阶段最优路径,沉积后,3,0.21194867535955064,0.21194867011257784,0.00017146429065874216
不使用 GP 产生的状态,1,历史重启阶段最优路径,沉积后,4,0.21456171671258212,0.21456171110818004,0.00017206658568377116
不使用 GP 产生的状态,1,历史重启阶段最优路径,沉积后,5,0.21106592341900188,0.21106594460300074,0.00016924271976495673
不使用 GP 产生的状态,1,历史重启阶段最优路径,沉积后,6,0.21000319558302985,0.21000315740452322,0.00016749210021836452
不使用 GP 产生的状态,1,历史重启阶段最优路径,沉积后,7,0.20637189109554063,0.20637187979009566,0.00016594345634992955
不使用 GP 产生的状态,1,历史重启阶段最优路径,蒸发和下界保护后,0,0.20517976294834595,0.0,0.0
不使用 GP 产生的状态,1,历史重启阶段最优路径,蒸发和下界保护后,1,0.21577169221049644,0.0,0.0
不使用 GP 产生的状态,1,历史重启阶段最优路径,蒸发和下界保护后,2,0.20869720821539486,0.0,0.0
不使用 GP 产生的状态,1,历史重启阶段最优路径,蒸发和下界保护后,3,0.21194867535955064,0.0,0.0
不使用 GP 产生的状态,1,历史重启阶段最优路径,蒸发和下界保护后,4,0.21456171671258212,0.0,0.0
不使用 GP 产生的状态,1,历史重启阶段最优路径,蒸发和下界保护后,5,0.21106592341900188,0.0,0.0
不使用 GP 产生的状态,1,历史重启阶段最优路径,蒸发和下界保护后,6,0.21000319558302985,0.0,0.0
不使用 GP 产生的状态,1,历史重启阶段最优路径,蒸发和下界保护后,7,0.20637189109554063,0.0,0.0
不使用 GP 产生的状态,1,历史重启阶段最优路径,重启和可选上界处理后,0,0.20517976294834595,0.2051797929914032,0.0001659588103717942
不使用 GP 产生的状态,1,历史重启阶段最优路径,重启和可选上界处理后,1,0.21577169221049644,0.21577171427844294,0.00017375954355784826
不使用 GP 产生的状态,1,历史重启阶段最优路径,重启和可选上界处理后,2,0.20869720821539486,0.20869722700915488,0.00016924233017501895
不使用 GP 产生的状态,1,历史重启阶段最优路径,重启和可选上界处理后,3,0.21194867535955064,0.21194867011257784,0.00017146429065874216
不使用 GP 产生的状态,1,历史重启阶段最优路径,重启和可选上界处理后,4,0.21456171671258212,0.21456171110818004,0.00017206658568377116
不使用 GP 产生的状态,1,历史重启阶段最优路径,重启和可选上界处理后,5,0.21106592341900188,0.21106594460300074,0.00016924271976495673
不使用 GP 产生的状态,1,历史重启阶段最优路径,重启和可选上界处理后,6,0.21000319558302985,0.21000315740452322,0.00016749210021836452
不使用 GP 产生的状态,1,历史重启阶段最优路径,重启和可选上界处理后,7,0.20637189109554063,0.20637187979009566,0.00016594345634992955
不使用 GP 产生的状态,1,本轮最优路径,更新前,0,0.20517976294834595,0.0,0.0
不使用 GP 产生的状态,1,本轮最优路径,更新前,1,0.21577169221049644,0.0,0.0
不使用 GP 产生的状态,1,本轮最优路径,更新前,2,0.20869720821539486,0.0,0.0
不使用 GP 产生的状态,1,本轮最优路径,更新前,3,0.21194867535955064,0.0,0.0
不使用 GP 产生的状态,1,本轮最优路径,更新前,4,0.21456171671258212,0.0,0.0
不使用 GP 产生的状态,1,本轮最优路径,更新前,5,0.21106592341900188,0.0,0.0
不使用 GP 产生的状态,1,本轮最优路径,更新前,6,0.21000319558302985,0.0,0.0
不使用 GP 产生的状态,1,本轮最优路径,更新前,7,0.20637189109554063,0.0,0.0
不使用 GP 产生的状态,1,本轮最优路径,沉积后,0,0.20517976294834595,0.2051797929914032,0.0001659588103717942
不使用 GP 产生的状态,1,本轮最优路径,沉积后,1,0.21577169221049644,0.21577171427844294,0.00017375954355784826
不使用 GP 产生的状态,1,本轮最优路径,沉积后,2,0.20869720821539486,0.20869722700915488,0.00016924233017501895
不使用 GP 产生的状态,1,本轮最优路径,沉积后,3,0.21194867535955064,0.21194867011257784,0.00017146429065874216
不使用 GP 产生的状态,1,本轮最优路径,沉积后,4,0.21456171671258212,0.21456171110818004,0.00017206658568377116
不使用 GP 产生的状态,1,本轮最优路径,沉积后,5,0.21106592341900188,0.21106594460300074,0.00016924271976495673
不使用 GP 产生的状态,1,本轮最优路径,沉积后,6,0.21000319558302985,0.21000315740452322,0.00016749210021836452
不使用 GP 产生的状态,1,本轮最优路径,沉积后,7,0.20637189109554063,0.20637187979009566,0.00016594345634992955
不使用 GP 产生的状态,1,本轮最优路径,蒸发和下界保护后,0,0.20517976294834595,0.0,0.0
不使用 GP 产生的状态,1,本轮最优路径,蒸发和下界保护后,1,0.21577169221049644,0.0,0.0
不使用 GP 产生的状态,1,本轮最优路径,蒸发和下界保护后,2,0.20869720821539486,0.0,0.0
不使用 GP 产生的状态,1,本轮最优路径,蒸发和下界保护后,3,0.21194867535955064,0.0,0.0
不使用 GP 产生的状态,1,本轮最优路径,蒸发和下界保护后,4,0.21456171671258212,0.0,0.0
不使用 GP 产生的状态,1,本轮最优路径,蒸发和下界保护后,5,0.21106592341900188,0.0,0.0
不使用 GP 产生的状态,1,本轮最优路径,蒸发和下界保护后,6,0.21000319558302985,0.0,0.0
不使用 GP 产生的状态,1,本轮最优路径,蒸发和下界保护后,7,0.20637189109554063,0.0,0.0
不使用 GP 产生的状态,1,本轮最优路径,重启和可选上界处理后,0,0.20517976294834595,0.2051797929914032,0.0001659588103717942
不使用 GP 产生的状态,1,本轮最优路径,重启和可选上界处理后,1,0.21577169221049644,0.21577171427844294,0.00017375954355784826
不使用 GP 产生的状态,1,本轮最优路径,重启和可选上界处理后,2,0.20869720821539486,0.20869722700915488,0.00016924233017501895
不使用 GP 产生的状态,1,本轮最优路径,重启和可选上界处理后,3,0.21194867535955064,0.21194867011257784,0.00017146429065874216
不使用 GP 产生的状态,1,本轮最优路径,重启和可选上界处理后,4,0.21456171671258212,0.21456171110818004,0.00017206658568377116
不使用 GP 产生的状态,1,本轮最优路径,重启和可选上界处理后,5,0.21106592341900188,0.21106594460300074,0.00016924271976495673
不使用 GP 产生的状态,1,本轮最优路径,重启和可选上界处理后,6,0.21000319558302985,0.21000315740452322,0.00016749210021836452
不使用 GP 产生的状态,1,本轮最优路径,重启和可选上界处理后,7,0.20637189109554063,0.20637187979009566,0.00016594345634992955
不使用 GP 产生的状态,100,历史全局最优路径,更新前,0,0.07074663830165429,0.0,0.0
不使用 GP 产生的状态,100,历史全局最优路径,更新前,1,0.09182820043564795,0.0,0.0
不使用 GP 产生的状态,100,历史全局最优路径,更新前,2,0.07151374594059581,0.0,0.0
不使用 GP 产生的状态,100,历史全局最优路径,更新前,3,0.08743687670885875,0.0,0.0
不使用 GP 产生的状态,100,历史全局最优路径,更新前,4,0.061518998360954695,0.0,0.0
不使用 GP 产生的状态,100,历史全局最优路径,更新前,5,0.09199061982626884,0.0,0.0
不使用 GP 产生的状态,100,历史全局最优路径,更新前,6,0.09179864078688367,0.0,0.0
不使用 GP 产生的状态,100,历史全局最优路径,更新前,7,0.0833156857559554,0.0,0.0
不使用 GP 产生的状态,100,历史全局最优路径,沉积后,0,0.07074663830165429,0.0707466971076586,6.09626622058981e-05
不使用 GP 产生的状态,100,历史全局最优路径,沉积后,1,0.09182820043564795,0.09182820781750284,7.910355245465226e-05
不使用 GP 产生的状态,100,历史全局最优路径,沉积后,2,0.07151374594059581,0.0715138377156292,6.255586755304015e-05
不使用 GP 产生的状态,100,历史全局最优路径,沉积后,3,0.08743687670885875,0.08743691791773125,7.528254203119165e-05
不使用 GP 产生的状态,100,历史全局最优路径,沉积后,4,0.061518998360954695,0.061519047064163015,5.309436785464334e-05
不使用 GP 产生的状态,100,历史全局最优路径,沉积后,5,0.09199061982626884,0.09199057831817949,7.873085635479399e-05
不使用 GP 产生的状态,100,历史全局最优路径,沉积后,6,0.09179864078688367,0.09179863389996591,7.930731035890011e-05
不使用 GP 产生的状态,100,历史全局最优路径,沉积后,7,0.0833156857559554,0.08331563281424187,7.130783313769834e-05
不使用 GP 产生的状态,100,历史全局最优路径,蒸发和下界保护后,0,0.07074663830165429,0.0,0.0
不使用 GP 产生的状态,100,历史全局最优路径,蒸发和下界保护后,1,0.09182820043564795,0.0,0.0
不使用 GP 产生的状态,100,历史全局最优路径,蒸发和下界保护后,2,0.07151374594059581,0.0,0.0
不使用 GP 产生的状态,100,历史全局最优路径,蒸发和下界保护后,3,0.08743687670885875,0.0,0.0
不使用 GP 产生的状态,100,历史全局最优路径,蒸发和下界保护后,4,0.061518998360954695,0.0,0.0
不使用 GP 产生的状态,100,历史全局最优路径,蒸发和下界保护后,5,0.09199061982626884,0.0,0.0
不使用 GP 产生的状态,100,历史全局最优路径,蒸发和下界保护后,6,0.09179864078688367,0.0,0.0
不使用 GP 产生的状态,100,历史全局最优路径,蒸发和下界保护后,7,0.0833156857559554,0.0,0.0
不使用 GP 产生的状态,100,历史全局最优路径,重启和可选上界处理后,0,0.07074663830165429,0.0707466971076586,6.09626622058981e-05
不使用 GP 产生的状态,100,历史全局最优路径,重启和可选上界处理后,1,0.09182820043564795,0.09182820781750284,7.910355245465226e-05
不使用 GP 产生的状态,100,历史全局最优路径,重启和可选上界处理后,2,0.07151374594059581,0.0715138377156292,6.255586755304015e-05
不使用 GP 产生的状态,100,历史全局最优路径,重启和可选上界处理后,3,0.08743687670885875,0.08743691791773125,7.528254203119165e-05
不使用 GP 产生的状态,100,历史全局最优路径,重启和可选上界处理后,4,0.061518998360954695,0.061519047064163015,5.309436785464334e-05
不使用 GP 产生的状态,100,历史全局最优路径,重启和可选上界处理后,5,0.09199061982626884,0.09199057831817949,7.873085635479399e-05
不使用 GP 产生的状态,100,历史全局最优路径,重启和可选上界处理后,6,0.09179864078688367,0.09179863389996591,7.930731035890011e-05
不使用 GP 产生的状态,100,历史全局最优路径,重启和可选上界处理后,7,0.0833156857559554,0.08331563281424187,7.130783313769834e-05
不使用 GP 产生的状态,100,历史重启阶段最优路径,更新前,0,0.07074663830165429,0.0,0.0
不使用 GP 产生的状态,100,历史重启阶段最优路径,更新前,1,0.09182820043564795,0.0,0.0
不使用 GP 产生的状态,100,历史重启阶段最优路径,更新前,2,0.07151374594059581,0.0,0.0
不使用 GP 产生的状态,100,历史重启阶段最优路径,更新前,3,0.08743687670885875,0.0,0.0
不使用 GP 产生的状态,100,历史重启阶段最优路径,更新前,4,0.061518998360954695,0.0,0.0
不使用 GP 产生的状态,100,历史重启阶段最优路径,更新前,5,0.09199061982626884,0.0,0.0
不使用 GP 产生的状态,100,历史重启阶段最优路径,更新前,6,0.09179864078688367,0.0,0.0
不使用 GP 产生的状态,100,历史重启阶段最优路径,更新前,7,0.0833156857559554,0.0,0.0
不使用 GP 产生的状态,100,历史重启阶段最优路径,沉积后,0,0.07074663830165429,0.0707466971076586,6.09626622058981e-05
不使用 GP 产生的状态,100,历史重启阶段最优路径,沉积后,1,0.09182820043564795,0.09182820781750284,7.910355245465226e-05
不使用 GP 产生的状态,100,历史重启阶段最优路径,沉积后,2,0.07151374594059581,0.0715138377156292,6.255586755304015e-05
不使用 GP 产生的状态,100,历史重启阶段最优路径,沉积后,3,0.08743687670885875,0.08743691791773125,7.528254203119165e-05
不使用 GP 产生的状态,100,历史重启阶段最优路径,沉积后,4,0.061518998360954695,0.061519047064163015,5.309436785464334e-05
不使用 GP 产生的状态,100,历史重启阶段最优路径,沉积后,5,0.09199061982626884,0.09199057831817949,7.873085635479399e-05
不使用 GP 产生的状态,100,历史重启阶段最优路径,沉积后,6,0.09179864078688367,0.09179863389996591,7.930731035890011e-05
不使用 GP 产生的状态,100,历史重启阶段最优路径,沉积后,7,0.0833156857559554,0.08331563281424187,7.130783313769834e-05
不使用 GP 产生的状态,100,历史重启阶段最优路径,蒸发和下界保护后,0,0.07074663830165429,0.0,0.0
不使用 GP 产生的状态,100,历史重启阶段最优路径,蒸发和下界保护后,1,0.09182820043564795,0.0,0.0
不使用 GP 产生的状态,100,历史重启阶段最优路径,蒸发和下界保护后,2,0.07151374594059581,0.0,0.0
不使用 GP 产生的状态,100,历史重启阶段最优路径,蒸发和下界保护后,3,0.08743687670885875,0.0,0.0
不使用 GP 产生的状态,100,历史重启阶段最优路径,蒸发和下界保护后,4,0.061518998360954695,0.0,0.0
不使用 GP 产生的状态,100,历史重启阶段最优路径,蒸发和下界保护后,5,0.09199061982626884,0.0,0.0
不使用 GP 产生的状态,100,历史重启阶段最优路径,蒸发和下界保护后,6,0.09179864078688367,0.0,0.0
不使用 GP 产生的状态,100,历史重启阶段最优路径,蒸发和下界保护后,7,0.0833156857559554,0.0,0.0
不使用 GP 产生的状态,100,历史重启阶段最优路径,重启和可选上界处理后,0,0.07074663830165429,0.0707466971076586,6.09626622058981e-05
不使用 GP 产生的状态,100,历史重启阶段最优路径,重启和可选上界处理后,1,0.09182820043564795,0.09182820781750284,7.910355245465226e-05
不使用 GP 产生的状态,100,历史重启阶段最优路径,重启和可选上界处理后,2,0.07151374594059581,0.0715138377156292,6.255586755304015e-05
不使用 GP 产生的状态,100,历史重启阶段最优路径,重启和可选上界处理后,3,0.08743687670885875,0.08743691791773125,7.528254203119165e-05
不使用 GP 产生的状态,100,历史重启阶段最优路径,重启和可选上界处理后,4,0.061518998360954695,0.061519047064163015,5.309436785464334e-05
不使用 GP 产生的状态,100,历史重启阶段最优路径,重启和可选上界处理后,5,0.09199061982626884,0.09199057831817949,7.873085635479399e-05
不使用 GP 产生的状态,100,历史重启阶段最优路径,重启和可选上界处理后,6,0.09179864078688367,0.09179863389996591,7.930731035890011e-05
不使用 GP 产生的状态,100,历史重启阶段最优路径,重启和可选上界处理后,7,0.0833156857559554,0.08331563281424187,7.130783313769834e-05
不使用 GP 产生的状态,100,本轮最优路径,更新前,0,0.09319518536661715,0.0,0.0
不使用 GP 产生的状态,100,本轮最优路径,更新前,1,0.12505736475508566,0.0,0.0
不使用 GP 产生的状态,100,本轮最优路径,更新前,2,0.0904841355276585,0.0,0.0
不使用 GP 产生的状态,100,本轮最优路径,更新前,3,0.11845252688782389,0.0,0.0
不使用 GP 产生的状态,100,本轮最优路径,更新前,4,0.08254373969487216,0.0,0.0
不使用 GP 产生的状态,100,本轮最优路径,更新前,5,0.11891649017801297,0.0,0.0
不使用 GP 产生的状态,100,本轮最优路径,更新前,6,0.09882931122887885,0.0,0.0
不使用 GP 产生的状态,100,本轮最优路径,更新前,7,0.11323596532891303,0.0,0.0
不使用 GP 产生的状态,100,本轮最优路径,沉积后,0,0.09319518536661715,0.09319524650598024,8.025737077124918e-05
不使用 GP 产生的状态,100,本轮最优路径,沉积后,1,0.12505736475508566,0.12505732515351717,0.00010776802353492293
不使用 GP 产生的状态,100,本轮最优路径,沉积后,2,0.0904841355276585,0.09048422243299382,7.91672668503224e-05
不使用 GP 产生的状态,100,本轮最优路径,沉积后,3,0.11845252688782389,0.11845252335871523,0.00010195647802554279
不使用 GP 产生的状态,100,本轮最优路径,沉积后,4,0.08254373969487216,0.08254373594866138,7.121780699668784e-05
不使用 GP 产生的状态,100,本轮最优路径,沉积后,5,0.11891649017801297,0.1189164825060691,0.00010170801314749249
不使用 GP 产生的状态,100,本轮最优路径,沉积后,6,0.09882931122887885,0.09882929999726218,8.540407411432672e-05
不使用 GP 产生的状态,100,本轮最优路径,沉积后,7,0.11323596532891303,0.11323591730371402,9.694440979917648e-05
不使用 GP 产生的状态,100,本轮最优路径,蒸发和下界保护后,0,0.09319518536661715,0.0,0.0
不使用 GP 产生的状态,100,本轮最优路径,蒸发和下界保护后,1,0.12505736475508566,0.0,0.0
不使用 GP 产生的状态,100,本轮最优路径,蒸发和下界保护后,2,0.0904841355276585,0.0,0.0
不使用 GP 产生的状态,100,本轮最优路径,蒸发和下界保护后,3,0.11845252688782389,0.0,0.0
不使用 GP 产生的状态,100,本轮最优路径,蒸发和下界保护后,4,0.08254373969487216,0.0,0.0
不使用 GP 产生的状态,100,本轮最优路径,蒸发和下界保护后,5,0.11891649017801297,0.0,0.0
不使用 GP 产生的状态,100,本轮最优路径,蒸发和下界保护后,6,0.09882931122887885,0.0,0.0
不使用 GP 产生的状态,100,本轮最优路径,蒸发和下界保护后,7,0.11323596532891303,0.0,0.0
不使用 GP 产生的状态,100,本轮最优路径,重启和可选上界处理后,0,0.09319518536661715,0.09319524650598024,8.025737077124918e-05
不使用 GP 产生的状态,100,本轮最优路径,重启和可选上界处理后,1,0.12505736475508566,0.12505732515351717,0.00010776802353492293
不使用 GP 产生的状态,100,本轮最优路径,重启和可选上界处理后,2,0.0904841355276585,0.09048422243299382,7.91672668503224e-05
不使用 GP 产生的状态,100,本轮最优路径,重启和可选上界处理后,3,0.11845252688782389,0.11845252335871523,0.00010195647802554279
不使用 GP 产生的状态,100,本轮最优路径,重启和可选上界处理后,4,0.08254373969487216,0.08254373594866138,7.121780699668784e-05
不使用 GP 产生的状态,100,本轮最优路径,重启和可选上界处理后,5,0.11891649017801297,0.1189164825060691,0.00010170801314749249
不使用 GP 产生的状态,100,本轮最优路径,重启和可选上界处理后,6,0.09882931122887885,0.09882929999726218,8.540407411432672e-05
不使用 GP 产生的状态,100,本轮最优路径,重启和可选上界处理后,7,0.11323596532891303,0.11323591730371402,9.694440979917648e-05
不使用 GP 产生的状态,250,历史全局最优路径,更新前,0,0.007185208025945762,0.0,0.0
不使用 GP 产生的状态,250,历史全局最优路径,更新前,1,0.0045005784567860255,0.0,0.0
不使用 GP 产生的状态,250,历史全局最优路径,更新前,2,0.0013069874766589598,0.0,0.0
不使用 GP 产生的状态,250,历史全局最优路径,更新前,3,0.005454038982716423,0.0,0.0
不使用 GP 产生的状态,250,历史全局最优路径,更新前,4,0.008412508653586602,0.0,0.0
不使用 GP 产生的状态,250,历史全局最优路径,更新前,5,0.004857185352943116,0.0,0.0
不使用 GP 产生的状态,250,历史全局最优路径,更新前,6,0.005335624217878163,0.0,0.0
不使用 GP 产生的状态,250,历史全局最优路径,更新前,7,0.0026962335904378225,0.0,0.0
不使用 GP 产生的状态,250,历史全局最优路径,沉积后,0,0.007185208025945762,0.007185258946479393,6.362608280270313e-06
不使用 GP 产生的状态,250,历史全局最优路径,沉积后,1,0.0045005784567860255,0.004500598165080161,3.962393674911456e-06
不使用 GP 产生的状态,250,历史全局最优路径,沉积后,2,0.0013069874766589598,0.00130701390539142,1.1739780866240537e-06
不使用 GP 产生的状态,250,历史全局最优路径,沉积后,3,0.005454038982716423,0.005454031458792926,4.820232162585506e-06
不使用 GP 产生的状态,250,历史全局最优路径,沉积后,4,0.008412508653586602,0.008412483707343654,7.443766697203107e-06
不使用 GP 产生的状态,250,历史全局最优路径,沉积后,5,0.004857185352943116,0.004857187979418056,4.237385441917541e-06
不使用 GP 产生的状态,250,历史全局最优路径,沉积后,6,0.005335624217878163,0.005335701072336641,4.718553279395874e-06
不使用 GP 产生的状态,250,历史全局最优路径,沉积后,7,0.0026962335904378225,0.0026962565318284252,2.384207767521325e-06
不使用 GP 产生的状态,250,历史全局最优路径,蒸发和下界保护后,0,0.007185208025945762,0.0,0.0
不使用 GP 产生的状态,250,历史全局最优路径,蒸发和下界保护后,1,0.0045005784567860255,0.0,0.0
不使用 GP 产生的状态,250,历史全局最优路径,蒸发和下界保护后,2,0.0013069874766589598,0.0,0.0
不使用 GP 产生的状态,250,历史全局最优路径,蒸发和下界保护后,3,0.005454038982716423,0.0,0.0
不使用 GP 产生的状态,250,历史全局最优路径,蒸发和下界保护后,4,0.008412508653586602,0.0,0.0
不使用 GP 产生的状态,250,历史全局最优路径,蒸发和下界保护后,5,0.004857185352943116,0.0,0.0
不使用 GP 产生的状态,250,历史全局最优路径,蒸发和下界保护后,6,0.005335624217878163,0.0,0.0
不使用 GP 产生的状态,250,历史全局最优路径,蒸发和下界保护后,7,0.0026962335904378225,0.0,0.0
不使用 GP 产生的状态,250,历史全局最优路径,重启和可选上界处理后,0,0.007185208025945762,0.007185258946479393,6.362608280270313e-06
不使用 GP 产生的状态,250,历史全局最优路径,重启和可选上界处理后,1,0.0045005784567860255,0.004500598165080161,3.962393674911456e-06
不使用 GP 产生的状态,250,历史全局最优路径,重启和可选上界处理后,2,0.0013069874766589598,0.00130701390539142,1.1739780866240537e-06
不使用 GP 产生的状态,250,历史全局最优路径,重启和可选上界处理后,3,0.005454038982716423,0.005454031458792926,4.820232162585506e-06
不使用 GP 产生的状态,250,历史全局最优路径,重启和可选上界处理后,4,0.008412508653586602,0.008412483707343654,7.443766697203107e-06
不使用 GP 产生的状态,250,历史全局最优路径,重启和可选上界处理后,5,0.004857185352943116,0.004857187979418056,4.237385441917541e-06
不使用 GP 产生的状态,250,历史全局最优路径,重启和可选上界处理后,6,0.005335624217878163,0.005335701072336641,4.718553279395874e-06
不使用 GP 产生的状态,250,历史全局最优路径,重启和可选上界处理后,7,0.0026962335904378225,0.0026962565318284252,2.384207767521325e-06
不使用 GP 产生的状态,250,历史重启阶段最优路径,更新前,0,0.007185208025945762,0.0,0.0
不使用 GP 产生的状态,250,历史重启阶段最优路径,更新前,1,0.0045005784567860255,0.0,0.0
不使用 GP 产生的状态,250,历史重启阶段最优路径,更新前,2,0.0013069874766589598,0.0,0.0
不使用 GP 产生的状态,250,历史重启阶段最优路径,更新前,3,0.005454038982716423,0.0,0.0
不使用 GP 产生的状态,250,历史重启阶段最优路径,更新前,4,0.008412508653586602,0.0,0.0
不使用 GP 产生的状态,250,历史重启阶段最优路径,更新前,5,0.004857185352943116,0.0,0.0
不使用 GP 产生的状态,250,历史重启阶段最优路径,更新前,6,0.005335624217878163,0.0,0.0
不使用 GP 产生的状态,250,历史重启阶段最优路径,更新前,7,0.0026962335904378225,0.0,0.0
不使用 GP 产生的状态,250,历史重启阶段最优路径,沉积后,0,0.007185208025945762,0.007185258946479393,6.362608280270313e-06
不使用 GP 产生的状态,250,历史重启阶段最优路径,沉积后,1,0.0045005784567860255,0.004500598165080161,3.962393674911456e-06
不使用 GP 产生的状态,250,历史重启阶段最优路径,沉积后,2,0.0013069874766589598,0.00130701390539142,1.1739780866240537e-06
不使用 GP 产生的状态,250,历史重启阶段最优路径,沉积后,3,0.005454038982716423,0.005454031458792926,4.820232162585506e-06
不使用 GP 产生的状态,250,历史重启阶段最优路径,沉积后,4,0.008412508653586602,0.008412483707343654,7.443766697203107e-06
不使用 GP 产生的状态,250,历史重启阶段最优路径,沉积后,5,0.004857185352943116,0.004857187979418056,4.237385441917541e-06
不使用 GP 产生的状态,250,历史重启阶段最优路径,沉积后,6,0.005335624217878163,0.005335701072336641,4.718553279395874e-06
不使用 GP 产生的状态,250,历史重启阶段最优路径,沉积后,7,0.0026962335904378225,0.0026962565318284252,2.384207767521325e-06
不使用 GP 产生的状态,250,历史重启阶段最优路径,蒸发和下界保护后,0,0.007185208025945762,0.0,0.0
不使用 GP 产生的状态,250,历史重启阶段最优路径,蒸发和下界保护后,1,0.0045005784567860255,0.0,0.0
不使用 GP 产生的状态,250,历史重启阶段最优路径,蒸发和下界保护后,2,0.0013069874766589598,0.0,0.0
不使用 GP 产生的状态,250,历史重启阶段最优路径,蒸发和下界保护后,3,0.005454038982716423,0.0,0.0
不使用 GP 产生的状态,250,历史重启阶段最优路径,蒸发和下界保护后,4,0.008412508653586602,0.0,0.0
不使用 GP 产生的状态,250,历史重启阶段最优路径,蒸发和下界保护后,5,0.004857185352943116,0.0,0.0
不使用 GP 产生的状态,250,历史重启阶段最优路径,蒸发和下界保护后,6,0.005335624217878163,0.0,0.0
不使用 GP 产生的状态,250,历史重启阶段最优路径,蒸发和下界保护后,7,0.0026962335904378225,0.0,0.0
不使用 GP 产生的状态,250,历史重启阶段最优路径,重启和可选上界处理后,0,0.007185208025945762,0.007185258946479393,6.362608280270313e-06
不使用 GP 产生的状态,250,历史重启阶段最优路径,重启和可选上界处理后,1,0.0045005784567860255,0.004500598165080161,3.962393674911456e-06
不使用 GP 产生的状态,250,历史重启阶段最优路径,重启和可选上界处理后,2,0.0013069874766589598,0.00130701390539142,1.1739780866240537e-06
不使用 GP 产生的状态,250,历史重启阶段最优路径,重启和可选上界处理后,3,0.005454038982716423,0.005454031458792926,4.820232162585506e-06
不使用 GP 产生的状态,250,历史重启阶段最优路径,重启和可选上界处理后,4,0.008412508653586602,0.008412483707343654,7.443766697203107e-06
不使用 GP 产生的状态,250,历史重启阶段最优路径,重启和可选上界处理后,5,0.004857185352943116,0.004857187979418056,4.237385441917541e-06
不使用 GP 产生的状态,250,历史重启阶段最优路径,重启和可选上界处理后,6,0.005335624217878163,0.005335701072336641,4.718553279395874e-06
不使用 GP 产生的状态,250,历史重启阶段最优路径,重启和可选上界处理后,7,0.0026962335904378225,0.0026962565318284252,2.384207767521325e-06
不使用 GP 产生的状态,250,本轮最优路径,更新前,0,0.0071822966260115485,0.0,0.0
不使用 GP 产生的状态,250,本轮最优路径,更新前,1,0.004509179482984535,0.0,0.0
不使用 GP 产生的状态,250,本轮最优路径,更新前,2,0.0013018193971964462,0.0,0.0
不使用 GP 产生的状态,250,本轮最优路径,更新前,3,0.005460708991772073,0.0,0.0
不使用 GP 产生的状态,250,本轮最优路径,更新前,4,0.005588036145382863,0.0,0.0
不使用 GP 产生的状态,250,本轮最优路径,更新前,5,0.00487417550486353,0.0,0.0
不使用 GP 产生的状态,250,本轮最优路径,更新前,6,0.00529643156837744,0.0,0.0
不使用 GP 产生的状态,250,本轮最优路径,更新前,7,0.0026629624027269395,0.0,0.0
不使用 GP 产生的状态,250,本轮最优路径,沉积后,0,0.0071822966260115485,0.00718239178869619,6.360094196507835e-06
不使用 GP 产生的状态,250,本轮最优路径,沉积后,1,0.004509179482984535,0.004509211801184663,3.970027325318997e-06
不使用 GP 产生的状态,250,本轮最优路径,沉积后,2,0.0013018193971964462,0.0013018289147688966,1.1693497129267532e-06
不使用 GP 产生的状态,250,本轮最优路径,沉积后,3,0.005460708991772073,0.005460688413536958,4.826124474710132e-06
不使用 GP 产生的状态,250,本轮最优路径,沉积后,4,0.005588036145382863,0.005587977760852612,4.944822740951783e-06
不使用 GP 产生的状态,250,本轮最优路径,沉积后,5,0.00487417550486353,0.004874203871090327,4.252166691254033e-06
不使用 GP 产生的状态,250,本轮最优路径,沉积后,6,0.00529643156837744,0.005296515773891877,4.683900852449168e-06
不使用 GP 产生的状态,250,本轮最优路径,沉积后,7,0.0026629624027269395,0.0026629605925910043,2.3547455804864597e-06
不使用 GP 产生的状态,250,本轮最优路径,蒸发和下界保护后,0,0.0071822966260115485,0.0,0.0
不使用 GP 产生的状态,250,本轮最优路径,蒸发和下界保护后,1,0.004509179482984535,0.0,0.0
不使用 GP 产生的状态,250,本轮最优路径,蒸发和下界保护后,2,0.0013018193971964462,0.0,0.0
不使用 GP 产生的状态,250,本轮最优路径,蒸发和下界保护后,3,0.005460708991772073,0.0,0.0
不使用 GP 产生的状态,250,本轮最优路径,蒸发和下界保护后,4,0.005588036145382863,0.0,0.0
不使用 GP 产生的状态,250,本轮最优路径,蒸发和下界保护后,5,0.00487417550486353,0.0,0.0
不使用 GP 产生的状态,250,本轮最优路径,蒸发和下界保护后,6,0.00529643156837744,0.0,0.0
不使用 GP 产生的状态,250,本轮最优路径,蒸发和下界保护后,7,0.0026629624027269395,0.0,0.0
不使用 GP 产生的状态,250,本轮最优路径,重启和可选上界处理后,0,0.0071822966260115485,0.00718239178869619,6.360094196507835e-06
不使用 GP 产生的状态,250,本轮最优路径,重启和可选上界处理后,1,0.004509179482984535,0.004509211801184663,3.970027325318997e-06
不使用 GP 产生的状态,250,本轮最优路径,重启和可选上界处理后,2,0.0013018193971964462,0.0013018289147688966,1.1693497129267532e-06
不使用 GP 产生的状态,250,本轮最优路径,重启和可选上界处理后,3,0.005460708991772073,0.005460688413536958,4.826124474710132e-06
不使用 GP 产生的状态,250,本轮最优路径,重启和可选上界处理后,4,0.005588036145382863,0.005587977760852612,4.944822740951783e-06
不使用 GP 产生的状态,250,本轮最优路径,重启和可选上界处理后,5,0.00487417550486353,0.004874203871090327,4.252166691254033e-06
不使用 GP 产生的状态,250,本轮最优路径,重启和可选上界处理后,6,0.00529643156837744,0.005296515773891877,4.683900852449168e-06
不使用 GP 产生的状态,250,本轮最优路径,重启和可选上界处理后,7,0.0026629624027269395,0.0026629605925910043,2.3547455804864597e-06
不使用 GP 产生的状态,500,历史全局最优路径,更新前,0,0.0014078672734822207,0.0,0.0
不使用 GP 产生的状态,500,历史全局最优路径,更新前,1,0.00129711695918623,0.0,0.0
不使用 GP 产生的状态,500,历史全局最优路径,更新前,2,0.001179144996718779,0.0,0.0
不使用 GP 产生的状态,500,历史全局最优路径,更新前,3,0.0012093951381647134,0.0,0.0
不使用 GP 产生的状态,500,历史全局最优路径,更新前,4,0.0011760976461586102,0.0,0.0
不使用 GP 产生的状态,500,历史全局最优路径,更新前,5,0.0012350986119317347,0.0,0.0
不使用 GP 产生的状态,500,历史全局最优路径,更新前,6,0.002326358320524151,0.0,0.0
不使用 GP 产生的状态,500,历史全局最优路径,更新前,7,0.001625362599782415,0.0,0.0
不使用 GP 产生的状态,500,历史全局最优路径,沉积后,0,0.0014078672734822207,0.0014078839986600262,1.246719523092194e-06
不使用 GP 产生的状态,500,历史全局最优路径,沉积后,1,0.00129711695918623,0.0012971467072474545,1.1446189516214702e-06
不使用 GP 产生的状态,500,历史全局最优路径,沉积后,2,0.001179144996718779,0.0011791434830219166,1.0566976005520806e-06
不使用 GP 产生的状态,500,历史全局最优路径,沉积后,3,0.0012093951381647134,0.0012094326271246487,1.0737741797846266e-06
不使用 GP 产生的状态,500,历史全局最优路径,沉积后,4,0.0011760976461586102,0.0011761448946256254,1.041880780039652e-06
不使用 GP 产生的状态,500,历史全局最优路径,沉积后,5,0.0012350986119317347,0.0012351252648891108,1.0887483093595831e-06
不使用 GP 产生的状态,500,历史全局最优路径,沉积后,6,0.002326358320524151,0.002326420803320595,2.056370312349381e-06
不使用 GP 产生的状态,500,历史全局最优路径,沉积后,7,0.001625362599782415,0.0016253210665902454,1.4388473697316737e-06
不使用 GP 产生的状态,500,历史全局最优路径,蒸发和下界保护后,0,0.0014078672734822207,0.0,0.0
不使用 GP 产生的状态,500,历史全局最优路径,蒸发和下界保护后,1,0.00129711695918623,0.0,0.0
不使用 GP 产生的状态,500,历史全局最优路径,蒸发和下界保护后,2,0.001179144996718779,0.0,0.0
不使用 GP 产生的状态,500,历史全局最优路径,蒸发和下界保护后,3,0.0012093951381647134,0.0,0.0
不使用 GP 产生的状态,500,历史全局最优路径,蒸发和下界保护后,4,0.0011760976461586102,0.0,0.0
不使用 GP 产生的状态,500,历史全局最优路径,蒸发和下界保护后,5,0.0012350986119317347,0.0,0.0
不使用 GP 产生的状态,500,历史全局最优路径,蒸发和下界保护后,6,0.002326358320524151,0.0,0.0
不使用 GP 产生的状态,500,历史全局最优路径,蒸发和下界保护后,7,0.001625362599782415,0.0,0.0
不使用 GP 产生的状态,500,历史全局最优路径,重启和可选上界处理后,0,0.0014078672734822207,0.0014078839986600262,1.246719523092194e-06
不使用 GP 产生的状态,500,历史全局最优路径,重启和可选上界处理后,1,0.00129711695918623,0.0012971467072474545,1.1446189516214702e-06
不使用 GP 产生的状态,500,历史全局最优路径,重启和可选上界处理后,2,0.001179144996718779,0.0011791434830219166,1.0566976005520806e-06
不使用 GP 产生的状态,500,历史全局最优路径,重启和可选上界处理后,3,0.0012093951381647134,0.0012094326271246487,1.0737741797846266e-06
不使用 GP 产生的状态,500,历史全局最优路径,重启和可选上界处理后,4,0.0011760976461586102,0.00043538638456255634,3.856522529894061e-07
不使用 GP 产生的状态,500,历史全局最优路径,重启和可选上界处理后,5,0.0012350986119317347,0.0012351252648891108,1.0887483093595831e-06
不使用 GP 产生的状态,500,历史全局最优路径,重启和可选上界处理后,6,0.002326358320524151,0.002326420803320595,2.056370312349381e-06
不使用 GP 产生的状态,500,历史全局最优路径,重启和可选上界处理后,7,0.001625362599782415,0.0016253210665902454,1.4388473697316737e-06
不使用 GP 产生的状态,500,历史重启阶段最优路径,更新前,0,0.0014078672734822207,0.0,0.0
不使用 GP 产生的状态,500,历史重启阶段最优路径,更新前,1,0.00129711695918623,0.0,0.0
不使用 GP 产生的状态,500,历史重启阶段最优路径,更新前,2,0.001179144996718779,0.0,0.0
不使用 GP 产生的状态,500,历史重启阶段最优路径,更新前,3,0.0012093951381647134,0.0,0.0
不使用 GP 产生的状态,500,历史重启阶段最优路径,更新前,4,0.0011760976461586102,0.0,0.0
不使用 GP 产生的状态,500,历史重启阶段最优路径,更新前,5,0.0012350986119317347,0.0,0.0
不使用 GP 产生的状态,500,历史重启阶段最优路径,更新前,6,0.002326358320524151,0.0,0.0
不使用 GP 产生的状态,500,历史重启阶段最优路径,更新前,7,0.001625362599782415,0.0,0.0
不使用 GP 产生的状态,500,历史重启阶段最优路径,沉积后,0,0.0014078672734822207,0.0014078839986600262,1.246719523092194e-06
不使用 GP 产生的状态,500,历史重启阶段最优路径,沉积后,1,0.00129711695918623,0.0012971467072474545,1.1446189516214702e-06
不使用 GP 产生的状态,500,历史重启阶段最优路径,沉积后,2,0.001179144996718779,0.0011791434830219166,1.0566976005520806e-06
不使用 GP 产生的状态,500,历史重启阶段最优路径,沉积后,3,0.0012093951381647134,0.0012094326271246487,1.0737741797846266e-06
不使用 GP 产生的状态,500,历史重启阶段最优路径,沉积后,4,0.0011760976461586102,0.0011761448946256254,1.041880780039652e-06
不使用 GP 产生的状态,500,历史重启阶段最优路径,沉积后,5,0.0012350986119317347,0.0012351252648891108,1.0887483093595831e-06
不使用 GP 产生的状态,500,历史重启阶段最优路径,沉积后,6,0.002326358320524151,0.002326420803320595,2.056370312349381e-06
不使用 GP 产生的状态,500,历史重启阶段最优路径,沉积后,7,0.001625362599782415,0.0016253210665902454,1.4388473697316737e-06
不使用 GP 产生的状态,500,历史重启阶段最优路径,蒸发和下界保护后,0,0.0014078672734822207,0.0,0.0
不使用 GP 产生的状态,500,历史重启阶段最优路径,蒸发和下界保护后,1,0.00129711695918623,0.0,0.0
不使用 GP 产生的状态,500,历史重启阶段最优路径,蒸发和下界保护后,2,0.001179144996718779,0.0,0.0
不使用 GP 产生的状态,500,历史重启阶段最优路径,蒸发和下界保护后,3,0.0012093951381647134,0.0,0.0
不使用 GP 产生的状态,500,历史重启阶段最优路径,蒸发和下界保护后,4,0.0011760976461586102,0.0,0.0
不使用 GP 产生的状态,500,历史重启阶段最优路径,蒸发和下界保护后,5,0.0012350986119317347,0.0,0.0
不使用 GP 产生的状态,500,历史重启阶段最优路径,蒸发和下界保护后,6,0.002326358320524151,0.0,0.0
不使用 GP 产生的状态,500,历史重启阶段最优路径,蒸发和下界保护后,7,0.001625362599782415,0.0,0.0
不使用 GP 产生的状态,500,历史重启阶段最优路径,重启和可选上界处理后,0,0.0014078672734822207,0.0014078839986600262,1.246719523092194e-06
不使用 GP 产生的状态,500,历史重启阶段最优路径,重启和可选上界处理后,1,0.00129711695918623,0.0012971467072474545,1.1446189516214702e-06
不使用 GP 产生的状态,500,历史重启阶段最优路径,重启和可选上界处理后,2,0.001179144996718779,0.0011791434830219166,1.0566976005520806e-06
不使用 GP 产生的状态,500,历史重启阶段最优路径,重启和可选上界处理后,3,0.0012093951381647134,0.0012094326271246487,1.0737741797846266e-06
不使用 GP 产生的状态,500,历史重启阶段最优路径,重启和可选上界处理后,4,0.0011760976461586102,0.00043538638456255634,3.856522529894061e-07
不使用 GP 产生的状态,500,历史重启阶段最优路径,重启和可选上界处理后,5,0.0012350986119317347,0.0012351252648891108,1.0887483093595831e-06
不使用 GP 产生的状态,500,历史重启阶段最优路径,重启和可选上界处理后,6,0.002326358320524151,0.002326420803320595,2.056370312349381e-06
不使用 GP 产生的状态,500,历史重启阶段最优路径,重启和可选上界处理后,7,0.001625362599782415,0.0016253210665902454,1.4388473697316737e-06
不使用 GP 产生的状态,500,本轮最优路径,更新前,0,0.001396973229447458,0.0,0.0
不使用 GP 产生的状态,500,本轮最优路径,更新前,1,0.001285525148319518,0.0,0.0
不使用 GP 产生的状态,500,本轮最优路径,更新前,2,0.0011745118381585905,0.0,0.0
不使用 GP 产生的状态,500,本轮最优路径,更新前,3,0.0012065075442448088,0.0,0.0
不使用 GP 产生的状态,500,本轮最优路径,更新前,4,0.0011751522169997654,0.0,0.0
不使用 GP 产生的状态,500,本轮最优路径,更新前,5,0.0012342703660912452,0.0,0.0
不使用 GP 产生的状态,500,本轮最优路径,更新前,6,0.002371429539973859,0.0,0.0
不使用 GP 产生的状态,500,本轮最优路径,更新前,7,0.0016471125219672139,0.0,0.0
不使用 GP 产生的状态,500,本轮最优路径,沉积后,0,0.001396973229447458,0.0013970085828126162,1.2370162744526145e-06
不使用 GP 产生的状态,500,本轮最优路径,沉积后,1,0.001285525148319518,0.0012856034788346923,1.1344321766546173e-06
不使用 GP 产生的状态,500,本轮最优路径,沉积后,2,0.0011745118381585905,0.0011745215186657317,1.052599137041378e-06
不使用 GP 产生的状态,500,本轮最优路径,沉积后,3,0.0012065075442448088,0.001206479194145152,1.0711682941505235e-06
不使用 GP 产生的状态,500,本轮最优路径,沉积后,4,0.0011751522169997654,0.0011751503395696075,1.0409993345614136e-06
不使用 GP 产生的状态,500,本轮最优路径,沉积后,5,0.0012342703660912452,0.0012343159987415534,1.0880474766303546e-06
不使用 GP 产生的状态,500,本轮最优路径,沉积后,6,0.002371429539973859,0.0023715142915073373,2.096485406011779e-06
不使用 GP 产生的状态,500,本轮最优路径,沉积后,7,0.0016471125219672139,0.0016470848041054012,1.4581033622988523e-06
不使用 GP 产生的状态,500,本轮最优路径,蒸发和下界保护后,0,0.001396973229447458,0.0,0.0
不使用 GP 产生的状态,500,本轮最优路径,蒸发和下界保护后,1,0.001285525148319518,0.0,0.0
不使用 GP 产生的状态,500,本轮最优路径,蒸发和下界保护后,2,0.0011745118381585905,0.0,0.0
不使用 GP 产生的状态,500,本轮最优路径,蒸发和下界保护后,3,0.0012065075442448088,0.0,0.0
不使用 GP 产生的状态,500,本轮最优路径,蒸发和下界保护后,4,0.0011751522169997654,0.0,0.0
不使用 GP 产生的状态,500,本轮最优路径,蒸发和下界保护后,5,0.0012342703660912452,0.0,0.0
不使用 GP 产生的状态,500,本轮最优路径,蒸发和下界保护后,6,0.002371429539973859,0.0,0.0
不使用 GP 产生的状态,500,本轮最优路径,蒸发和下界保护后,7,0.0016471125219672139,0.0,0.0
不使用 GP 产生的状态,500,本轮最优路径,重启和可选上界处理后,0,0.001396973229447458,0.0013970085828126162,1.2370162744526145e-06
不使用 GP 产生的状态,500,本轮最优路径,重启和可选上界处理后,1,0.001285525148319518,0.0012856034788346923,1.1344321766546173e-06
不使用 GP 产生的状态,500,本轮最优路径,重启和可选上界处理后,2,0.0011745118381585905,0.0011745215186657317,1.052599137041378e-06
不使用 GP 产生的状态,500,本轮最优路径,重启和可选上界处理后,3,0.0012065075442448088,0.001206479194145152,1.0711682941505235e-06
不使用 GP 产生的状态,500,本轮最优路径,重启和可选上界处理后,4,0.0011751522169997654,0.0004370685811449213,3.871422924691935e-07
不使用 GP 产生的状态,500,本轮最优路径,重启和可选上界处理后,5,0.0012342703660912452,0.0012343159987415534,1.0880474766303546e-06
不使用 GP 产生的状态,500,本轮最优路径,重启和可选上界处理后,6,0.002371429539973859,0.0023715142915073373,2.096485406011779e-06
不使用 GP 产生的状态,500,本轮最优路径,重启和可选上界处理后,7,0.0016471125219672139,0.0016470848041054012,1.4581033622988523e-06
不使用 GP 产生的状态,1000,历史全局最优路径,更新前,0,0.0013661914317869206,0.0,0.0
不使用 GP 产生的状态,1000,历史全局最优路径,更新前,1,0.03373371581042297,0.0,0.0
不使用 GP 产生的状态,1000,历史全局最优路径,更新前,2,0.04391763345101296,0.0,0.0
不使用 GP 产生的状态,1000,历史全局最优路径,更新前,3,0.08297554832637904,0.0,0.0
不使用 GP 产生的状态,1000,历史全局最优路径,更新前,4,0.01888382596428297,0.0,0.0
不使用 GP 产生的状态,1000,历史全局最优路径,更新前,5,0.029732388234520814,0.0,0.0
不使用 GP 产生的状态,1000,历史全局最优路径,更新前,6,0.03761896069807932,0.0,0.0
不使用 GP 产生的状态,1000,历史全局最优路径,更新前,7,0.047259912929979615,0.0,0.0
不使用 GP 产生的状态,1000,历史全局最优路径,沉积后,0,0.0013661914317869206,0.0013661952026688346,1.1359519909986448e-06
不使用 GP 产生的状态,1000,历史全局最优路径,沉积后,1,0.03373371581042297,0.03373370463844622,2.8066316203892658e-05
不使用 GP 产生的状态,1000,历史全局最优路径,沉积后,2,0.04391763345101296,0.04391766257244097,3.530292288916146e-05
不使用 GP 产生的状态,1000,历史全局最优路径,沉积后,3,0.08297554832637904,0.08297564157441416,6.892716338211528e-05
不使用 GP 产生的状态,1000,历史全局最优路径,沉积后,4,0.01888382596428297,0.018883898797152056,1.566191970448854e-05
不使用 GP 产生的状态,1000,历史全局最优路径,沉积后,5,0.029732388234520814,0.029732438559384462,2.4663136678409216e-05
不使用 GP 产生的状态,1000,历史全局最优路径,沉积后,6,0.03761896069807932,0.03761895145116405,3.128140838189388e-05
不使用 GP 产生的状态,1000,历史全局最优路径,沉积后,7,0.047259912929979615,0.04725987683723675,3.910511430912653e-05
不使用 GP 产生的状态,1000,历史全局最优路径,蒸发和下界保护后,0,0.0013661914317869206,0.0,0.0
不使用 GP 产生的状态,1000,历史全局最优路径,蒸发和下界保护后,1,0.03373371581042297,0.0,0.0
不使用 GP 产生的状态,1000,历史全局最优路径,蒸发和下界保护后,2,0.04391763345101296,0.0,0.0
不使用 GP 产生的状态,1000,历史全局最优路径,蒸发和下界保护后,3,0.08297554832637904,0.0,0.0
不使用 GP 产生的状态,1000,历史全局最优路径,蒸发和下界保护后,4,0.01888382596428297,0.0,0.0
不使用 GP 产生的状态,1000,历史全局最优路径,蒸发和下界保护后,5,0.029732388234520814,0.0,0.0
不使用 GP 产生的状态,1000,历史全局最优路径,蒸发和下界保护后,6,0.03761896069807932,0.0,0.0
不使用 GP 产生的状态,1000,历史全局最优路径,蒸发和下界保护后,7,0.047259912929979615,0.0,0.0
不使用 GP 产生的状态,1000,历史全局最优路径,重启和可选上界处理后,0,0.0013661914317869206,0.0013661952026688346,1.1359519909986448e-06
不使用 GP 产生的状态,1000,历史全局最优路径,重启和可选上界处理后,1,0.03373371581042297,0.03373370463844622,2.8066316203892658e-05
不使用 GP 产生的状态,1000,历史全局最优路径,重启和可选上界处理后,2,0.04391763345101296,0.04391766257244097,3.530292288916146e-05
不使用 GP 产生的状态,1000,历史全局最优路径,重启和可选上界处理后,3,0.08297554832637904,0.08234647610908322,6.83746780611112e-05
不使用 GP 产生的状态,1000,历史全局最优路径,重启和可选上界处理后,4,0.01888382596428297,0.018883898797152056,1.566191970448854e-05
不使用 GP 产生的状态,1000,历史全局最优路径,重启和可选上界处理后,5,0.029732388234520814,0.029732438559384462,2.4663136678409216e-05
不使用 GP 产生的状态,1000,历史全局最优路径,重启和可选上界处理后,6,0.03761896069807932,0.03691161150608452,3.0653494528609936e-05
不使用 GP 产生的状态,1000,历史全局最优路径,重启和可选上界处理后,7,0.047259912929979615,0.04725987683723675,3.910511430912653e-05
不使用 GP 产生的状态,1000,历史重启阶段最优路径,更新前,0,0.0013576586748172274,0.0,0.0
不使用 GP 产生的状态,1000,历史重启阶段最优路径,更新前,1,0.0016834474320883187,0.0,0.0
不使用 GP 产生的状态,1000,历史重启阶段最优路径,更新前,2,0.03179091760905498,0.0,0.0
不使用 GP 产生的状态,1000,历史重启阶段最优路径,更新前,3,0.0018586272981906027,0.0,0.0
不使用 GP 产生的状态,1000,历史重启阶段最优路径,更新前,4,0.0019445149548215838,0.0,0.0
不使用 GP 产生的状态,1000,历史重启阶段最优路径,更新前,5,0.0021837222766766338,0.0,0.0
不使用 GP 产生的状态,1000,历史重启阶段最优路径,更新前,6,0.0019088195471432946,0.0,0.0
不使用 GP 产生的状态,1000,历史重启阶段最优路径,更新前,7,0.0018459014769628998,0.0,0.0
不使用 GP 产生的状态,1000,历史重启阶段最优路径,沉积后,0,0.0013576586748172274,0.0013576673669527311,1.128861443431423e-06
不使用 GP 产生的状态,1000,历史重启阶段最优路径,沉积后,1,0.0016834474320883187,0.001683422750049181,1.4311723020011192e-06
不使用 GP 产生的状态,1000,历史重启阶段最优路径,沉积后,2,0.03179091760905498,0.03179098084711066,2.5564071837566055e-05
不使用 GP 产生的状态,1000,历史重启阶段最优路径,沉积后,3,0.0018586272981906027,0.0018586836397097776,1.5733611914396258e-06
不使用 GP 产生的状态,1000,历史重启阶段最优路径,沉积后,4,0.0019445149548215838,0.001944572704060506,1.6144835310057323e-06
不使用 GP 产生的状态,1000,历史重启阶段最优路径,沉积后,5,0.0021837222766766338,0.002183749299039829,1.8515322391805266e-06
不使用 GP 产生的状态,1000,历史重启阶段最优路径,沉积后,6,0.0019088195471432946,0.001908839398700072,1.6262177691578486e-06
不使用 GP 产生的状态,1000,历史重启阶段最优路径,沉积后,7,0.0018459014769628998,0.0018459092074341588,1.5599647834815265e-06
不使用 GP 产生的状态,1000,历史重启阶段最优路径,蒸发和下界保护后,0,0.0013576586748172274,0.0,0.0
不使用 GP 产生的状态,1000,历史重启阶段最优路径,蒸发和下界保护后,1,0.0016834474320883187,0.0,0.0
不使用 GP 产生的状态,1000,历史重启阶段最优路径,蒸发和下界保护后,2,0.03179091760905498,0.0,0.0
不使用 GP 产生的状态,1000,历史重启阶段最优路径,蒸发和下界保护后,3,0.0018586272981906027,0.0,0.0
不使用 GP 产生的状态,1000,历史重启阶段最优路径,蒸发和下界保护后,4,0.0019445149548215838,0.0,0.0
不使用 GP 产生的状态,1000,历史重启阶段最优路径,蒸发和下界保护后,5,0.0021837222766766338,0.0,0.0
不使用 GP 产生的状态,1000,历史重启阶段最优路径,蒸发和下界保护后,6,0.0019088195471432946,0.0,0.0
不使用 GP 产生的状态,1000,历史重启阶段最优路径,蒸发和下界保护后,7,0.0018459014769628998,0.0,0.0
不使用 GP 产生的状态,1000,历史重启阶段最优路径,重启和可选上界处理后,0,0.0013576586748172274,0.0013576673669527311,1.128861443431423e-06
不使用 GP 产生的状态,1000,历史重启阶段最优路径,重启和可选上界处理后,1,0.0016834474320883187,0.001683422750049181,1.4311723020011192e-06
不使用 GP 产生的状态,1000,历史重启阶段最优路径,重启和可选上界处理后,2,0.03179091760905498,0.03179098084711066,2.5564071837566055e-05
不使用 GP 产生的状态,1000,历史重启阶段最优路径,重启和可选上界处理后,3,0.0018586272981906027,0.0012295181743788375,1.0208758704355543e-06
不使用 GP 产生的状态,1000,历史重启阶段最优路径,重启和可选上界处理后,4,0.0019445149548215838,0.001944572704060506,1.6144835310057323e-06
不使用 GP 产生的状态,1000,历史重启阶段最优路径,重启和可选上界处理后,5,0.0021837222766766338,0.002183749299039829,1.8515322391805266e-06
不使用 GP 产生的状态,1000,历史重启阶段最优路径,重启和可选上界处理后,6,0.0019088195471432946,0.0012014994536205426,9.98303915873901e-07
不使用 GP 产生的状态,1000,历史重启阶段最优路径,重启和可选上界处理后,7,0.0018459014769628998,0.0018459092074341588,1.5599647834815265e-06
不使用 GP 产生的状态,1000,本轮最优路径,更新前,0,0.0013593152579927828,0.0,0.0
不使用 GP 产生的状态,1000,本轮最优路径,更新前,1,0.0016780009950351162,0.0,0.0
不使用 GP 产生的状态,1000,本轮最优路径,更新前,2,0.03888748411849491,0.0,0.0
不使用 GP 产生的状态,1000,本轮最优路径,更新前,3,0.0018582410334872135,0.0,0.0
不使用 GP 产生的状态,1000,本轮最优路径,更新前,4,0.001948567715070658,0.0,0.0
不使用 GP 产生的状态,1000,本轮最优路径,更新前,5,0.002180853846885803,0.0,0.0
不使用 GP 产生的状态,1000,本轮最优路径,更新前,6,0.0019080646094847438,0.0,0.0
不使用 GP 产生的状态,1000,本轮最优路径,更新前,7,0.0018468796723840758,0.0,0.0
不使用 GP 产生的状态,1000,本轮最优路径,沉积后,0,0.0013593152579927828,0.001359328708195648,1.130242826497509e-06
不使用 GP 产生的状态,1000,本轮最优路径,沉积后,1,0.0016780009950351162,0.0016780494918966827,1.4265025597786836e-06
不使用 GP 产生的状态,1000,本轮最优路径,沉积后,2,0.03888748411849491,0.038887476577189904,3.1263213714128306e-05
不使用 GP 产生的状态,1000,本轮最优路径,沉积后,3,0.0018582410334872135,0.0018583045469680215,1.5729587096325981e-06
不使用 GP 产生的状态,1000,本轮最优路径,沉积后,4,0.001948567715070658,0.0019486238163858864,1.6178363500716917e-06
不使用 GP 产生的状态,1000,本轮最优路径,沉积后,5,0.002180853846885803,0.0021808885688919862,1.8488576947144565e-06
不使用 GP 产生的状态,1000,本轮最优路径,沉积后,6,0.0019080646094847438,0.0019081105709975936,1.625612965032429e-06
不使用 GP 产生的状态,1000,本轮最优路径,沉积后,7,0.0018468796723840758,0.0018469132605958719,1.5607327044128671e-06
不使用 GP 产生的状态,1000,本轮最优路径,蒸发和下界保护后,0,0.0013593152579927828,0.0,0.0
不使用 GP 产生的状态,1000,本轮最优路径,蒸发和下界保护后,1,0.0016780009950351162,0.0,0.0
不使用 GP 产生的状态,1000,本轮最优路径,蒸发和下界保护后,2,0.03888748411849491,0.0,0.0
不使用 GP 产生的状态,1000,本轮最优路径,蒸发和下界保护后,3,0.0018582410334872135,0.0,0.0
不使用 GP 产生的状态,1000,本轮最优路径,蒸发和下界保护后,4,0.001948567715070658,0.0,0.0
不使用 GP 产生的状态,1000,本轮最优路径,蒸发和下界保护后,5,0.002180853846885803,0.0,0.0
不使用 GP 产生的状态,1000,本轮最优路径,蒸发和下界保护后,6,0.0019080646094847438,0.0,0.0
不使用 GP 产生的状态,1000,本轮最优路径,蒸发和下界保护后,7,0.0018468796723840758,0.0,0.0
不使用 GP 产生的状态,1000,本轮最优路径,重启和可选上界处理后,0,0.0013593152579927828,0.001359328708195648,1.130242826497509e-06
不使用 GP 产生的状态,1000,本轮最优路径,重启和可选上界处理后,1,0.0016780009950351162,0.0016780494918966827,1.4265025597786836e-06
不使用 GP 产生的状态,1000,本轮最优路径,重启和可选上界处理后,2,0.03888748411849491,0.038887476577189904,3.1263213714128306e-05
不使用 GP 产生的状态,1000,本轮最优路径,重启和可选上界处理后,3,0.0018582410334872135,0.0012309620880627144,1.0220742143981493e-06
不使用 GP 产生的状态,1000,本轮最优路径,重启和可选上界处理后,4,0.001948567715070658,0.0019486238163858864,1.6178363500716917e-06
不使用 GP 产生的状态,1000,本轮最优路径,重启和可选上界处理后,5,0.002180853846885803,0.0021808885688919862,1.8488576947144565e-06
不使用 GP 产生的状态,1000,本轮最优路径,重启和可选上界处理后,6,0.0019080646094847438,0.0012007486038489075,9.976795625028915e-07
不使用 GP 产生的状态,1000,本轮最优路径,重启和可选上界处理后,7,0.0018468796723840758,0.0018469132605958719,1.5607327044128671e-06
不使用 GP 产生的状态,2500,历史全局最优路径,更新前,0,0.04054056793861535,0.0,0.0
不使用 GP 产生的状态,2500,历史全局最优路径,更新前,1,0.0017369007124124886,0.0,0.0
不使用 GP 产生的状态,2500,历史全局最优路径,更新前,2,0.07974935759921103,0.0,0.0
不使用 GP 产生的状态,2500,历史全局最优路径,更新前,3,0.04789675106623451,0.0,0.0
不使用 GP 产生的状态,2500,历史全局最优路径,更新前,4,0.039051794510055776,0.0,0.0
不使用 GP 产生的状态,2500,历史全局最优路径,更新前,5,0.001654145106057969,0.0,0.0
不使用 GP 产生的状态,2500,历史全局最优路径,更新前,6,0.060299105335888684,0.0,0.0
不使用 GP 产生的状态,2500,历史全局最优路径,更新前,7,0.08105434139421513,0.0,0.0
不使用 GP 产生的状态,2500,历史全局最优路径,沉积后,0,0.04054056793861535,0.04054059122629542,3.3141553966958636e-05
不使用 GP 产生的状态,2500,历史全局最优路径,沉积后,1,0.0017369007124124886,0.0017369111616592295,1.4454638402976284e-06
不使用 GP 产生的状态,2500,历史全局最优路径,沉积后,2,0.07974935759921103,0.07974936633363411,6.533411084697741e-05
不使用 GP 产生的状态,2500,历史全局最优路径,沉积后,3,0.04789675106623451,0.047896750203956145,3.9459863712579766e-05
不使用 GP 产生的状态,2500,历史全局最优路径,沉积后,4,0.039051794510055776,0.039051866098521945,3.242856013508231e-05
不使用 GP 产生的状态,2500,历史全局最优路径,沉积后,5,0.001654145106057969,0.00165421274907958,1.3759310390158756e-06
不使用 GP 产生的状态,2500,历史全局最优路径,沉积后,6,0.060299105335888684,0.06029915929887734,4.9213831715410645e-05
不使用 GP 产生的状态,2500,历史全局最优路径,沉积后,7,0.08105434139421513,0.08105426550076424,6.66206864287412e-05
不使用 GP 产生的状态,2500,历史全局最优路径,蒸发和下界保护后,0,0.04054056793861535,0.0,0.0
不使用 GP 产生的状态,2500,历史全局最优路径,蒸发和下界保护后,1,0.0017369007124124886,0.0,0.0
不使用 GP 产生的状态,2500,历史全局最优路径,蒸发和下界保护后,2,0.07974935759921103,0.0,0.0
不使用 GP 产生的状态,2500,历史全局最优路径,蒸发和下界保护后,3,0.04789675106623451,0.0,0.0
不使用 GP 产生的状态,2500,历史全局最优路径,蒸发和下界保护后,4,0.039051794510055776,0.0,0.0
不使用 GP 产生的状态,2500,历史全局最优路径,蒸发和下界保护后,5,0.001654145106057969,0.0,0.0
不使用 GP 产生的状态,2500,历史全局最优路径,蒸发和下界保护后,6,0.060299105335888684,0.0,0.0
不使用 GP 产生的状态,2500,历史全局最优路径,蒸发和下界保护后,7,0.08105434139421513,0.0,0.0
不使用 GP 产生的状态,2500,历史全局最优路径,重启和可选上界处理后,0,0.04054056793861535,0.04054059122629542,3.3141553966958636e-05
不使用 GP 产生的状态,2500,历史全局最优路径,重启和可选上界处理后,1,0.0017369007124124886,0.0017369111616592295,1.4454638402976284e-06
不使用 GP 产生的状态,2500,历史全局最优路径,重启和可选上界处理后,2,0.07974935759921103,0.07974936633363411,6.533411084697741e-05
不使用 GP 产生的状态,2500,历史全局最优路径,重启和可选上界处理后,3,0.04789675106623451,0.047896750203956145,3.9459863712579766e-05
不使用 GP 产生的状态,2500,历史全局最优路径,重启和可选上界处理后,4,0.039051794510055776,0.038568832056648725,3.202690496029886e-05
不使用 GP 产生的状态,2500,历史全局最优路径,重启和可选上界处理后,5,0.001654145106057969,0.0010397692335247619,8.64987766887031e-07
不使用 GP 产生的状态,2500,历史全局最优路径,重启和可选上界处理后,6,0.060299105335888684,0.06029915929887734,4.9213831715410645e-05
不使用 GP 产生的状态,2500,历史全局最优路径,重启和可选上界处理后,7,0.08105434139421513,0.08049958420698872,6.615951238781288e-05
不使用 GP 产生的状态,2500,历史重启阶段最优路径,更新前,0,0.023245440174894574,0.0,0.0
不使用 GP 产生的状态,2500,历史重启阶段最优路径,更新前,1,0.0017369007124124886,0.0,0.0
不使用 GP 产生的状态,2500,历史重启阶段最优路径,更新前,2,0.026815472379093142,0.0,0.0
不使用 GP 产生的状态,2500,历史重启阶段最优路径,更新前,3,0.0037371333145764887,0.0,0.0
不使用 GP 产生的状态,2500,历史重启阶段最优路径,更新前,4,0.0017279080407059545,0.0,0.0
不使用 GP 产生的状态,2500,历史重启阶段最优路径,更新前,5,0.0016525877129803129,0.0,0.0
不使用 GP 产生的状态,2500,历史重启阶段最优路径,更新前,6,0.02231893969772498,0.0,0.0
不使用 GP 产生的状态,2500,历史重启阶段最优路径,更新前,7,0.018409024839808334,0.0,0.0
不使用 GP 产生的状态,2500,历史重启阶段最优路径,沉积后,0,0.023245440174894574,0.02324543992396449,1.9009784245784806e-05
不使用 GP 产生的状态,2500,历史重启阶段最优路径,沉积后,1,0.0017369007124124886,0.0017369111616592295,1.4454638402976284e-06
不使用 GP 产生的状态,2500,历史重启阶段最优路径,沉积后,2,0.026815472379093142,0.026815522407813576,2.1751505075423853e-05
不使用 GP 产生的状态,2500,历史重启阶段最优路径,沉积后,3,0.0037371333145764887,0.0037371512551562635,3.0881215762426623e-06
不使用 GP 产生的状态,2500,历史重启阶段最优路径,沉积后,4,0.0017279080407059545,0.0017279281955536589,1.435828893521407e-06
不使用 GP 产生的状态,2500,历史重启阶段最优路径,沉积后,5,0.0016525877129803129,0.0016526173970323448,1.3746045160377838e-06
不使用 GP 产生的状态,2500,历史重启阶段最优路径,沉积后,6,0.02231893969772498,0.02231893897337403,1.8026500383932202e-05
不使用 GP 产生的状态,2500,历史重启阶段最优路径,沉积后,7,0.018409024839808334,0.018408953674451764,1.5067464664971971e-05
不使用 GP 产生的状态,2500,历史重启阶段最优路径,蒸发和下界保护后,0,0.023245440174894574,0.0,0.0
不使用 GP 产生的状态,2500,历史重启阶段最优路径,蒸发和下界保护后,1,0.0017369007124124886,0.0,0.0
不使用 GP 产生的状态,2500,历史重启阶段最优路径,蒸发和下界保护后,2,0.026815472379093142,0.0,0.0
不使用 GP 产生的状态,2500,历史重启阶段最优路径,蒸发和下界保护后,3,0.0037371333145764887,0.0,0.0
不使用 GP 产生的状态,2500,历史重启阶段最优路径,蒸发和下界保护后,4,0.0017279080407059545,0.0,0.0
不使用 GP 产生的状态,2500,历史重启阶段最优路径,蒸发和下界保护后,5,0.0016525877129803129,0.0,0.0
不使用 GP 产生的状态,2500,历史重启阶段最优路径,蒸发和下界保护后,6,0.02231893969772498,0.0,0.0
不使用 GP 产生的状态,2500,历史重启阶段最优路径,蒸发和下界保护后,7,0.018409024839808334,0.0,0.0
不使用 GP 产生的状态,2500,历史重启阶段最优路径,重启和可选上界处理后,0,0.023245440174894574,0.02324543992396449,1.9009784245784806e-05
不使用 GP 产生的状态,2500,历史重启阶段最优路径,重启和可选上界处理后,1,0.0017369007124124886,0.0017369111616592295,1.4454638402976284e-06
不使用 GP 产生的状态,2500,历史重启阶段最优路径,重启和可选上界处理后,2,0.026815472379093142,0.026815522407813576,2.1751505075423853e-05
不使用 GP 产生的状态,2500,历史重启阶段最优路径,重启和可选上界处理后,3,0.0037371333145764887,0.0037371512551562635,3.0881215762426623e-06
不使用 GP 产生的状态,2500,历史重启阶段最优路径,重启和可选上界处理后,4,0.0017279080407059545,0.0012448941536804374,1.0341737187379632e-06
不使用 GP 产生的状态,2500,历史重启阶段最优路径,重启和可选上界处理后,5,0.0016525877129803129,0.0010381738814775267,8.63661243908939e-07
不使用 GP 产生的状态,2500,历史重启阶段最优路径,重启和可选上界处理后,6,0.02231893969772498,0.02231893897337403,1.8026500383932202e-05
不使用 GP 产生的状态,2500,历史重启阶段最优路径,重启和可选上界处理后,7,0.018409024839808334,0.017848692335073538,1.4601651253276972e-05
不使用 GP 产生的状态,2500,本轮最优路径,更新前,0,0.023227315151757306,0.0,0.0
不使用 GP 产生的状态,2500,本轮最优路径,更新前,1,0.0017312679089368694,0.0,0.0
不使用 GP 产生的状态,2500,本轮最优路径,更新前,2,0.03223274015871473,0.0,0.0
不使用 GP 产生的状态,2500,本轮最优路径,更新前,3,0.00373720673816524,0.0,0.0
不使用 GP 产生的状态,2500,本轮最优路径,更新前,4,0.0017272175309943115,0.0,0.0
不使用 GP 产生的状态,2500,本轮最优路径,更新前,5,0.0016488384565044813,0.0,0.0
不使用 GP 产生的状态,2500,本轮最优路径,更新前,6,0.03497284714505106,0.0,0.0
不使用 GP 产生的状态,2500,本轮最优路径,更新前,7,0.025683270807671438,0.0,0.0
不使用 GP 产生的状态,2500,本轮最优路径,沉积后,0,0.023227315151757306,0.023227359461631222,1.8994992703868457e-05
不使用 GP 产生的状态,2500,本轮最优路径,沉积后,1,0.0017312679089368694,0.0017312857608083024,1.440779911154273e-06
不使用 GP 产生的状态,2500,本轮最优路径,沉积后,2,0.03223274015871473,0.032232828780923456,2.6142121865919975e-05
不使用 GP 产生的状态,2500,本轮最优路径,沉积后,3,0.00373720673816524,0.0037371881642425855,3.088152273966637e-06
不使用 GP 产生的状态,2500,本轮最优路径,沉积后,4,0.0017272175309943115,0.001727229394165225,1.4352477406526078e-06
不使用 GP 产生的状态,2500,本轮最优路径,沉积后,5,0.0016488384565044813,0.001648889333549376,1.3715035204703019e-06
不使用 GP 产生的状态,2500,本轮最优路径,沉积后,6,0.03497284714505106,0.0349728108950681,2.822888359206373e-05
不使用 GP 产生的状态,2500,本轮最优路径,沉积后,7,0.025683270807671438,0.025683270951790863,2.1009029689524302e-05
不使用 GP 产生的状态,2500,本轮最优路径,蒸发和下界保护后,0,0.023227315151757306,0.0,0.0
不使用 GP 产生的状态,2500,本轮最优路径,蒸发和下界保护后,1,0.0017312679089368694,0.0,0.0
不使用 GP 产生的状态,2500,本轮最优路径,蒸发和下界保护后,2,0.03223274015871473,0.0,0.0
不使用 GP 产生的状态,2500,本轮最优路径,蒸发和下界保护后,3,0.00373720673816524,0.0,0.0
不使用 GP 产生的状态,2500,本轮最优路径,蒸发和下界保护后,4,0.0017272175309943115,0.0,0.0
不使用 GP 产生的状态,2500,本轮最优路径,蒸发和下界保护后,5,0.0016488384565044813,0.0,0.0
不使用 GP 产生的状态,2500,本轮最优路径,蒸发和下界保护后,6,0.03497284714505106,0.0,0.0
不使用 GP 产生的状态,2500,本轮最优路径,蒸发和下界保护后,7,0.025683270807671438,0.0,0.0
不使用 GP 产生的状态,2500,本轮最优路径,重启和可选上界处理后,0,0.023227315151757306,0.023227359461631222,1.8994992703868457e-05
不使用 GP 产生的状态,2500,本轮最优路径,重启和可选上界处理后,1,0.0017312679089368694,0.0017312857608083024,1.440779911154273e-06
不使用 GP 产生的状态,2500,本轮最优路径,重启和可选上界处理后,2,0.03223274015871473,0.032232828780923456,2.6142121865919975e-05
不使用 GP 产生的状态,2500,本轮最优路径,重启和可选上界处理后,3,0.00373720673816524,0.0037371881642425855,3.088152273966637e-06
不使用 GP 产生的状态,2500,本轮最优路径,重启和可选上界处理后,4,0.0017272175309943115,0.0012412800698339366,1.0311684338541674e-06
不使用 GP 产生的状态,2500,本轮最优路径,重启和可选上界处理后,5,0.0016488384565044813,0.0010370980393775364,8.62765714975124e-07
不使用 GP 产生的状态,2500,本轮最优路径,重启和可选上界处理后,6,0.03497284714505106,0.0349728108950681,2.822888359206373e-05
不使用 GP 产生的状态,2500,本轮最优路径,重启和可选上界处理后,7,0.025683270807671438,0.025127813285791032,2.0547210155914025e-05
