state_owner,snapshot_iteration,historical_source,update_rule,instance,affected_probability_tv,unaffected_probability_tv
GP 表达式自身产生的状态,1,历史全局最优路径,GP 源内重加权,0,nan,0.0
GP 表达式自身产生的状态,1,历史全局最优路径,GP 源内重加权,1,nan,0.0
GP 表达式自身产生的状态,1,历史全局最优路径,GP 源内重加权,2,nan,0.0
GP 表达式自身产生的状态,1,历史全局最优路径,GP 源内重加权,3,nan,0.0
GP 表达式自身产生的状态,1,历史全局最优路径,GP 源内重加权,4,nan,0.0
GP 表达式自身产生的状态,1,历史全局最优路径,GP 源内重加权,5,nan,0.0
GP 表达式自身产生的状态,1,历史全局最优路径,GP 源内重加权,6,nan,0.0
GP 表达式自身产生的状态,1,历史全局最优路径,GP 源内重加权,7,nan,0.0
GP 表达式自身产生的状态,1,历史全局最优路径,来源内均匀沉积,0,nan,0.0
GP 表达式自身产生的状态,1,历史全局最优路径,来源内均匀沉积,1,nan,0.0
GP 表达式自身产生的状态,1,历史全局最优路径,来源内均匀沉积,2,nan,0.0
GP 表达式自身产生的状态,1,历史全局最优路径,来源内均匀沉积,3,nan,0.0
GP 表达式自身产生的状态,1,历史全局最优路径,来源内均匀沉积,4,nan,0.0
GP 表达式自身产生的状态,1,历史全局最优路径,来源内均匀沉积,5,nan,0.0
GP 表达式自身产生的状态,1,历史全局最优路径,来源内均匀沉积,6,nan,0.0
GP 表达式自身产生的状态,1,历史全局最优路径,来源内均匀沉积,7,nan,0.0
GP 表达式自身产生的状态,1,历史重启阶段最优路径,GP 源内重加权,0,nan,0.0
GP 表达式自身产生的状态,1,历史重启阶段最优路径,GP 源内重加权,1,nan,0.0
GP 表达式自身产生的状态,1,历史重启阶段最优路径,GP 源内重加权,2,nan,0.0
GP 表达式自身产生的状态,1,历史重启阶段最优路径,GP 源内重加权,3,nan,0.0
GP 表达式自身产生的状态,1,历史重启阶段最优路径,GP 源内重加权,4,nan,0.0
GP 表达式自身产生的状态,1,历史重启阶段最优路径,GP 源内重加权,5,nan,0.0
GP 表达式自身产生的状态,1,历史重启阶段最优路径,GP 源内重加权,6,nan,0.0
GP 表达式自身产生的状态,1,历史重启阶段最优路径,GP 源内重加权,7,nan,0.0
GP 表达式自身产生的状态,1,历史重启阶段最优路径,来源内均匀沉积,0,nan,0.0
GP 表达式自身产生的状态,1,历史重启阶段最优路径,来源内均匀沉积,1,nan,0.0
GP 表达式自身产生的状态,1,历史重启阶段最优路径,来源内均匀沉积,2,nan,0.0
GP 表达式自身产生的状态,1,历史重启阶段最优路径,来源内均匀沉积,3,nan,0.0
GP 表达式自身产生的状态,1,历史重启阶段最优路径,来源内均匀沉积,4,nan,0.0
GP 表达式自身产生的状态,1,历史重启阶段最优路径,来源内均匀沉积,5,nan,0.0
GP 表达式自身产生的状态,1,历史重启阶段最优路径,来源内均匀沉积,6,nan,0.0
GP 表达式自身产生的状态,1,历史重启阶段最优路径,来源内均匀沉积,7,nan,0.0
GP 表达式自身产生的状态,100,历史全局最优路径,GP 源内重加权,0,0.12749500999256638,6.874092309013422e-06
GP 表达式自身产生的状态,100,历史全局最优路径,GP 源内重加权,1,0.0439247099641716,2.8195534522253093e-05
GP 表达式自身产生的状态,100,历史全局最优路径,GP 源内重加权,2,0.0348344491544653,6.9934895761879315e-06
GP 表达式自身产生的状态,100,历史全局最优路径,GP 源内重加权,3,0.0856132282372345,0.00010888220578715134
GP 表达式自身产生的状态,100,历史全局最优路径,GP 源内重加权,4,0.05364952916453995,1.8969166591250138e-06
GP 表达式自身产生的状态,100,历史全局最优路径,GP 源内重加权,5,0.058137468138057403,0.00011123627061859789
GP 表达式自身产生的状态,100,历史全局最优路径,GP 源内重加权,6,nan,1.7670172250979802e-05
GP 表达式自身产生的状态,100,历史全局最优路径,GP 源内重加权,7,0.06397056590860327,5.742522273449729e-05
GP 表达式自身产生的状态,100,历史全局最优路径,来源内均匀沉积,0,0.16168863725610688,6.673613339583533e-10
GP 表达式自身产生的状态,100,历史全局最优路径,来源内均匀沉积,1,0.06896047312626245,3.410843237301824e-10
GP 表达式自身产生的状态,100,历史全局最优路径,来源内均匀沉积,2,0.05837188336939954,1.1040112384258473e-10
GP 表达式自身产生的状态,100,历史全局最优路径,来源内均匀沉积,3,0.11086424228075924,4.3723775189685557e-10
GP 表达式自身产生的状态,100,历史全局最优路径,来源内均匀沉积,4,0.07619296477547477,2.781683193212461e-10
GP 表达式自身产生的状态,100,历史全局最优路径,来源内均匀沉积,5,0.07720193077188715,3.641444311912888e-10
GP 表达式自身产生的状态,100,历史全局最优路径,来源内均匀沉积,6,nan,2.8588656674027095e-10
GP 表达式自身产生的状态,100,历史全局最优路径,来源内均匀沉积,7,0.09274389679209034,6.734618001007341e-10
GP 表达式自身产生的状态,100,历史重启阶段最优路径,GP 源内重加权,0,0.12749500999256638,6.874092309013422e-06
GP 表达式自身产生的状态,100,历史重启阶段最优路径,GP 源内重加权,1,0.0439247099641716,2.8195534522253093e-05
GP 表达式自身产生的状态,100,历史重启阶段最优路径,GP 源内重加权,2,0.0348344491544653,6.9934895761879315e-06
GP 表达式自身产生的状态,100,历史重启阶段最优路径,GP 源内重加权,3,0.0856132282372345,0.00010888220578715134
GP 表达式自身产生的状态,100,历史重启阶段最优路径,GP 源内重加权,4,0.05364952916453995,1.8969166591250138e-06
GP 表达式自身产生的状态,100,历史重启阶段最优路径,GP 源内重加权,5,0.058137468138057403,0.00011123627061859789
GP 表达式自身产生的状态,100,历史重启阶段最优路径,GP 源内重加权,6,nan,1.7670172250979802e-05
GP 表达式自身产生的状态,100,历史重启阶段最优路径,GP 源内重加权,7,0.06397056590860327,5.742522273449729e-05
GP 表达式自身产生的状态,100,历史重启阶段最优路径,来源内均匀沉积,0,0.16168863725610688,6.673613339583533e-10
GP 表达式自身产生的状态,100,历史重启阶段最优路径,来源内均匀沉积,1,0.06896047312626245,3.410843237301824e-10
GP 表达式自身产生的状态,100,历史重启阶段最优路径,来源内均匀沉积,2,0.05837188336939954,1.1040112384258473e-10
GP 表达式自身产生的状态,100,历史重启阶段最优路径,来源内均匀沉积,3,0.11086424228075924,4.3723775189685557e-10
GP 表达式自身产生的状态,100,历史重启阶段最优路径,来源内均匀沉积,4,0.07619296477547477,2.781683193212461e-10
GP 表达式自身产生的状态,100,历史重启阶段最优路径,来源内均匀沉积,5,0.07720193077188715,3.641444311912888e-10
GP 表达式自身产生的状态,100,历史重启阶段最优路径,来源内均匀沉积,6,nan,2.8588656674027095e-10
GP 表达式自身产生的状态,100,历史重启阶段最优路径,来源内均匀沉积,7,0.09274389679209034,6.734618001007341e-10
GP 表达式自身产生的状态,250,历史全局最优路径,GP 源内重加权,0,nan,4.4720151068810764e-08
GP 表达式自身产生的状态,250,历史全局最优路径,GP 源内重加权,1,nan,2.174684768158911e-09
GP 表达式自身产生的状态,250,历史全局最优路径,GP 源内重加权,2,nan,4.1210881403823956e-07
GP 表达式自身产生的状态,250,历史全局最优路径,GP 源内重加权,3,nan,5.393526012328311e-07
GP 表达式自身产生的状态,250,历史全局最优路径,GP 源内重加权,4,nan,1.6845293377096574e-07
GP 表达式自身产生的状态,250,历史全局最优路径,GP 源内重加权,5,nan,6.2488607829439375e-09
GP 表达式自身产生的状态,250,历史全局最优路径,GP 源内重加权,6,nan,2.5267999888429467e-07
GP 表达式自身产生的状态,250,历史全局最优路径,GP 源内重加权,7,nan,3.680150589678811e-08
GP 表达式自身产生的状态,250,历史全局最优路径,来源内均匀沉积,0,nan,0.0
GP 表达式自身产生的状态,250,历史全局最优路径,来源内均匀沉积,1,nan,0.0
GP 表达式自身产生的状态,250,历史全局最优路径,来源内均匀沉积,2,nan,0.0
GP 表达式自身产生的状态,250,历史全局最优路径,来源内均匀沉积,3,nan,5.364949060826226e-10
GP 表达式自身产生的状态,250,历史全局最优路径,来源内均匀沉积,4,nan,0.0
GP 表达式自身产生的状态,250,历史全局最优路径,来源内均匀沉积,5,nan,1.7019015773655878e-10
GP 表达式自身产生的状态,250,历史全局最优路径,来源内均匀沉积,6,nan,1.1236595644510292e-11
GP 表达式自身产生的状态,250,历史全局最优路径,来源内均匀沉积,7,nan,0.0
GP 表达式自身产生的状态,250,历史重启阶段最优路径,GP 源内重加权,0,nan,4.4720151068810764e-08
GP 表达式自身产生的状态,250,历史重启阶段最优路径,GP 源内重加权,1,nan,2.174684768158911e-09
GP 表达式自身产生的状态,250,历史重启阶段最优路径,GP 源内重加权,2,nan,4.1210881403823956e-07
GP 表达式自身产生的状态,250,历史重启阶段最优路径,GP 源内重加权,3,nan,5.393526012328311e-07
GP 表达式自身产生的状态,250,历史重启阶段最优路径,GP 源内重加权,4,nan,1.6845293377096574e-07
GP 表达式自身产生的状态,250,历史重启阶段最优路径,GP 源内重加权,5,nan,6.2488607829439375e-09
GP 表达式自身产生的状态,250,历史重启阶段最优路径,GP 源内重加权,6,nan,2.5267999888429467e-07
GP 表达式自身产生的状态,250,历史重启阶段最优路径,GP 源内重加权,7,nan,3.680150589678811e-08
GP 表达式自身产生的状态,250,历史重启阶段最优路径,来源内均匀沉积,0,nan,0.0
GP 表达式自身产生的状态,250,历史重启阶段最优路径,来源内均匀沉积,1,nan,0.0
GP 表达式自身产生的状态,250,历史重启阶段最优路径,来源内均匀沉积,2,nan,0.0
GP 表达式自身产生的状态,250,历史重启阶段最优路径,来源内均匀沉积,3,nan,5.364949060826226e-10
GP 表达式自身产生的状态,250,历史重启阶段最优路径,来源内均匀沉积,4,nan,0.0
GP 表达式自身产生的状态,250,历史重启阶段最优路径,来源内均匀沉积,5,nan,1.7019015773655878e-10
GP 表达式自身产生的状态,250,历史重启阶段最优路径,来源内均匀沉积,6,nan,1.1236595644510292e-11
GP 表达式自身产生的状态,250,历史重启阶段最优路径,来源内均匀沉积,7,nan,0.0
GP 表达式自身产生的状态,500,历史全局最优路径,GP 源内重加权,0,nan,9.545555592973634e-10
GP 表达式自身产生的状态,500,历史全局最优路径,GP 源内重加权,1,nan,1.806074021968735e-09
GP 表达式自身产生的状态,500,历史全局最优路径,GP 源内重加权,2,nan,1.6821841535673528e-09
GP 表达式自身产生的状态,500,历史全局最优路径,GP 源内重加权,3,nan,1.64910615945417e-09
GP 表达式自身产生的状态,500,历史全局最优路径,GP 源内重加权,4,0.09762145891468188,7.073444638127656e-07
GP 表达式自身产生的状态,500,历史全局最优路径,GP 源内重加权,5,nan,1.3928694165687858e-09
GP 表达式自身产生的状态,500,历史全局最优路径,GP 源内重加权,6,nan,6.297332011573291e-09
GP 表达式自身产生的状态,500,历史全局最优路径,GP 源内重加权,7,nan,1.0154950869967885e-09
GP 表达式自身产生的状态,500,历史全局最优路径,来源内均匀沉积,0,nan,0.0
GP 表达式自身产生的状态,500,历史全局最优路径,来源内均匀沉积,1,nan,4.2811596778039333e-11
GP 表达式自身产生的状态,500,历史全局最优路径,来源内均匀沉积,2,nan,0.0
GP 表达式自身产生的状态,500,历史全局最优路径,来源内均匀沉积,3,nan,0.0
GP 表达式自身产生的状态,500,历史全局最优路径,来源内均匀沉积,4,0.13508821274188887,0.0
GP 表达式自身产生的状态,500,历史全局最优路径,来源内均匀沉积,5,nan,0.0
GP 表达式自身产生的状态,500,历史全局最优路径,来源内均匀沉积,6,nan,0.0
GP 表达式自身产生的状态,500,历史全局最优路径,来源内均匀沉积,7,nan,0.0
GP 表达式自身产生的状态,500,历史重启阶段最优路径,GP 源内重加权,0,nan,9.545555592973634e-10
GP 表达式自身产生的状态,500,历史重启阶段最优路径,GP 源内重加权,1,nan,1.806074021968735e-09
GP 表达式自身产生的状态,500,历史重启阶段最优路径,GP 源内重加权,2,nan,1.6821841535673528e-09
GP 表达式自身产生的状态,500,历史重启阶段最优路径,GP 源内重加权,3,nan,1.64910615945417e-09
GP 表达式自身产生的状态,500,历史重启阶段最优路径,GP 源内重加权,4,nan,1.821317946706373e-09
GP 表达式自身产生的状态,500,历史重启阶段最优路径,GP 源内重加权,5,nan,1.3928694165687858e-09
GP 表达式自身产生的状态,500,历史重启阶段最优路径,GP 源内重加权,6,nan,6.297332011573291e-09
GP 表达式自身产生的状态,500,历史重启阶段最优路径,GP 源内重加权,7,nan,1.0154950869967885e-09
GP 表达式自身产生的状态,500,历史重启阶段最优路径,来源内均匀沉积,0,nan,0.0
GP 表达式自身产生的状态,500,历史重启阶段最优路径,来源内均匀沉积,1,nan,4.2811596778039333e-11
GP 表达式自身产生的状态,500,历史重启阶段最优路径,来源内均匀沉积,2,nan,0.0
GP 表达式自身产生的状态,500,历史重启阶段最优路径,来源内均匀沉积,3,nan,0.0
GP 表达式自身产生的状态,500,历史重启阶段最优路径,来源内均匀沉积,4,nan,0.0
GP 表达式自身产生的状态,500,历史重启阶段最优路径,来源内均匀沉积,5,nan,0.0
GP 表达式自身产生的状态,500,历史重启阶段最优路径,来源内均匀沉积,6,nan,0.0
GP 表达式自身产生的状态,500,历史重启阶段最优路径,来源内均匀沉积,7,nan,0.0
GP 表达式自身产生的状态,1000,历史全局最优路径,GP 源内重加权,0,0.045369714592725895,1.1614097889677832e-05
GP 表达式自身产生的状态,1000,历史全局最优路径,GP 源内重加权,1,0.07769620930033663,1.4605199256630633e-05
GP 表达式自身产生的状态,1000,历史全局最优路径,GP 源内重加权,2,0.11174782458925148,1.001466230503336e-05
GP 表达式自身产生的状态,1000,历史全局最优路径,GP 源内重加权,3,0.04664202985516281,2.0701882766478272e-06
GP 表达式自身产生的状态,1000,历史全局最优路径,GP 源内重加权,4,0.03048719487392883,7.918882705270417e-07
GP 表达式自身产生的状态,1000,历史全局最优路径,GP 源内重加权,5,nan,1.7647409811016625e-06
GP 表达式自身产生的状态,1000,历史全局最优路径,GP 源内重加权,6,0.027237235943600027,1.6551793347280801e-06
GP 表达式自身产生的状态,1000,历史全局最优路径,GP 源内重加权,7,0.06685012158109746,1.5742960958094656e-05
GP 表达式自身产生的状态,1000,历史全局最优路径,来源内均匀沉积,0,0.06339680698692816,3.146964160860423e-10
GP 表达式自身产生的状态,1000,历史全局最优路径,来源内均匀沉积,1,0.1175265143012573,3.5542421742460773e-10
GP 表达式自身产生的状态,1000,历史全局最优路径,来源内均匀沉积,2,0.1632488039795883,4.749183823063591e-12
GP 表达式自身产生的状态,1000,历史全局最优路径,来源内均匀沉积,3,0.05821069416467013,2.7352174346046677e-10
GP 表达式自身产生的状态,1000,历史全局最优路径,来源内均匀沉积,4,0.04848005808175137,1.8228632667587298e-10
GP 表达式自身产生的状态,1000,历史全局最优路径,来源内均匀沉积,5,nan,9.928046146416881e-13
GP 表达式自身产生的状态,1000,历史全局最优路径,来源内均匀沉积,6,0.027648485031741443,1.5031857239857238e-10
GP 表达式自身产生的状态,1000,历史全局最优路径,来源内均匀沉积,7,0.10168696812600259,0.0
GP 表达式自身产生的状态,1000,历史重启阶段最优路径,GP 源内重加权,0,nan,2.4111544552319054e-08
GP 表达式自身产生的状态,1000,历史重启阶段最优路径,GP 源内重加权,1,nan,1.5153372395911976e-09
GP 表达式自身产生的状态,1000,历史重启阶段最优路径,GP 源内重加权,2,nan,1.0824628416618996e-09
GP 表达式自身产生的状态,1000,历史重启阶段最优路径,GP 源内重加权,3,nan,3.5803243363715255e-07
GP 表达式自身产生的状态,1000,历史重启阶段最优路径,GP 源内重加权,4,0.0885737210494859,7.83934955192221e-08
GP 表达式自身产生的状态,1000,历史重启阶段最优路径,GP 源内重加权,5,nan,9.361015944198015e-10
GP 表达式自身产生的状态,1000,历史重启阶段最优路径,GP 源内重加权,6,nan,3.3686975286159195e-06
GP 表达式自身产生的状态,1000,历史重启阶段最优路径,GP 源内重加权,7,0.07119536175918968,7.677354529717634e-06
GP 表达式自身产生的状态,1000,历史重启阶段最优路径,来源内均匀沉积,0,nan,3.2267586588576744e-10
GP 表达式自身产生的状态,1000,历史重启阶段最优路径,来源内均匀沉积,1,nan,1.7247483511225242e-10
GP 表达式自身产生的状态,1000,历史重启阶段最优路径,来源内均匀沉积,2,nan,0.0
GP 表达式自身产生的状态,1000,历史重启阶段最优路径,来源内均匀沉积,3,nan,2.7352174346046677e-10
GP 表达式自身产生的状态,1000,历史重启阶段最优路径,来源内均匀沉积,4,0.14452891971117013,1.8228632667587298e-10
GP 表达式自身产生的状态,1000,历史重启阶段最优路径,来源内均匀沉积,5,nan,0.0
GP 表达式自身产生的状态,1000,历史重启阶段最优路径,来源内均匀沉积,6,nan,0.0
GP 表达式自身产生的状态,1000,历史重启阶段最优路径,来源内均匀沉积,7,0.09758417063369847,0.0
GP 表达式自身产生的状态,2500,历史全局最优路径,GP 源内重加权,0,0.03829380424023861,5.005929845552479e-06
GP 表达式自身产生的状态,2500,历史全局最优路径,GP 源内重加权,1,0.05679225040919316,4.091483236711786e-06
GP 表达式自身产生的状态,2500,历史全局最优路径,GP 源内重加权,2,0.03006899298345469,4.195089679841345e-05
GP 表达式自身产生的状态,2500,历史全局最优路径,GP 源内重加权,3,0.07323525429340458,1.6586211643681354e-05
GP 表达式自身产生的状态,2500,历史全局最优路径,GP 源内重加权,4,0.04847701863662692,6.3933108055674125e-06
GP 表达式自身产生的状态,2500,历史全局最优路径,GP 源内重加权,5,0.06504426201245067,1.947851187177381e-05
GP 表达式自身产生的状态,2500,历史全局最优路径,GP 源内重加权,6,0.03276363075797926,2.708066689495246e-05
GP 表达式自身产生的状态,2500,历史全局最优路径,GP 源内重加权,7,0.09635851821937232,2.405923614666286e-05
GP 表达式自身产生的状态,2500,历史全局最优路径,来源内均匀沉积,0,0.05414807459268659,6.468212857411603e-12
GP 表达式自身产生的状态,2500,历史全局最优路径,来源内均匀沉积,1,0.09829868888852414,1.1285257877923039e-10
GP 表达式自身产生的状态,2500,历史全局最优路径,来源内均匀沉积,2,0.0564497298234668,2.1016263221389468e-10
GP 表达式自身产生的状态,2500,历史全局最优路径,来源内均匀沉积,3,0.11157030312989855,7.135874659157374e-13
GP 表达式自身产生的状态,2500,历史全局最优路径,来源内均匀沉积,4,0.07834560241882074,4.348960310748915e-10
GP 表达式自身产生的状态,2500,历史全局最优路径,来源内均匀沉积,5,0.09974079584261153,8.931009444161781e-10
GP 表达式自身产生的状态,2500,历史全局最优路径,来源内均匀沉积,6,0.04241143477207854,0.0
GP 表达式自身产生的状态,2500,历史全局最优路径,来源内均匀沉积,7,0.13869581056109115,6.282409015623059e-11
GP 表达式自身产生的状态,2500,历史重启阶段最优路径,GP 源内重加权,0,nan,4.6939945518578e-10
GP 表达式自身产生的状态,2500,历史重启阶段最优路径,GP 源内重加权,1,nan,1.8957972673329267e-07
GP 表达式自身产生的状态,2500,历史重启阶段最优路径,GP 源内重加权,2,0.044217900445752516,1.143135643161117e-06
GP 表达式自身产生的状态,2500,历史重启阶段最优路径,GP 源内重加权,3,0.07250026914161611,1.5535376113735762e-07
GP 表达式自身产生的状态,2500,历史重启阶段最优路径,GP 源内重加权,4,nan,5.172368934533526e-06
GP 表达式自身产生的状态,2500,历史重启阶段最优路径,GP 源内重加权,5,0.0005437314713607192,1.3136245665322785e-05
GP 表达式自身产生的状态,2500,历史重启阶段最优路径,GP 源内重加权,6,nan,5.934853218408567e-07
GP 表达式自身产生的状态,2500,历史重启阶段最优路径,GP 源内重加权,7,0.09860125332706145,4.691172431151925e-06
GP 表达式自身产生的状态,2500,历史重启阶段最优路径,来源内均匀沉积,0,nan,0.0
GP 表达式自身产生的状态,2500,历史重启阶段最优路径,来源内均匀沉积,1,nan,1.0643637363878302e-10
GP 表达式自身产生的状态,2500,历史重启阶段最优路径,来源内均匀沉积,2,0.04326075159307324,0.0
GP 表达式自身产生的状态,2500,历史重启阶段最优路径,来源内均匀沉积,3,0.07918965927143136,5.232974750048741e-13
GP 表达式自身产生的状态,2500,历史重启阶段最优路径,来源内均匀沉积,4,nan,0.0
GP 表达式自身产生的状态,2500,历史重启阶段最优路径,来源内均匀沉积,5,0.000536045694715399,0.0
GP 表达式自身产生的状态,2500,历史重启阶段最优路径,来源内均匀沉积,6,nan,0.0
GP 表达式自身产生的状态,2500,历史重启阶段最优路径,来源内均匀沉积,7,0.11145660544517418,9.893786643643023e-13
不使用 GP 产生的状态,1,历史全局最优路径,GP 源内重加权,0,nan,0.0
不使用 GP 产生的状态,1,历史全局最优路径,GP 源内重加权,1,nan,0.0
不使用 GP 产生的状态,1,历史全局最优路径,GP 源内重加权,2,nan,0.0
不使用 GP 产生的状态,1,历史全局最优路径,GP 源内重加权,3,nan,0.0
不使用 GP 产生的状态,1,历史全局最优路径,GP 源内重加权,4,nan,0.0
不使用 GP 产生的状态,1,历史全局最优路径,GP 源内重加权,5,nan,0.0
不使用 GP 产生的状态,1,历史全局最优路径,GP 源内重加权,6,nan,0.0
不使用 GP 产生的状态,1,历史全局最优路径,GP 源内重加权,7,nan,0.0
不使用 GP 产生的状态,1,历史全局最优路径,来源内均匀沉积,0,nan,0.0
不使用 GP 产生的状态,1,历史全局最优路径,来源内均匀沉积,1,nan,0.0
不使用 GP 产生的状态,1,历史全局最优路径,来源内均匀沉积,2,nan,0.0
不使用 GP 产生的状态,1,历史全局最优路径,来源内均匀沉积,3,nan,0.0
不使用 GP 产生的状态,1,历史全局最优路径,来源内均匀沉积,4,nan,0.0
不使用 GP 产生的状态,1,历史全局最优路径,来源内均匀沉积,5,nan,0.0
不使用 GP 产生的状态,1,历史全局最优路径,来源内均匀沉积,6,nan,0.0
不使用 GP 产生的状态,1,历史全局最优路径,来源内均匀沉积,7,nan,0.0
不使用 GP 产生的状态,1,历史重启阶段最优路径,GP 源内重加权,0,nan,0.0
不使用 GP 产生的状态,1,历史重启阶段最优路径,GP 源内重加权,1,nan,0.0
不使用 GP 产生的状态,1,历史重启阶段最优路径,GP 源内重加权,2,nan,0.0
不使用 GP 产生的状态,1,历史重启阶段最优路径,GP 源内重加权,3,nan,0.0
不使用 GP 产生的状态,1,历史重启阶段最优路径,GP 源内重加权,4,nan,0.0
不使用 GP 产生的状态,1,历史重启阶段最优路径,GP 源内重加权,5,nan,0.0
不使用 GP 产生的状态,1,历史重启阶段最优路径,GP 源内重加权,6,nan,0.0
不使用 GP 产生的状态,1,历史重启阶段最优路径,GP 源内重加权,7,nan,0.0
不使用 GP 产生的状态,1,历史重启阶段最优路径,来源内均匀沉积,0,nan,0.0
不使用 GP 产生的状态,1,历史重启阶段最优路径,来源内均匀沉积,1,nan,0.0
不使用 GP 产生的状态,1,历史重启阶段最优路径,来源内均匀沉积,2,nan,0.0
不使用 GP 产生的状态,1,历史重启阶段最优路径,来源内均匀沉积,3,nan,0.0
不使用 GP 产生的状态,1,历史重启阶段最优路径,来源内均匀沉积,4,nan,0.0
不使用 GP 产生的状态,1,历史重启阶段最优路径,来源内均匀沉积,5,nan,0.0
不使用 GP 产生的状态,1,历史重启阶段最优路径,来源内均匀沉积,6,nan,0.0
不使用 GP 产生的状态,1,历史重启阶段最优路径,来源内均匀沉积,7,nan,0.0
不使用 GP 产生的状态,100,历史全局最优路径,GP 源内重加权,0,0.07503353962863336,0.00017721899827897244
不使用 GP 产生的状态,100,历史全局最优路径,GP 源内重加权,1,0.07538249000996397,0.0003318980264632542
不使用 GP 产生的状态,100,历史全局最优路径,GP 源内重加权,2,0.09679686829859666,0.0003058626817358896
不使用 GP 产生的状态,100,历史全局最优路径,GP 源内重加权,3,0.036078983625212224,0.0005085737245503289
不使用 GP 产生的状态,100,历史全局最优路径,GP 源内重加权,4,0.05747960807192828,7.834421664437245e-05
不使用 GP 产生的状态,100,历史全局最优路径,GP 源内重加权,5,0.07343123331175275,0.00029672702133247273
不使用 GP 产生的状态,100,历史全局最优路径,GP 源内重加权,6,0.030780262896251364,0.0001695864857657946
不使用 GP 产生的状态,100,历史全局最优路径,GP 源内重加权,7,0.05693129664468669,0.00015798984504235573
不使用 GP 产生的状态,100,历史全局最优路径,来源内均匀沉积,0,0.09996179937954164,1.146576675072051e-09
不使用 GP 产生的状态,100,历史全局最优路径,来源内均匀沉积,1,0.08938915295836782,2.875087365291876e-09
不使用 GP 产生的状态,100,历史全局最优路径,来源内均匀沉积,2,0.126094686806549,5.170530818446376e-10
不使用 GP 产生的状态,100,历史全局最优路径,来源内均匀沉积,3,0.042436594847400116,4.704148653309622e-10
不使用 GP 产生的状态,100,历史全局最优路径,来源内均匀沉积,4,0.08026283898006951,8.170170341304464e-10
不使用 GP 产生的状态,100,历史全局最优路径,来源内均匀沉积,5,0.09211991382387956,6.849812619920247e-10
不使用 GP 产生的状态,100,历史全局最优路径,来源内均匀沉积,6,0.04389600541160801,0.0
不使用 GP 产生的状态,100,历史全局最优路径,来源内均匀沉积,7,0.06368392378674449,0.0
不使用 GP 产生的状态,100,历史重启阶段最优路径,GP 源内重加权,0,0.07503353962863336,0.00017721899827897244
不使用 GP 产生的状态,100,历史重启阶段最优路径,GP 源内重加权,1,0.07538249000996397,0.0003318980264632542
不使用 GP 产生的状态,100,历史重启阶段最优路径,GP 源内重加权,2,0.09679686829859666,0.0003058626817358896
不使用 GP 产生的状态,100,历史重启阶段最优路径,GP 源内重加权,3,0.036078983625212224,0.0005085737245503289
不使用 GP 产生的状态,100,历史重启阶段最优路径,GP 源内重加权,4,0.05747960807192828,7.834421664437245e-05
不使用 GP 产生的状态,100,历史重启阶段最优路径,GP 源内重加权,5,0.07343123331175275,0.00029672702133247273
不使用 GP 产生的状态,100,历史重启阶段最优路径,GP 源内重加权,6,0.030780262896251364,0.0001695864857657946
不使用 GP 产生的状态,100,历史重启阶段最优路径,GP 源内重加权,7,0.05693129664468669,0.00015798984504235573
不使用 GP 产生的状态,100,历史重启阶段最优路径,来源内均匀沉积,0,0.09996179937954164,1.146576675072051e-09
不使用 GP 产生的状态,100,历史重启阶段最优路径,来源内均匀沉积,1,0.08938915295836782,2.875087365291876e-09
不使用 GP 产生的状态,100,历史重启阶段最优路径,来源内均匀沉积,2,0.126094686806549,5.170530818446376e-10
不使用 GP 产生的状态,100,历史重启阶段最优路径,来源内均匀沉积,3,0.042436594847400116,4.704148653309622e-10
不使用 GP 产生的状态,100,历史重启阶段最优路径,来源内均匀沉积,4,0.08026283898006951,8.170170341304464e-10
不使用 GP 产生的状态,100,历史重启阶段最优路径,来源内均匀沉积,5,0.09211991382387956,6.849812619920247e-10
不使用 GP 产生的状态,100,历史重启阶段最优路径,来源内均匀沉积,6,0.04389600541160801,0.0
不使用 GP 产生的状态,100,历史重启阶段最优路径,来源内均匀沉积,7,0.06368392378674449,0.0
不使用 GP 产生的状态,250,历史全局最优路径,GP 源内重加权,0,nan,9.104641096387275e-10
不使用 GP 产生的状态,250,历史全局最优路径,GP 源内重加权,1,nan,3.762712563311174e-09
不使用 GP 产生的状态,250,历史全局最优路径,GP 源内重加权,2,nan,1.0196308528978577e-09
不使用 GP 产生的状态,250,历史全局最优路径,GP 源内重加权,3,nan,1.4223115198493323e-08
不使用 GP 产生的状态,250,历史全局最优路径,GP 源内重加权,4,nan,1.068760928276767e-06
不使用 GP 产生的状态,250,历史全局最优路径,GP 源内重加权,5,nan,5.323054494091652e-09
不使用 GP 产生的状态,250,历史全局最优路径,GP 源内重加权,6,nan,1.8339942761560473e-08
不使用 GP 产生的状态,250,历史全局最优路径,GP 源内重加权,7,nan,1.0339000540414383e-08
不使用 GP 产生的状态,250,历史全局最优路径,来源内均匀沉积,0,nan,0.0
不使用 GP 产生的状态,250,历史全局最优路径,来源内均匀沉积,1,nan,0.0
不使用 GP 产生的状态,250,历史全局最优路径,来源内均匀沉积,2,nan,0.0
不使用 GP 产生的状态,250,历史全局最优路径,来源内均匀沉积,3,nan,0.0
不使用 GP 产生的状态,250,历史全局最优路径,来源内均匀沉积,4,nan,0.0
不使用 GP 产生的状态,250,历史全局最优路径,来源内均匀沉积,5,nan,0.0
不使用 GP 产生的状态,250,历史全局最优路径,来源内均匀沉积,6,nan,0.0
不使用 GP 产生的状态,250,历史全局最优路径,来源内均匀沉积,7,nan,0.0
不使用 GP 产生的状态,250,历史重启阶段最优路径,GP 源内重加权,0,nan,9.104641096387275e-10
不使用 GP 产生的状态,250,历史重启阶段最优路径,GP 源内重加权,1,nan,3.762712563311174e-09
不使用 GP 产生的状态,250,历史重启阶段最优路径,GP 源内重加权,2,nan,1.0196308528978577e-09
不使用 GP 产生的状态,250,历史重启阶段最优路径,GP 源内重加权,3,nan,1.4223115198493323e-08
不使用 GP 产生的状态,250,历史重启阶段最优路径,GP 源内重加权,4,nan,1.068760928276767e-06
不使用 GP 产生的状态,250,历史重启阶段最优路径,GP 源内重加权,5,nan,5.323054494091652e-09
不使用 GP 产生的状态,250,历史重启阶段最优路径,GP 源内重加权,6,nan,1.8339942761560473e-08
不使用 GP 产生的状态,250,历史重启阶段最优路径,GP 源内重加权,7,nan,1.0339000540414383e-08
不使用 GP 产生的状态,250,历史重启阶段最优路径,来源内均匀沉积,0,nan,0.0
不使用 GP 产生的状态,250,历史重启阶段最优路径,来源内均匀沉积,1,nan,0.0
不使用 GP 产生的状态,250,历史重启阶段最优路径,来源内均匀沉积,2,nan,0.0
不使用 GP 产生的状态,250,历史重启阶段最优路径,来源内均匀沉积,3,nan,0.0
不使用 GP 产生的状态,250,历史重启阶段最优路径,来源内均匀沉积,4,nan,0.0
不使用 GP 产生的状态,250,历史重启阶段最优路径,来源内均匀沉积,5,nan,0.0
不使用 GP 产生的状态,250,历史重启阶段最优路径,来源内均匀沉积,6,nan,0.0
不使用 GP 产生的状态,250,历史重启阶段最优路径,来源内均匀沉积,7,nan,0.0
不使用 GP 产生的状态,500,历史全局最优路径,GP 源内重加权,0,nan,4.2468468755188136e-08
不使用 GP 产生的状态,500,历史全局最优路径,GP 源内重加权,1,nan,1.129582886661245e-06
不使用 GP 产生的状态,500,历史全局最优路径,GP 源内重加权,2,nan,3.759550232437427e-07
不使用 GP 产生的状态,500,历史全局最优路径,GP 源内重加权,3,nan,3.662555908966911e-07
不使用 GP 产生的状态,500,历史全局最优路径,GP 源内重加权,4,nan,1.163808887550036e-09
不使用 GP 产生的状态,500,历史全局最优路径,GP 源内重加权,5,nan,7.05031327532791e-07
不使用 GP 产生的状态,500,历史全局最优路径,GP 源内重加权,6,nan,2.1928834287201245e-07
不使用 GP 产生的状态,500,历史全局最优路径,GP 源内重加权,7,nan,7.730495229218625e-08
不使用 GP 产生的状态,500,历史全局最优路径,来源内均匀沉积,0,nan,0.0
不使用 GP 产生的状态,500,历史全局最优路径,来源内均匀沉积,1,nan,0.0
不使用 GP 产生的状态,500,历史全局最优路径,来源内均匀沉积,2,nan,0.0
不使用 GP 产生的状态,500,历史全局最优路径,来源内均匀沉积,3,nan,0.0
不使用 GP 产生的状态,500,历史全局最优路径,来源内均匀沉积,4,nan,0.0
不使用 GP 产生的状态,500,历史全局最优路径,来源内均匀沉积,5,nan,0.0
不使用 GP 产生的状态,500,历史全局最优路径,来源内均匀沉积,6,nan,0.0
不使用 GP 产生的状态,500,历史全局最优路径,来源内均匀沉积,7,nan,0.0
不使用 GP 产生的状态,500,历史重启阶段最优路径,GP 源内重加权,0,nan,4.2468468755188136e-08
不使用 GP 产生的状态,500,历史重启阶段最优路径,GP 源内重加权,1,nan,1.129582886661245e-06
不使用 GP 产生的状态,500,历史重启阶段最优路径,GP 源内重加权,2,nan,3.759550232437427e-07
不使用 GP 产生的状态,500,历史重启阶段最优路径,GP 源内重加权,3,nan,3.662555908966911e-07
不使用 GP 产生的状态,500,历史重启阶段最优路径,GP 源内重加权,4,nan,1.163808887550036e-09
不使用 GP 产生的状态,500,历史重启阶段最优路径,GP 源内重加权,5,nan,7.05031327532791e-07
不使用 GP 产生的状态,500,历史重启阶段最优路径,GP 源内重加权,6,nan,2.1928834287201245e-07
不使用 GP 产生的状态,500,历史重启阶段最优路径,GP 源内重加权,7,nan,7.730495229218625e-08
不使用 GP 产生的状态,500,历史重启阶段最优路径,来源内均匀沉积,0,nan,0.0
不使用 GP 产生的状态,500,历史重启阶段最优路径,来源内均匀沉积,1,nan,0.0
不使用 GP 产生的状态,500,历史重启阶段最优路径,来源内均匀沉积,2,nan,0.0
不使用 GP 产生的状态,500,历史重启阶段最优路径,来源内均匀沉积,3,nan,0.0
不使用 GP 产生的状态,500,历史重启阶段最优路径,来源内均匀沉积,4,nan,0.0
不使用 GP 产生的状态,500,历史重启阶段最优路径,来源内均匀沉积,5,nan,0.0
不使用 GP 产生的状态,500,历史重启阶段最优路径,来源内均匀沉积,6,nan,0.0
不使用 GP 产生的状态,500,历史重启阶段最优路径,来源内均匀沉积,7,nan,0.0
不使用 GP 产生的状态,1000,历史全局最优路径,GP 源内重加权,0,nan,5.825888622334643e-07
不使用 GP 产生的状态,1000,历史全局最优路径,GP 源内重加权,1,0.037375909241266166,6.782564865450522e-06
不使用 GP 产生的状态,1000,历史全局最优路径,GP 源内重加权,2,0.06778522569231399,1.6082353063689402e-05
不使用 GP 产生的状态,1000,历史全局最优路径,GP 源内重加权,3,0.04093693486944787,1.0900761970141443e-05
不使用 GP 产生的状态,1000,历史全局最优路径,GP 源内重加权,4,0.00030077344135123746,2.621151181131195e-06
不使用 GP 产生的状态,1000,历史全局最优路径,GP 源内重加权,5,0.07140591672678126,5.522709190133816e-06
不使用 GP 产生的状态,1000,历史全局最优路径,GP 源内重加权,6,0.05485075036982961,8.636993736181964e-06
不使用 GP 产生的状态,1000,历史全局最优路径,GP 源内重加权,7,0.11966837448723096,9.45084273379477e-06
不使用 GP 产生的状态,1000,历史全局最优路径,来源内均匀沉积,0,nan,0.0
不使用 GP 产生的状态,1000,历史全局最优路径,来源内均匀沉积,1,0.052258246298214565,0.0
不使用 GP 产生的状态,1000,历史全局最优路径,来源内均匀沉积,2,0.08541773495535974,1.163026613827415e-09
不使用 GP 产生的状态,1000,历史全局最优路径,来源内均匀沉积,3,0.05638130145017434,5.3579134857267155e-12
不使用 GP 产生的状态,1000,历史全局最优路径,来源内均匀沉积,4,0.00030064735563478407,0.0
不使用 GP 产生的状态,1000,历史全局最优路径,来源内均匀沉积,5,0.08270150873649244,0.0
不使用 GP 产生的状态,1000,历史全局最优路径,来源内均匀沉积,6,0.0928630879463207,1.9840992767911531e-10
不使用 GP 产生的状态,1000,历史全局最优路径,来源内均匀沉积,7,0.17141917774193124,5.7410164513603625e-11
不使用 GP 产生的状态,1000,历史重启阶段最优路径,GP 源内重加权,0,nan,7.600583022560758e-07
不使用 GP 产生的状态,1000,历史重启阶段最优路径,GP 源内重加权,1,nan,3.612695151890075e-07
不使用 GP 产生的状态,1000,历史重启阶段最优路径,GP 源内重加权,2,0.09929863160886439,0.00012136524501239609
不使用 GP 产生的状态,1000,历史重启阶段最优路径,GP 源内重加权,3,nan,1.8858005876157546e-09
不使用 GP 产生的状态,1000,历史重启阶段最优路径,GP 源内重加权,4,nan,3.553479654010331e-07
不使用 GP 产生的状态,1000,历史重启阶段最优路径,GP 源内重加权,5,nan,9.517514153857192e-09
不使用 GP 产生的状态,1000,历史重启阶段最优路径,GP 源内重加权,6,nan,1.4273440805671714e-09
不使用 GP 产生的状态,1000,历史重启阶段最优路径,GP 源内重加权,7,nan,3.8517176439310327e-07
不使用 GP 产生的状态,1000,历史重启阶段最优路径,来源内均匀沉积,0,nan,0.0
不使用 GP 产生的状态,1000,历史重启阶段最优路径,来源内均匀沉积,1,nan,0.0
不使用 GP 产生的状态,1000,历史重启阶段最优路径,来源内均匀沉积,2,0.13228950314938187,4.722665311302627e-10
不使用 GP 产生的状态,1000,历史重启阶段最优路径,来源内均匀沉积,3,nan,0.0
不使用 GP 产生的状态,1000,历史重启阶段最优路径,来源内均匀沉积,4,nan,0.0
不使用 GP 产生的状态,1000,历史重启阶段最优路径,来源内均匀沉积,5,nan,0.0
不使用 GP 产生的状态,1000,历史重启阶段最优路径,来源内均匀沉积,6,nan,0.0
不使用 GP 产生的状态,1000,历史重启阶段最优路径,来源内均匀沉积,7,nan,0.0
不使用 GP 产生的状态,2500,历史全局最优路径,GP 源内重加权,0,0.007711880976946285,8.883532856729014e-06
不使用 GP 产生的状态,2500,历史全局最优路径,GP 源内重加权,1,nan,1.811482211840682e-09
不使用 GP 产生的状态,2500,历史全局最优路径,GP 源内重加权,2,0.0975548940722424,5.7406564142369e-05
不使用 GP 产生的状态,2500,历史全局最优路径,GP 源内重加权,3,0.040989222155997984,1.9205539592587087e-05
不使用 GP 产生的状态,2500,历史全局最优路径,GP 源内重加权,4,0.04371118465768137,1.565987114489336e-05
不使用 GP 产生的状态,2500,历史全局最优路径,GP 源内重加权,5,nan,3.6602835469574806e-07
不使用 GP 产生的状态,2500,历史全局最优路径,GP 源内重加权,6,0.06351766180253295,7.229970080952855e-06
不使用 GP 产生的状态,2500,历史全局最优路径,GP 源内重加权,7,0.07137938994762814,0.0003194519881012227
不使用 GP 产生的状态,2500,历史全局最优路径,来源内均匀沉积,0,0.007411172504827161,0.0
不使用 GP 产生的状态,2500,历史全局最优路径,来源内均匀沉积,1,nan,0.0
不使用 GP 产生的状态,2500,历史全局最优路径,来源内均匀沉积,2,0.13825261576261239,5.681788796365533e-12
不使用 GP 产生的状态,2500,历史全局最优路径,来源内均匀沉积,3,0.06267817563689516,7.023594179988876e-10
不使用 GP 产生的状态,2500,历史全局最优路径,来源内均匀沉积,4,0.07488907942087016,0.0
不使用 GP 产生的状态,2500,历史全局最优路径,来源内均匀沉积,5,nan,0.0
不使用 GP 产生的状态,2500,历史全局最优路径,来源内均匀沉积,6,0.08161866341288526,2.0853026517416936e-09
不使用 GP 产生的状态,2500,历史全局最优路径,来源内均匀沉积,7,0.10437679642157376,7.698954170863601e-10
不使用 GP 产生的状态,2500,历史重启阶段最优路径,GP 源内重加权,0,0.013891234223823419,9.00471438720177e-07
不使用 GP 产生的状态,2500,历史重启阶段最优路径,GP 源内重加权,1,nan,1.811482211840682e-09
不使用 GP 产生的状态,2500,历史重启阶段最优路径,GP 源内重加权,2,0.07579776054512688,9.912832526164777e-06
不使用 GP 产生的状态,2500,历史重启阶段最优路径,GP 源内重加权,3,nan,1.8243557493376395e-09
不使用 GP 产生的状态,2500,历史重启阶段最优路径,GP 源内重加权,4,nan,2.5073652148653744e-09
不使用 GP 产生的状态,2500,历史重启阶段最优路径,GP 源内重加权,5,nan,3.659208012765498e-07
不使用 GP 产生的状态,2500,历史重启阶段最优路径,GP 源内重加权,6,0.08743845730674892,6.902526634027697e-05
不使用 GP 产生的状态,2500,历史重启阶段最优路径,GP 源内重加权,7,0.12150687046711744,9.035934753647528e-06
不使用 GP 产生的状态,2500,历史重启阶段最优路径,来源内均匀沉积,0,0.013411148779420255,3.7108254949584144e-10
不使用 GP 产生的状态,2500,历史重启阶段最优路径,来源内均匀沉积,1,nan,0.0
不使用 GP 产生的状态,2500,历史重启阶段最优路径,来源内均匀沉积,2,0.09390662863341338,3.1432161284911825e-10
不使用 GP 产生的状态,2500,历史重启阶段最优路径,来源内均匀沉积,3,nan,0.0
不使用 GP 产生的状态,2500,历史重启阶段最优路径,来源内均匀沉积,4,nan,0.0
不使用 GP 产生的状态,2500,历史重启阶段最优路径,来源内均匀沉积,5,nan,0.0
不使用 GP 产生的状态,2500,历史重启阶段最优路径,来源内均匀沉积,6,0.11934858752074325,1.2105237892533367e-09
不使用 GP 产生的状态,2500,历史重启阶段最优路径,来源内均匀沉积,7,0.1302738541575066,9.475777586626728e-10
