state_owner,snapshot_iteration,historical_source,update_rule,metric,mean,point_low,point_high,instances
GP 表达式自身产生的状态,1,历史全局最优路径,GP 源内重加权,unaffected_probability_tv,0.0,0.0,0.0,8
GP 表达式自身产生的状态,1,历史全局最优路径,来源内均匀沉积,unaffected_probability_tv,0.0,0.0,0.0,8
GP 表达式自身产生的状态,1,历史重启阶段最优路径,GP 源内重加权,unaffected_probability_tv,0.0,0.0,0.0,8
GP 表达式自身产生的状态,1,历史重启阶段最优路径,来源内均匀沉积,unaffected_probability_tv,0.0,0.0,0.0,8
GP 表达式自身产生的状态,100,历史全局最优路径,GP 源内重加权,affected_probability_tv,0.06680356579423406,0.04778666534040449,0.09047205362495635,7
GP 表达式自身产生的状态,100,历史全局最优路径,GP 源内重加权,unaffected_probability_tv,4.239673805722572e-05,1.5355784554828403e-05,7.347537003503912e-05,8
GP 表达式自身产生的状态,100,历史全局最优路径,来源内均匀沉积,affected_probability_tv,0.09228914691028292,0.07139921990490912,0.1192623506770457,7
GP 表达式自身产生的状态,100,历史全局最优路径,来源内均匀沉积,unaffected_probability_tv,3.9471820634768947e-10,2.7369881025225976e-10,5.226843601382118e-10,8
GP 表达式自身产生的状态,100,历史重启阶段最优路径,GP 源内重加权,affected_probability_tv,0.06680356579423406,0.047786665340404495,0.09012483416951507,7
GP 表达式自身产生的状态,100,历史重启阶段最优路径,GP 源内重加权,unaffected_probability_tv,4.239673805722572e-05,1.526586624941144e-05,7.285322307880307e-05,8
GP 表达式自身产生的状态,100,历史重启阶段最优路径,来源内均匀沉积,affected_probability_tv,0.09228914691028292,0.0715433579043966,0.11793114491027379,7
GP 表达式自身产生的状态,100,历史重启阶段最优路径,来源内均匀沉积,unaffected_probability_tv,3.9471820634768947e-10,2.7537911137608174e-10,5.24809370869542e-10,8
GP 表达式自身产生的状态,250,历史全局最优路径,GP 源内重加权,unaffected_probability_tv,1.828174438053791e-07,5.959006714461892e-08,3.228026814177865e-07,8
GP 表达式自身产生的状态,250,历史全局最优路径,来源内均匀沉积,unaffected_probability_tv,8.974020743296146e-11,0.0,2.2386393395361711e-10,8
GP 表达式自身产生的状态,250,历史重启阶段最优路径,GP 源内重加权,unaffected_probability_tv,1.828174438053791e-07,6.111459040306126e-08,3.228041540921009e-07,8
GP 表达式自身产生的状态,250,历史重启阶段最优路径,来源内均匀沉积,unaffected_probability_tv,8.974020743296146e-11,1.4045744555637865e-12,2.238639339536171e-10,8
GP 表达式自身产生的状态,500,历史全局最优路径,GP 源内重加权,unaffected_probability_tv,9.0267760027774e-08,1.3395129959934475e-09,2.668617543994428e-07,8
GP 表达式自身产生的状态,500,历史全局最优路径,来源内均匀沉积,unaffected_probability_tv,5.351449597254917e-12,0.0,1.605434879176475e-11,8
GP 表达式自身产生的状态,500,历史重启阶段最优路径,GP 源内重加权,unaffected_probability_tv,2.0773667945166074e-09,1.3008966597866655e-09,3.3563743920716097e-09,8
GP 表达式自身产生的状态,500,历史重启阶段最优路径,来源内均匀沉积,unaffected_probability_tv,5.351449597254917e-12,0.0,1.605434879176475e-11,8
GP 表达式自身产生的状态,1000,历史全局最优路径,GP 源内重加权,affected_probability_tv,0.05800433296230044,0.038904726285164566,0.0801364944825483,7
GP 表达式自身产生的状态,1000,历史全局最优路径,GP 源内重加权,unaffected_probability_tv,7.2823646590551365e-06,3.1510707940457016e-06,1.1434162449131601e-05,8
GP 表达式自身产生的状态,1000,历史全局最优路径,来源内均匀沉积,affected_probability_tv,0.08288547581027704,0.05206279255186669,0.11652152094463518,7
GP 表达式自身产生的状态,1000,历史全局最优路径,来源内均匀沉积,unaffected_probability_tv,1.6024865806040843e-10,6.452614274607287e-11,2.535508632142397e-10,8
GP 表达式自身产生的状态,1000,历史重启阶段最优路径,GP 源内重加权,affected_probability_tv,0.07988454140433779,0.07119536175918968,0.0885737210494859,2
GP 表达式自身产生的状态,1000,历史重启阶段最优路径,GP 源内重加权,unaffected_probability_tv,1.43876542921474e-06,4.861444440609339e-08,3.3645645805048543e-06,8
GP 表达式自身产生的状态,1000,历史重启阶段最优路径,来源内均匀沉积,affected_probability_tv,0.1210565451724343,0.09758417063369847,0.14452891971117013,2
GP 表达式自身产生的状态,1000,历史重启阶段最优路径,来源内均匀沉积,unaffected_probability_tv,1.1886984639179495e-10,3.4190217932558346e-11,2.1003607309139574e-10,8
GP 表达式自身产生的状态,2500,历史全局最优路径,GP 源内重加权,affected_probability_tv,0.05512921644409002,0.041414100947753774,0.07043453698506016,8
GP 表达式自身产生的状态,2500,历史全局最优路径,GP 源内重加权,unaffected_probability_tv,1.8080780905414453e-05,9.842998924663749e-06,2.6896471562021712e-05,8
GP 表达式自身产生的状态,2500,历史全局最优路径,来源内均匀沉积,affected_probability_tv,0.08495755500364725,0.0644574128545541,0.10630330459158902,8
GP 表达式自身产生的状态,2500,历史全局最优路径,来源内均匀沉积,unaffected_probability_tv,2.151272596204691e-10,4.4724009701360725e-11,4.41625840167206e-10,8
GP 表达式自身产生的状态,2500,历史重启阶段最优路径,GP 源内重加权,affected_probability_tv,0.0539657885964477,0.01853286588892457,0.08555076123433877,4
GP 表达式自身产生的状态,2500,历史重启阶段最优路径,GP 源内重加权,unaffected_probability_tv,3.1352263604170053e-06,6.749890026492999e-07,6.3396603187509336e-06,8
GP 表达式自身产生的状态,2500,历史重启阶段最优路径,来源内均匀沉积,affected_probability_tv,0.05861076550109855,0.020199449088894386,0.09532313235830277,4
GP 表达式自身产生的状态,2500,历史重启阶段最优路径,来源内均匀沉积,unaffected_probability_tv,1.3493631222269024e-11,6.541218437560926e-14,4.010987666767046e-11,8
不使用 GP 产生的状态,1,历史全局最优路径,GP 源内重加权,unaffected_probability_tv,0.0,0.0,0.0,8
不使用 GP 产生的状态,1,历史全局最优路径,来源内均匀沉积,unaffected_probability_tv,0.0,0.0,0.0,8
不使用 GP 产生的状态,1,历史重启阶段最优路径,GP 源内重加权,unaffected_probability_tv,0.0,0.0,0.0,8
不使用 GP 产生的状态,1,历史重启阶段最优路径,来源内均匀沉积,unaffected_probability_tv,0.0,0.0,0.0,8
不使用 GP 产生的状态,100,历史全局最优路径,GP 源内重加权,affected_probability_tv,0.06273928531087816,0.048342964071581,0.07652032371720069,8
不使用 GP 产生的状态,100,历史全局最优路径,GP 源内重加权,unaffected_probability_tv,0.00025327512497668006,0.000170098176512279,0.0003445681672609919,8
不使用 GP 产生的状态,100,历史全局最优路径,来源内均匀沉积,affected_probability_tv,0.07973061449927002,0.06093079344361338,0.09800131619086636,8
不使用 GP 产生的状态,100,历史全局最优路径,来源内均匀沉积,unaffected_probability_tv,8.138912854577499e-10,3.170130574764683e-10,1.4882354241494164e-09,8
不使用 GP 产生的状态,100,历史重启阶段最优路径,GP 源内重加权,affected_probability_tv,0.06273928531087816,0.04824959115525082,0.07638689810651222,8
不使用 GP 产生的状态,100,历史重启阶段最优路径,GP 源内重加权,unaffected_probability_tv,0.00025327512497668006,0.00017154672650638618,0.0003446849030883717,8
不使用 GP 产生的状态,100,历史重启阶段最优路径,来源内均匀沉积,affected_probability_tv,0.07973061449927002,0.06170761323567588,0.09833688948744262,8
不使用 GP 产生的状态,100,历史重启阶段最优路径,来源内均匀沉积,unaffected_probability_tv,8.138912854577499e-10,3.196676773882565e-10,1.4845359630674418e-09,8
不使用 GP 产生的状态,250,历史全局最优路径,GP 源内重加权,unaffected_probability_tv,1.403348560996468e-07,4.479586506119587e-09,4.0671719531200413e-07,8
不使用 GP 产生的状态,250,历史全局最优路径,来源内均匀沉积,unaffected_probability_tv,0.0,0.0,0.0,8
不使用 GP 产生的状态,250,历史重启阶段最优路径,GP 源内重加权,unaffected_probability_tv,1.403348560996468e-07,4.3456238763712985e-09,4.0697639374676696e-07,8
不使用 GP 产生的状态,250,历史重启阶段最优路径,来源内均匀沉积,unaffected_probability_tv,0.0,0.0,0.0,8
不使用 GP 产生的状态,500,历史全局最优路径,GP 源内重加权,unaffected_probability_tv,3.646313001426758e-07,1.399500360324336e-07,6.252840198055943e-07,8
不使用 GP 产生的状态,500,历史全局最优路径,来源内均匀沉积,unaffected_probability_tv,0.0,0.0,0.0,8
不使用 GP 产生的状态,500,历史重启阶段最优路径,GP 源内重加权,unaffected_probability_tv,3.646313001426758e-07,1.4277950915847505e-07,6.365599600762412e-07,8
不使用 GP 产生的状态,500,历史重启阶段最优路径,来源内均匀沉积,unaffected_probability_tv,0.0,0.0,0.0,8
不使用 GP 产生的状态,1000,历史全局最优路径,GP 源内重加权,affected_probability_tv,0.05604626926117444,0.0313142909614748,0.08234992065503093,7
不使用 GP 产生的状态,1000,历史全局最优路径,GP 源内重加权,unaffected_probability_tv,7.572495700344572e-06,4.446984661375683e-06,1.0776721182994274e-05,8
不使用 GP 产生的状态,1000,历史全局最优路径,来源内均匀沉积,affected_probability_tv,0.07733452921201825,0.04294027127779141,0.1140659539509994,7
不使用 GP 产生的状态,1000,历史全局最优路径,来源内均匀沉积,unaffected_probability_tv,1.780255774382326e-10,7.176270564200453e-12,4.687822308950864e-10,8
不使用 GP 产生的状态,1000,历史重启阶段最优路径,GP 源内重加权,unaffected_probability_tv,1.540499040230717e-05,1.3995540153145426e-07,4.57430118009611e-05,8
不使用 GP 产生的状态,1000,历史重启阶段最优路径,来源内均匀沉积,unaffected_probability_tv,5.903331639128284e-11,0.0,1.7709994917384853e-10,8
不使用 GP 产生的状态,2500,历史全局最优路径,GP 源内重加权,affected_probability_tv,0.05414403893550485,0.03170007525367933,0.07617369391661861,6
不使用 GP 产生的状态,2500,历史全局最优路径,GP 源内重加权,unaffected_probability_tv,5.352566321945769e-05,6.777001692632955e-06,0.0001324846875493678,8
不使用 GP 产生的状态,2500,历史全局最优路径,来源内均匀沉积,affected_probability_tv,0.07820441719327732,0.045151192164305944,0.10881404225574631,6
不使用 GP 产生的状态,2500,历史全局最优路径,来源内均匀沉积,unaffected_probability_tv,4.4540490945291333e-10,8.779492724986095e-11,9.744801042647137e-10,8
不使用 GP 产生的状态,2500,历史重启阶段最优路径,GP 源内重加权,affected_probability_tv,0.07465858063570416,0.032278039994554794,0.1100795929866198,4
不使用 GP 产生的状态,2500,历史重启阶段最优路径,GP 源内重加权,unaffected_probability_tv,1.1155821132907755e-05,1.1767693543517079e-06,2.8411596252856472e-05,8
不使用 GP 产生的状态,2500,历史重启阶段最优路径,来源内均匀沉积,affected_probability_tv,0.08923505477277088,0.039895508464751005,0.12481122083912494,4
不使用 GP 产生的状态,2500,历史重启阶段最优路径,来源内均匀沉积,unaffected_probability_tv,3.554382137826212e-10,7.858040321227956e-11,6.908408606356695e-10,8
