state_owner,snapshot_iteration,source,phase,metric,mean,point_low,point_high,instances
GP 表达式自身产生的状态,1,历史全局最优路径,更新前,deposit_l1_over_budget,0.20715617778229747,0.20464046589096951,0.2097692829424836,8
GP 表达式自身产生的状态,1,历史全局最优路径,更新前,source_edge_tau_l1_over_two_budget,0.0,0.0,0.0,8
GP 表达式自身产生的状态,1,历史全局最优路径,更新前,global_tau_relative_l1,0.0,0.0,0.0,8
GP 表达式自身产生的状态,1,历史全局最优路径,沉积后,deposit_l1_over_budget,0.20715617778229747,0.20471440729837959,0.2098114633577627,8
GP 表达式自身产生的状态,1,历史全局最优路径,沉积后,source_edge_tau_l1_over_two_budget,0.20715618099657712,0.20463527642309937,0.20979023131597502,8
GP 表达式自身产生的状态,1,历史全局最优路径,沉积后,global_tau_relative_l1,0.00016681675422404452,0.00016487693057147347,0.00016891949794709872,8
GP 表达式自身产生的状态,1,历史全局最优路径,蒸发和下界保护后,deposit_l1_over_budget,0.20715617778229747,0.20465616232483202,0.20982504065690216,8
GP 表达式自身产生的状态,1,历史全局最优路径,蒸发和下界保护后,source_edge_tau_l1_over_two_budget,0.0,0.0,0.0,8
GP 表达式自身产生的状态,1,历史全局最优路径,蒸发和下界保护后,global_tau_relative_l1,0.0,0.0,0.0,8
GP 表达式自身产生的状态,1,历史全局最优路径,重启和可选上界处理后,deposit_l1_over_budget,0.20715617778229747,0.20462001202496022,0.20977938064717191,8
GP 表达式自身产生的状态,1,历史全局最优路径,重启和可选上界处理后,source_edge_tau_l1_over_two_budget,0.20715618099657712,0.20461692472748116,0.20977923444054175,8
GP 表达式自身产生的状态,1,历史全局最优路径,重启和可选上界处理后,global_tau_relative_l1,0.00016681675422404452,0.00016483568990307692,0.00016890894215509846,8
GP 表达式自身产生的状态,1,历史重启阶段最优路径,更新前,deposit_l1_over_budget,0.20715617778229747,0.20465358757468552,0.20980706173398397,8
GP 表达式自身产生的状态,1,历史重启阶段最优路径,更新前,source_edge_tau_l1_over_two_budget,0.0,0.0,0.0,8
GP 表达式自身产生的状态,1,历史重启阶段最优路径,更新前,global_tau_relative_l1,0.0,0.0,0.0,8
GP 表达式自身产生的状态,1,历史重启阶段最优路径,沉积后,deposit_l1_over_budget,0.20715617778229747,0.20467228946473315,0.2097853981301945,8
GP 表达式自身产生的状态,1,历史重启阶段最优路径,沉积后,source_edge_tau_l1_over_two_budget,0.20715618099657712,0.2047353940596704,0.20987478904928722,8
GP 表达式自身产生的状态,1,历史重启阶段最优路径,沉积后,global_tau_relative_l1,0.00016681675422404452,0.00016482402208971354,0.00016894040404730046,8
GP 表达式自身产生的状态,1,历史重启阶段最优路径,蒸发和下界保护后,deposit_l1_over_budget,0.20715617778229747,0.20468801913834087,0.20984620033500176,8
GP 表达式自身产生的状态,1,历史重启阶段最优路径,蒸发和下界保护后,source_edge_tau_l1_over_two_budget,0.0,0.0,0.0,8
GP 表达式自身产生的状态,1,历史重启阶段最优路径,蒸发和下界保护后,global_tau_relative_l1,0.0,0.0,0.0,8
GP 表达式自身产生的状态,1,历史重启阶段最优路径,重启和可选上界处理后,deposit_l1_over_budget,0.20715617778229747,0.2046366078474615,0.2097933671300496,8
GP 表达式自身产生的状态,1,历史重启阶段最优路径,重启和可选上界处理后,source_edge_tau_l1_over_two_budget,0.20715618099657712,0.2046729929695768,0.20980405025510718,8
GP 表达式自身产生的状态,1,历史重启阶段最优路径,重启和可选上界处理后,global_tau_relative_l1,0.00016681675422404452,0.00016487495304663282,0.00016888134613928877,8
GP 表达式自身产生的状态,1,本轮最优路径,更新前,deposit_l1_over_budget,0.20715617778229747,0.2046139349458589,0.20979028877123496,8
GP 表达式自身产生的状态,1,本轮最优路径,更新前,source_edge_tau_l1_over_two_budget,0.0,0.0,0.0,8
GP 表达式自身产生的状态,1,本轮最优路径,更新前,global_tau_relative_l1,0.0,0.0,0.0,8
GP 表达式自身产生的状态,1,本轮最优路径,沉积后,deposit_l1_over_budget,0.20715617778229747,0.20465199976326698,0.20977689964374616,8
GP 表达式自身产生的状态,1,本轮最优路径,沉积后,source_edge_tau_l1_over_two_budget,0.20715618099657712,0.20464056684166024,0.20976263671071654,8
GP 表达式自身产生的状态,1,本轮最优路径,沉积后,global_tau_relative_l1,0.00016681675422404452,0.00016485407350147024,0.0001689647881471004,8
GP 表达式自身产生的状态,1,本轮最优路径,蒸发和下界保护后,deposit_l1_over_budget,0.20715617778229747,0.20467298325950742,0.20979024395400808,8
GP 表达式自身产生的状态,1,本轮最优路径,蒸发和下界保护后,source_edge_tau_l1_over_two_budget,0.0,0.0,0.0,8
GP 表达式自身产生的状态,1,本轮最优路径,蒸发和下界保护后,global_tau_relative_l1,0.0,0.0,0.0,8
GP 表达式自身产生的状态,1,本轮最优路径,重启和可选上界处理后,deposit_l1_over_budget,0.20715617778229747,0.2046418888216369,0.2098213832091055,8
GP 表达式自身产生的状态,1,本轮最优路径,重启和可选上界处理后,source_edge_tau_l1_over_two_budget,0.20715618099657712,0.20471969693252826,0.20983737698570676,8
GP 表达式自身产生的状态,1,本轮最优路径,重启和可选上界处理后,global_tau_relative_l1,0.00016681675422404452,0.00016485407350147024,0.00016896481103018227,8
GP 表达式自身产生的状态,100,历史全局最优路径,更新前,deposit_l1_over_budget,0.03379100185853732,0.02453772253676298,0.04457764782743364,8
GP 表达式自身产生的状态,100,历史全局最优路径,更新前,source_edge_tau_l1_over_two_budget,0.0,0.0,0.0,8
GP 表达式自身产生的状态,100,历史全局最优路径,更新前,global_tau_relative_l1,0.0,0.0,0.0,8
GP 表达式自身产生的状态,100,历史全局最优路径,沉积后,deposit_l1_over_budget,0.03379100185853732,0.024767731189475662,0.04489792229125629,8
GP 表达式自身产生的状态,100,历史全局最优路径,沉积后,source_edge_tau_l1_over_two_budget,0.03379100676411211,0.024575652214500955,0.044619314705986596,8
GP 表达式自身产生的状态,100,历史全局最优路径,沉积后,global_tau_relative_l1,2.9477636772673757e-05,2.1526495075680575e-05,3.892842073457695e-05,8
GP 表达式自身产生的状态,100,历史全局最优路径,蒸发和下界保护后,deposit_l1_over_budget,0.03379100185853732,0.024648920665615567,0.04484507608855812,8
GP 表达式自身产生的状态,100,历史全局最优路径,蒸发和下界保护后,source_edge_tau_l1_over_two_budget,0.0,0.0,0.0,8
GP 表达式自身产生的状态,100,历史全局最优路径,蒸发和下界保护后,global_tau_relative_l1,0.0,0.0,0.0,8
GP 表达式自身产生的状态,100,历史全局最优路径,重启和可选上界处理后,deposit_l1_over_budget,0.03379100185853732,0.024648920665615567,0.04450817994376613,8
GP 表达式自身产生的状态,100,历史全局最优路径,重启和可选上界处理后,source_edge_tau_l1_over_two_budget,0.03379100676411211,0.024383454101804723,0.04449591149783054,8
GP 表达式自身产生的状态,100,历史全局最优路径,重启和可选上界处理后,global_tau_relative_l1,2.9477636772673757e-05,2.1515380016128503e-05,3.8801782200702535e-05,8
GP 表达式自身产生的状态,100,历史重启阶段最优路径,更新前,deposit_l1_over_budget,0.03379100185853732,0.02460763632723469,0.04476590206770697,8
GP 表达式自身产生的状态,100,历史重启阶段最优路径,更新前,source_edge_tau_l1_over_two_budget,0.0,0.0,0.0,8
GP 表达式自身产生的状态,100,历史重启阶段最优路径,更新前,global_tau_relative_l1,0.0,0.0,0.0,8
GP 表达式自身产生的状态,100,历史重启阶段最优路径,沉积后,deposit_l1_over_budget,0.03379100185853732,0.02460763632723469,0.04463661759685908,8
GP 表达式自身产生的状态,100,历史重启阶段最优路径,沉积后,source_edge_tau_l1_over_two_budget,0.03379100676411211,0.024564278749853036,0.04443595386456375,8
GP 表达式自身产生的状态,100,历史重启阶段最优路径,沉积后,global_tau_relative_l1,2.9477636772673757e-05,2.1461490425116326e-05,3.888714698844331e-05,8
GP 表达式自身产生的状态,100,历史重启阶段最优路径,蒸发和下界保护后,deposit_l1_over_budget,0.03379100185853732,0.02460763632723469,0.04476154576619199,8
GP 表达式自身产生的状态,100,历史重启阶段最优路径,蒸发和下界保护后,source_edge_tau_l1_over_two_budget,0.0,0.0,0.0,8
GP 表达式自身产生的状态,100,历史重启阶段最优路径,蒸发和下界保护后,global_tau_relative_l1,0.0,0.0,0.0,8
GP 表达式自身产生的状态,100,历史重启阶段最优路径,重启和可选上界处理后,deposit_l1_over_budget,0.03379100185853732,0.02457566222985079,0.04463851620967344,8
GP 表达式自身产生的状态,100,历史重启阶段最优路径,重启和可选上界处理后,source_edge_tau_l1_over_two_budget,0.03379100676411211,0.024489066888132266,0.04450733949738839,8
GP 表达式自身产生的状态,100,历史重启阶段最优路径,重启和可选上界处理后,global_tau_relative_l1,2.9477636772673757e-05,2.1585777283516835e-05,3.8801782200702535e-05,8
GP 表达式自身产生的状态,100,本轮最优路径,更新前,deposit_l1_over_budget,0.03929629042188411,0.028845106297583172,0.05103710872172683,8
GP 表达式自身产生的状态,100,本轮最优路径,更新前,source_edge_tau_l1_over_two_budget,0.0,0.0,0.0,8
GP 表达式自身产生的状态,100,本轮最优路径,更新前,global_tau_relative_l1,0.0,0.0,0.0,8
GP 表达式自身产生的状态,100,本轮最优路径,沉积后,deposit_l1_over_budget,0.03929629042188411,0.029204015030545025,0.051242298252885066,8
GP 表达式自身产生的状态,100,本轮最优路径,沉积后,source_edge_tau_l1_over_two_budget,0.039296287250613626,0.02921599032796443,0.051078307646516004,8
GP 表达式自身产生的状态,100,本轮最优路径,沉积后,global_tau_relative_l1,3.4254259796393614e-05,2.556339182968825e-05,4.461685628597139e-05,8
GP 表达式自身产生的状态,100,本轮最优路径,蒸发和下界保护后,deposit_l1_over_budget,0.03929629042188411,0.029143424479550956,0.0509454911488354,8
GP 表达式自身产生的状态,100,本轮最优路径,蒸发和下界保护后,source_edge_tau_l1_over_two_budget,0.0,0.0,0.0,8
GP 表达式自身产生的状态,100,本轮最优路径,蒸发和下界保护后,global_tau_relative_l1,0.0,0.0,0.0,8
GP 表达式自身产生的状态,100,本轮最优路径,重启和可选上界处理后,deposit_l1_over_budget,0.03929629042188411,0.029124622525418736,0.05092698901941044,8
GP 表达式自身产生的状态,100,本轮最优路径,重启和可选上界处理后,source_edge_tau_l1_over_two_budget,0.039296287250613626,0.029106640620215743,0.05119559045763382,8
GP 表达式自身产生的状态,100,本轮最优路径,重启和可选上界处理后,global_tau_relative_l1,3.4254259796393614e-05,2.5636607386737663e-05,4.4285068138455856e-05,8
GP 表达式自身产生的状态,250,历史全局最优路径,更新前,deposit_l1_over_budget,0.003152438136006336,0.0021582568417722126,0.004307954120120208,8
GP 表达式自身产生的状态,250,历史全局最优路径,更新前,source_edge_tau_l1_over_two_budget,0.0,0.0,0.0,8
GP 表达式自身产生的状态,250,历史全局最优路径,更新前,global_tau_relative_l1,0.0,0.0,0.0,8
GP 表达式自身产生的状态,250,历史全局最优路径,沉积后,deposit_l1_over_budget,0.003152438136006336,0.0021643787954090457,0.004320213503086949,8
GP 表达式自身产生的状态,250,历史全局最优路径,沉积后,source_edge_tau_l1_over_two_budget,0.0031524376839840197,0.0021583121702465984,0.004293991994423023,8
GP 表达式自身产生的状态,250,历史全局最优路径,沉积后,global_tau_relative_l1,2.7947144973115155e-06,1.9206553742086778e-06,3.819958213195543e-06,8
GP 表达式自身产生的状态,250,历史全局最优路径,蒸发和下界保护后,deposit_l1_over_budget,0.003152438136006336,0.002178753950392888,0.004339949645995089,8
GP 表达式自身产生的状态,250,历史全局最优路径,蒸发和下界保护后,source_edge_tau_l1_over_two_budget,0.0,0.0,0.0,8
GP 表达式自身产生的状态,250,历史全局最优路径,蒸发和下界保护后,global_tau_relative_l1,0.0,0.0,0.0,8
GP 表达式自身产生的状态,250,历史全局最优路径,重启和可选上界处理后,deposit_l1_over_budget,0.003152438136006336,0.002192354563206149,0.004307962388374028,8
GP 表达式自身产生的状态,250,历史全局最优路径,重启和可选上界处理后,source_edge_tau_l1_over_two_budget,0.0031524376839840197,0.002195708967961077,0.004306100259835738,8
GP 表达式自身产生的状态,250,历史全局最优路径,重启和可选上界处理后,global_tau_relative_l1,2.7947144973115155e-06,1.9333646043990693e-06,3.825430675813043e-06,8
GP 表达式自身产生的状态,250,历史重启阶段最优路径,更新前,deposit_l1_over_budget,0.003152438136006336,0.0021782973751170664,0.004303513028304234,8
GP 表达式自身产生的状态,250,历史重启阶段最优路径,更新前,source_edge_tau_l1_over_two_budget,0.0,0.0,0.0,8
GP 表达式自身产生的状态,250,历史重启阶段最优路径,更新前,global_tau_relative_l1,0.0,0.0,0.0,8
GP 表达式自身产生的状态,250,历史重启阶段最优路径,沉积后,deposit_l1_over_budget,0.003152438136006336,0.002190637458140734,0.004305898939288609,8
GP 表达式自身产生的状态,250,历史重启阶段最优路径,沉积后,source_edge_tau_l1_over_two_budget,0.0031524376839840197,0.0021731524482969285,0.0043058977943528825,8
GP 表达式自身产生的状态,250,历史重启阶段最优路径,沉积后,global_tau_relative_l1,2.7947144973115155e-06,1.9560654009640764e-06,3.814997533843792e-06,8
GP 表达式自身产生的状态,250,历史重启阶段最优路径,蒸发和下界保护后,deposit_l1_over_budget,0.003152438136006336,0.002152889794052477,0.004320189361562068,8
GP 表达式自身产生的状态,250,历史重启阶段最优路径,蒸发和下界保护后,source_edge_tau_l1_over_two_budget,0.0,0.0,0.0,8
GP 表达式自身产生的状态,250,历史重启阶段最优路径,蒸发和下界保护后,global_tau_relative_l1,0.0,0.0,0.0,8
GP 表达式自身产生的状态,250,历史重启阶段最优路径,重启和可选上界处理后,deposit_l1_over_budget,0.003152438136006336,0.0021833230180193864,0.004307962388374028,8
GP 表达式自身产生的状态,250,历史重启阶段最优路径,重启和可选上界处理后,source_edge_tau_l1_over_two_budget,0.0031524376839840197,0.0021854490695394704,0.004316380968968405,8
GP 表达式自身产生的状态,250,历史重启阶段最优路径,重启和可选上界处理后,global_tau_relative_l1,2.7947144973115155e-06,1.93054537801187e-06,3.824462016277537e-06,8
GP 表达式自身产生的状态,250,本轮最优路径,更新前,deposit_l1_over_budget,0.0030286554605050238,0.0021684689511822968,0.004024786368703793,8
GP 表达式自身产生的状态,250,本轮最优路径,更新前,source_edge_tau_l1_over_two_budget,0.0,0.0,0.0,8
GP 表达式自身产生的状态,250,本轮最优路径,更新前,global_tau_relative_l1,0.0,0.0,0.0,8
GP 表达式自身产生的状态,250,本轮最优路径,沉积后,deposit_l1_over_budget,0.0030286554605050238,0.0021666921571881713,0.003986795622522333,8
GP 表达式自身产生的状态,250,本轮最优路径,沉积后,source_edge_tau_l1_over_two_budget,0.0030286528477926015,0.002150615641806237,0.003988317315888408,8
GP 表达式自身产生的状态,250,本轮最优路径,沉积后,global_tau_relative_l1,2.6855152356641503e-06,1.9161944035512597e-06,3.553202778578487e-06,8
GP 表达式自身产生的状态,250,本轮最优路径,蒸发和下界保护后,deposit_l1_over_budget,0.0030286554605050238,0.002173355709194061,0.004024391194381145,8
GP 表达式自身产生的状态,250,本轮最优路径,蒸发和下界保护后,source_edge_tau_l1_over_two_budget,0.0,0.0,0.0,8
GP 表达式自身产生的状态,250,本轮最优路径,蒸发和下界保护后,global_tau_relative_l1,0.0,0.0,0.0,8
GP 表达式自身产生的状态,250,本轮最优路径,重启和可选上界处理后,deposit_l1_over_budget,0.0030286554605050238,0.002157781258029118,0.0040355518984677595,8
GP 表达式自身产生的状态,250,本轮最优路径,重启和可选上界处理后,source_edge_tau_l1_over_two_budget,0.0030286528477926015,0.002159985746344615,0.004029295748680299,8
GP 表达式自身产生的状态,250,本轮最优路径,重启和可选上界处理后,global_tau_relative_l1,2.6855152356641503e-06,1.9213428257992234e-06,3.5368196457858642e-06,8
GP 表达式自身产生的状态,500,历史全局最优路径,更新前,deposit_l1_over_budget,0.0032544768470773506,0.0015214206297427563,0.006485124650423075,8
GP 表达式自身产生的状态,500,历史全局最优路径,更新前,source_edge_tau_l1_over_two_budget,0.0,0.0,0.0,8
GP 表达式自身产生的状态,500,历史全局最优路径,更新前,global_tau_relative_l1,0.0,0.0,0.0,8
GP 表达式自身产生的状态,500,历史全局最优路径,沉积后,deposit_l1_over_budget,0.0032544768470773506,0.0015214206297427563,0.006484821536332545,8
GP 表达式自身产生的状态,500,历史全局最优路径,沉积后,source_edge_tau_l1_over_two_budget,0.0032544701651398686,0.0015224682449767237,0.00648446750990784,8
GP 表达式自身产生的状态,500,历史全局最优路径,沉积后,global_tau_relative_l1,2.7939433765898067e-06,1.3476471406208708e-06,5.479231191276243e-06,8
GP 表达式自身产生的状态,500,历史全局最优路径,蒸发和下界保护后,deposit_l1_over_budget,0.0032544768470773506,0.0015198306669134342,0.006481196893908414,8
GP 表达式自身产生的状态,500,历史全局最优路径,蒸发和下界保护后,source_edge_tau_l1_over_two_budget,0.0,0.0,0.0,8
GP 表达式自身产生的状态,500,历史全局最优路径,蒸发和下界保护后,global_tau_relative_l1,0.0,0.0,0.0,8
GP 表达式自身产生的状态,500,历史全局最优路径,重启和可选上界处理后,deposit_l1_over_budget,0.0032544768470773506,0.0015155921952854732,0.006489364025700826,8
GP 表达式自身产生的状态,500,历史全局最优路径,重启和可选上界处理后,source_edge_tau_l1_over_two_budget,0.002869505032186689,0.0011377509166081608,0.006092375682649473,8
GP 表达式自身产生的状态,500,历史全局最优路径,重启和可选上界处理后,global_tau_relative_l1,2.4521691157340518e-06,1.0064966911155317e-06,5.10799135550542e-06,8
GP 表达式自身产生的状态,500,历史重启阶段最优路径,更新前,deposit_l1_over_budget,0.001867058234038448,0.0015192244155618675,0.0023259667423344964,8
GP 表达式自身产生的状态,500,历史重启阶段最优路径,更新前,source_edge_tau_l1_over_two_budget,0.0,0.0,0.0,8
GP 表达式自身产生的状态,500,历史重启阶段最优路径,更新前,global_tau_relative_l1,0.0,0.0,0.0,8
GP 表达式自身产生的状态,500,历史重启阶段最优路径,沉积后,deposit_l1_over_budget,0.001867058234038448,0.0015237669049301486,0.0023189334769394415,8
GP 表达式自身产生的状态,500,历史重启阶段最优路径,沉积后,source_edge_tau_l1_over_two_budget,0.0018670509197632116,0.0015198219838790266,0.002333136172450548,8
GP 表达式自身产生的状态,500,历史重启阶段最优路径,沉积后,global_tau_relative_l1,1.6420529033762388e-06,1.3453027027249369e-06,2.020945568283827e-06,8
GP 表达式自身产生的状态,500,历史重启阶段最优路径,蒸发和下界保护后,deposit_l1_over_budget,0.001867058234038448,0.0015201228937774356,0.0023331641418491574,8
GP 表达式自身产生的状态,500,历史重启阶段最优路径,蒸发和下界保护后,source_edge_tau_l1_over_two_budget,0.0,0.0,0.0,8
GP 表达式自身产生的状态,500,历史重启阶段最优路径,蒸发和下界保护后,global_tau_relative_l1,0.0,0.0,0.0,8
GP 表达式自身产生的状态,500,历史重启阶段最优路径,重启和可选上界处理后,deposit_l1_over_budget,0.001867058234038448,0.0015190787713612332,0.0023331641418491574,8
GP 表达式自身产生的状态,500,历史重启阶段最优路径,重启和可选上界处理后,source_edge_tau_l1_over_two_budget,0.0014820857868100327,0.0011379757469218944,0.0019037186284871568,8
GP 表达式自身产生的状态,500,历史重启阶段最优路径,重启和可选上界处理后,global_tau_relative_l1,1.3002786425204834e-06,1.0062039844091896e-06,1.6561893326044287e-06,8
GP 表达式自身产生的状态,500,本轮最优路径,更新前,deposit_l1_over_budget,0.0018670287913097557,0.0015229034461081052,0.002333825074281081,8
GP 表达式自身产生的状态,500,本轮最优路径,更新前,source_edge_tau_l1_over_two_budget,0.0,0.0,0.0,8
GP 表达式自身产生的状态,500,本轮最优路径,更新前,global_tau_relative_l1,0.0,0.0,0.0,8
GP 表达式自身产生的状态,500,本轮最优路径,沉积后,deposit_l1_over_budget,0.0018670287913097557,0.001514556126677238,0.0023244529240718692,8
GP 表达式自身产生的状态,500,本轮最优路径,沉积后,source_edge_tau_l1_over_two_budget,0.001867019850042445,0.0015194352839968265,0.0023338274357693825,8
GP 表达式自身产生的状态,500,本轮最优路径,沉积后,global_tau_relative_l1,1.6420431305824513e-06,1.3485493776333949e-06,2.023202542182658e-06,8
GP 表达式自身产生的状态,500,本轮最优路径,蒸发和下界保护后,deposit_l1_over_budget,0.0018670287913097557,0.0015159173771658097,0.002322608366710405,8
GP 表达式自身产生的状态,500,本轮最优路径,蒸发和下界保护后,source_edge_tau_l1_over_two_budget,0.0,0.0,0.0,8
GP 表达式自身产生的状态,500,本轮最优路径,蒸发和下界保护后,global_tau_relative_l1,0.0,0.0,0.0,8
GP 表达式自身产生的状态,500,本轮最优路径,重启和可选上界处理后,deposit_l1_over_budget,0.0018670287913097557,0.0015217182285363927,0.0023198028790935576,8
GP 表达式自身产生的状态,500,本轮最优路径,重启和可选上界处理后,source_edge_tau_l1_over_two_budget,0.0014840173016523216,0.0011402464189716125,0.0019065694767781262,8
GP 表达式自身产生的状态,500,本轮最优路径,重启和可选上界处理后,global_tau_relative_l1,1.3019911110722443e-06,1.006010297306393e-06,1.6534900307091914e-06,8
GP 表达式自身产生的状态,1000,历史全局最优路径,更新前,deposit_l1_over_budget,0.022499549101209347,0.01336366002247454,0.032078777332466626,8
GP 表达式自身产生的状态,1000,历史全局最优路径,更新前,source_edge_tau_l1_over_two_budget,0.0,0.0,0.0,8
GP 表达式自身产生的状态,1000,历史全局最优路径,更新前,global_tau_relative_l1,0.0,0.0,0.0,8
GP 表达式自身产生的状态,1000,历史全局最优路径,沉积后,deposit_l1_over_budget,0.022499549101209347,0.013694252040356968,0.03191416474244612,8
GP 表达式自身产生的状态,1000,历史全局最优路径,沉积后,source_edge_tau_l1_over_two_budget,0.02249955510648468,0.01357849549686834,0.032081938887099606,8
GP 表达式自身产生的状态,1000,历史全局最优路径,沉积后,global_tau_relative_l1,1.862673127531255e-05,1.1328332768937094e-05,2.6465337979296735e-05,8
GP 表达式自身产生的状态,1000,历史全局最优路径,蒸发和下界保护后,deposit_l1_over_budget,0.022499549101209347,0.013584663711960196,0.03223019564222615,8
GP 表达式自身产生的状态,1000,历史全局最优路径,蒸发和下界保护后,source_edge_tau_l1_over_two_budget,0.0,0.0,0.0,8
GP 表达式自身产生的状态,1000,历史全局最优路径,蒸发和下界保护后,global_tau_relative_l1,0.0,0.0,0.0,8
GP 表达式自身产生的状态,1000,历史全局最优路径,重启和可选上界处理后,deposit_l1_over_budget,0.022499549101209347,0.013433852901023256,0.03205525132535122,8
GP 表达式自身产生的状态,1000,历史全局最优路径,重启和可选上界处理后,source_edge_tau_l1_over_two_budget,0.02234964504603946,0.013344262483829838,0.03183860778326959,8
GP 表达式自身产生的状态,1000,历史全局最优路径,重启和可选上界处理后,global_tau_relative_l1,1.8501677139601645e-05,1.1076233954938859e-05,2.6439353296466547e-05,8
GP 表达式自身产生的状态,1000,历史重启阶段最优路径,更新前,deposit_l1_over_budget,0.004847091479615032,0.0028920564979476324,0.007469855313331082,8
GP 表达式自身产生的状态,1000,历史重启阶段最优路径,更新前,source_edge_tau_l1_over_two_budget,0.0,0.0,0.0,8
GP 表达式自身产生的状态,1000,历史重启阶段最优路径,更新前,global_tau_relative_l1,0.0,0.0,0.0,8
GP 表达式自身产生的状态,1000,历史重启阶段最优路径,沉积后,deposit_l1_over_budget,0.004847091479615032,0.002913410766741099,0.007344307928106177,8
GP 表达式自身产生的状态,1000,历史重启阶段最优路径,沉积后,source_edge_tau_l1_over_two_budget,0.004847091937265742,0.0029176787541815847,0.007288991525455071,8
GP 表达式自身产生的状态,1000,历史重启阶段最优路径,沉积后,global_tau_relative_l1,4.008480460615157e-06,2.439506051457138e-06,6.022662157701507e-06,8
GP 表达式自身产生的状态,1000,历史重启阶段最优路径,蒸发和下界保护后,deposit_l1_over_budget,0.004847091479615032,0.002929492425772545,0.007381769522502189,8
GP 表达式自身产生的状态,1000,历史重启阶段最优路径,蒸发和下界保护后,source_edge_tau_l1_over_two_budget,0.0,0.0,0.0,8
GP 表达式自身产生的状态,1000,历史重启阶段最优路径,蒸发和下界保护后,global_tau_relative_l1,0.0,0.0,0.0,8
GP 表达式自身产生的状态,1000,历史重启阶段最优路径,重启和可选上界处理后,deposit_l1_over_budget,0.004847091479615032,0.0028954119607017673,0.007336634739329514,8
GP 表达式自身产生的状态,1000,历史重启阶段最优路径,重启和可选上界处理后,source_edge_tau_l1_over_two_budget,0.004697180314675729,0.002768206444000238,0.0072582149530570185,8
GP 表达式自身产生的状态,1000,历史重启阶段最优路径,重启和可选上界处理后,global_tau_relative_l1,3.883425025926885e-06,2.31034031282343e-06,5.9087621644154235e-06,8
GP 表达式自身产生的状态,1000,本轮最优路径,更新前,deposit_l1_over_budget,0.005550607905494272,0.0028103489196480693,0.009769701855299028,8
GP 表达式自身产生的状态,1000,本轮最优路径,更新前,source_edge_tau_l1_over_two_budget,0.0,0.0,0.0,8
GP 表达式自身产生的状态,1000,本轮最优路径,更新前,global_tau_relative_l1,0.0,0.0,0.0,8
GP 表达式自身产生的状态,1000,本轮最优路径,沉积后,deposit_l1_over_budget,0.005550607905494272,0.002824278941568365,0.009714597067407857,8
GP 表达式自身产生的状态,1000,本轮最优路径,沉积后,source_edge_tau_l1_over_two_budget,0.005550607568116086,0.0028236558859326185,0.009683988974656527,8
GP 表达式自身产生的状态,1000,本轮最优路径,沉积后,global_tau_relative_l1,4.579829708413243e-06,2.3392444650979147e-06,7.952329140876732e-06,8
GP 表达式自身产生的状态,1000,本轮最优路径,蒸发和下界保护后,deposit_l1_over_budget,0.005550607905494272,0.0028378185840560646,0.009701206850135228,8
GP 表达式自身产生的状态,1000,本轮最优路径,蒸发和下界保护后,source_edge_tau_l1_over_two_budget,0.0,0.0,0.0,8
GP 表达式自身产生的状态,1000,本轮最优路径,蒸发和下界保护后,global_tau_relative_l1,0.0,0.0,0.0,8
GP 表达式自身产生的状态,1000,本轮最优路径,重启和可选上界处理后,deposit_l1_over_budget,0.005550607905494272,0.0028163170197186777,0.009628632147533357,8
GP 表达式自身产生的状态,1000,本轮最优路径,重启和可选上界处理后,source_edge_tau_l1_over_two_budget,0.0054009385302203105,0.0026447221267056997,0.009514691766996463,8
GP 表达式自身产生的状态,1000,本轮最优路径,重启和可选上界处理后,global_tau_relative_l1,4.454976347742856e-06,2.2130309729841718e-06,7.762450485203763e-06,8
GP 表达式自身产生的状态,2500,历史全局最优路径,更新前,deposit_l1_over_budget,0.04634363538194314,0.034644046290879034,0.05897313188832142,8
GP 表达式自身产生的状态,2500,历史全局最优路径,更新前,source_edge_tau_l1_over_two_budget,0.0,0.0,0.0,8
GP 表达式自身产生的状态,2500,历史全局最优路径,更新前,global_tau_relative_l1,0.0,0.0,0.0,8
GP 表达式自身产生的状态,2500,历史全局最优路径,沉积后,deposit_l1_over_budget,0.04634363538194314,0.034598237820771836,0.05902100070204908,8
GP 表达式自身产生的状态,2500,历史全局最优路径,沉积后,source_edge_tau_l1_over_two_budget,0.046343642860662435,0.03446427988747042,0.05903241600068395,8
GP 表达式自身产生的状态,2500,历史全局最优路径,沉积后,global_tau_relative_l1,3.8189462763019646e-05,2.8627900569007783e-05,4.8550276466124145e-05,8
GP 表达式自身产生的状态,2500,历史全局最优路径,蒸发和下界保护后,deposit_l1_over_budget,0.04634363538194314,0.03398380521622493,0.058965419658951745,8
GP 表达式自身产生的状态,2500,历史全局最优路径,蒸发和下界保护后,source_edge_tau_l1_over_two_budget,0.0,0.0,0.0,8
GP 表达式自身产生的状态,2500,历史全局最优路径,蒸发和下界保护后,global_tau_relative_l1,0.0,0.0,0.0,8
GP 表达式自身产生的状态,2500,历史全局最优路径,重启和可选上界处理后,deposit_l1_over_budget,0.04634363538194314,0.034517994253596994,0.05919971954465172,8
GP 表达式自身产生的状态,2500,历史全局最优路径,重启和可选上界处理后,source_edge_tau_l1_over_two_budget,0.04583695067141563,0.03407057937631925,0.05887503609923553,8
GP 表达式自身产生的状态,2500,历史全局最优路径,重启和可选上界处理后,global_tau_relative_l1,3.776796081850999e-05,2.7616589728485688e-05,4.884452471753609e-05,8
GP 表达式自身产生的状态,2500,历史重启阶段最优路径,更新前,deposit_l1_over_budget,0.011460437768620272,0.006917443497954266,0.016354771266376154,8
GP 表达式自身产生的状态,2500,历史重启阶段最优路径,更新前,source_edge_tau_l1_over_two_budget,0.0,0.0,0.0,8
GP 表达式自身产生的状态,2500,历史重启阶段最优路径,更新前,global_tau_relative_l1,0.0,0.0,0.0,8
GP 表达式自身产生的状态,2500,历史重启阶段最优路径,沉积后,deposit_l1_over_budget,0.011460437768620272,0.0068381202580748476,0.01628580728033826,8
GP 表达式自身产生的状态,2500,历史重启阶段最优路径,沉积后,source_edge_tau_l1_over_two_budget,0.011460434282568993,0.006838622636640665,0.01631174811011884,8
GP 表达式自身产生的状态,2500,历史重启阶段最优路径,沉积后,global_tau_relative_l1,9.40083240008638e-06,5.641821377111913e-06,1.3400907951851108e-05,8
GP 表达式自身产生的状态,2500,历史重启阶段最优路径,蒸发和下界保护后,deposit_l1_over_budget,0.011460437768620272,0.006842008134043863,0.016329068053772308,8
GP 表达式自身产生的状态,2500,历史重启阶段最优路径,蒸发和下界保护后,source_edge_tau_l1_over_two_budget,0.0,0.0,0.0,8
GP 表达式自身产生的状态,2500,历史重启阶段最优路径,蒸发和下界保护后,global_tau_relative_l1,0.0,0.0,0.0,8
GP 表达式自身产生的状态,2500,历史重启阶段最优路径,重启和可选上界处理后,deposit_l1_over_budget,0.011460437768620272,0.006774946902856806,0.01631174064836719,8
GP 表达式自身产生的状态,2500,历史重启阶段最优路径,重启和可选上界处理后,source_edge_tau_l1_over_two_budget,0.010953480178767704,0.006197777714754571,0.01592724693329434,8
GP 表达式自身产生的状态,2500,历史重启阶段最优路径,重启和可选上界处理后,global_tau_relative_l1,8.979112673131169e-06,5.105892935589411e-06,1.3115117236854328e-05,8
GP 表达式自身产生的状态,2500,本轮最优路径,更新前,deposit_l1_over_budget,0.012884953893900944,0.007372320614859245,0.019011016465677127,8
GP 表达式自身产生的状态,2500,本轮最优路径,更新前,source_edge_tau_l1_over_two_budget,0.0,0.0,0.0,8
GP 表达式自身产生的状态,2500,本轮最优路径,更新前,global_tau_relative_l1,0.0,0.0,0.0,8
GP 表达式自身产生的状态,2500,本轮最优路径,沉积后,deposit_l1_over_budget,0.012884953893900944,0.007392264880884811,0.018801045499225864,8
GP 表达式自身产生的状态,2500,本轮最优路径,沉积后,source_edge_tau_l1_over_two_budget,0.012884953656171738,0.007601208899917773,0.018955200390910823,8
GP 表达式自身产生的状态,2500,本轮最优路径,沉积后,global_tau_relative_l1,1.055649114226117e-05,6.2984710419474565e-06,1.531293664346485e-05,8
GP 表达式自身产生的状态,2500,本轮最优路径,蒸发和下界保护后,deposit_l1_over_budget,0.012884953893900944,0.007380335701369247,0.018882288597180413,8
GP 表达式自身产生的状态,2500,本轮最优路径,蒸发和下界保护后,source_edge_tau_l1_over_two_budget,0.0,0.0,0.0,8
GP 表达式自身产生的状态,2500,本轮最优路径,蒸发和下界保护后,global_tau_relative_l1,0.0,0.0,0.0,8
GP 表达式自身产生的状态,2500,本轮最优路径,重启和可选上界处理后,deposit_l1_over_budget,0.012884953893900944,0.007354713274696413,0.01883797973057029,8
GP 表达式自身产生的状态,2500,本轮最优路径,重启和可选上界处理后,source_edge_tau_l1_over_two_budget,0.012378267549530276,0.006807083664039305,0.018476373480999998,8
GP 表达式自身产生的状态,2500,本轮最优路径,重启和可选上界处理后,global_tau_relative_l1,1.013499426589117e-05,5.479392672002642e-06,1.5078657050569074e-05,8
不使用 GP 产生的状态,1,历史全局最优路径,更新前,deposit_l1_over_budget,0.21045000819299278,0.20810947204499025,0.21278972044760427,8
不使用 GP 产生的状态,1,历史全局最优路径,更新前,source_edge_tau_l1_over_two_budget,0.0,0.0,0.0,8
不使用 GP 产生的状态,1,历史全局最优路径,更新前,global_tau_relative_l1,0.0,0.0,0.0,8
不使用 GP 产生的状态,1,历史全局最优路径,沉积后,deposit_l1_over_budget,0.21045000819299278,0.20804737410594312,0.21279788766474247,8
不使用 GP 产生的状态,1,历史全局最优路径,沉积后,source_edge_tau_l1_over_two_budget,0.2104500121621723,0.20800533858734555,0.21285215094501503,8
不使用 GP 产生的状态,1,历史全局最优路径,沉积后,global_tau_relative_l1,0.0001693962295975532,0.00016753735771454849,0.0001712870036804547,8
不使用 GP 产生的状态,1,历史全局最优路径,蒸发和下界保护后,deposit_l1_over_budget,0.21045000819299278,0.20810228883309378,0.21279772755289178,8
不使用 GP 产生的状态,1,历史全局最优路径,蒸发和下界保护后,source_edge_tau_l1_over_two_budget,0.0,0.0,0.0,8
不使用 GP 产生的状态,1,历史全局最优路径,蒸发和下界保护后,global_tau_relative_l1,0.0,0.0,0.0,8
不使用 GP 产生的状态,1,历史全局最优路径,重启和可选上界处理后,deposit_l1_over_budget,0.21045000819299278,0.20808333934091275,0.21279798660729163,8
不使用 GP 产生的状态,1,历史全局最优路径,重启和可选上界处理后,source_edge_tau_l1_over_two_budget,0.2104500121621723,0.2080852380764203,0.21279773123781281,8
不使用 GP 产生的状态,1,历史全局最优路径,重启和可选上界处理后,global_tau_relative_l1,0.0001693962295975532,0.00016756971165166434,0.00017129803563903923,8
不使用 GP 产生的状态,1,历史重启阶段最优路径,更新前,deposit_l1_over_budget,0.21045000819299278,0.2081022888330938,0.21285215481275274,8
不使用 GP 产生的状态,1,历史重启阶段最优路径,更新前,source_edge_tau_l1_over_two_budget,0.0,0.0,0.0,8
不使用 GP 产生的状态,1,历史重启阶段最优路径,更新前,global_tau_relative_l1,0.0,0.0,0.0,8
不使用 GP 产生的状态,1,历史重启阶段最优路径,沉积后,deposit_l1_over_budget,0.21045000819299278,0.20809664388157254,0.21282174737129486,8
不使用 GP 产生的状态,1,历史重启阶段最优路径,沉积后,source_edge_tau_l1_over_two_budget,0.2104500121621723,0.20811845553655867,0.21278559649720666,8
不使用 GP 产生的状态,1,历史重启阶段最优路径,沉积后,global_tau_relative_l1,0.0001693962295975532,0.00016753745317714047,0.00017128949853297183,8
不使用 GP 产生的状态,1,历史重启阶段最优路径,蒸发和下界保护后,deposit_l1_over_budget,0.21045000819299278,0.20799146205561928,0.21281905276405735,8
不使用 GP 产生的状态,1,历史重启阶段最优路径,蒸发和下界保护后,source_edge_tau_l1_over_two_budget,0.0,0.0,0.0,8
不使用 GP 产生的状态,1,历史重启阶段最优路径,蒸发和下界保护后,global_tau_relative_l1,0.0,0.0,0.0,8
不使用 GP 产生的状态,1,历史重启阶段最优路径,重启和可选上界处理后,deposit_l1_over_budget,0.21045000819299278,0.20811652123564883,0.21279772755289178,8
不使用 GP 产生的状态,1,历史重启阶段最优路径,重启和可选上界处理后,source_edge_tau_l1_over_two_budget,0.2104500121621723,0.20809958464746026,0.21282170205674253,8
不使用 GP 产生的状态,1,历史重启阶段最优路径,重启和可选上界处理后,global_tau_relative_l1,0.0001693962295975532,0.0001675411974374832,0.0001712802054964619,8
不使用 GP 产生的状态,1,本轮最优路径,更新前,deposit_l1_over_budget,0.21045000819299278,0.208111060469048,0.21281613351063458,8
不使用 GP 产生的状态,1,本轮最优路径,更新前,source_edge_tau_l1_over_two_budget,0.0,0.0,0.0,8
不使用 GP 产生的状态,1,本轮最优路径,更新前,global_tau_relative_l1,0.0,0.0,0.0,8
不使用 GP 产生的状态,1,本轮最优路径,沉积后,deposit_l1_over_budget,0.21045000819299278,0.20808263167006966,0.212835991663296,8
不使用 GP 产生的状态,1,本轮最优路径,沉积后,source_edge_tau_l1_over_two_budget,0.2104500121621723,0.20809951682601582,0.21287783496200907,8
不使用 GP 产生的状态,1,本轮最优路径,沉积后,global_tau_relative_l1,0.0001693962295975532,0.00016756961740654089,0.00017128025297773555,8
不使用 GP 产生的状态,1,本轮最优路径,蒸发和下界保护后,deposit_l1_over_budget,0.21045000819299278,0.20807080001915954,0.2128960700617453,8
不使用 GP 产生的状态,1,本轮最优路径,蒸发和下界保护后,source_edge_tau_l1_over_two_budget,0.0,0.0,0.0,8
不使用 GP 产生的状态,1,本轮最优路径,蒸发和下界保护后,global_tau_relative_l1,0.0,0.0,0.0,8
不使用 GP 产生的状态,1,本轮最优路径,重启和可选上界处理后,deposit_l1_over_budget,0.21045000819299278,0.20808800786463005,0.21280956109361904,8
不使用 GP 产生的状态,1,本轮最优路径,重启和可选上界处理后,source_edge_tau_l1_over_two_budget,0.2104500121621723,0.2080493924758079,0.2128336929598807,8
不使用 GP 产生的状态,1,本轮最优路径,重启和可选上界处理后,global_tau_relative_l1,0.0001693962295975532,0.00016754446469189469,0.00017127092005329167,8
不使用 GP 产生的状态,100,历史全局最优路径,更新前,deposit_l1_over_budget,0.08126867576460242,0.07344237095149042,0.08861524571956644,8
不使用 GP 产生的状态,100,历史全局最优路径,更新前,source_edge_tau_l1_over_two_budget,0.0,0.0,0.0,8
不使用 GP 产生的状态,100,历史全局最优路径,更新前,global_tau_relative_l1,0.0,0.0,0.0,8
不使用 GP 产生的状态,100,历史全局最优路径,沉积后,deposit_l1_over_budget,0.08126867576460242,0.07334928533776901,0.08823800513061678,8
不使用 GP 产生的状态,100,历史全局最优路径,沉积后,source_edge_tau_l1_over_two_budget,0.08126869408188403,0.07306005436703199,0.08858748794977168,8
不使用 GP 产生的状态,100,历史全局最优路径,沉积后,global_tau_relative_l1,7.004312399385223e-05,6.321737212179327e-05,7.615084954624498e-05,8
不使用 GP 产生的状态,100,历史全局最优路径,蒸发和下界保护后,deposit_l1_over_budget,0.08126867576460242,0.07325550736395181,0.0885851411876394,8
不使用 GP 产生的状态,100,历史全局最优路径,蒸发和下界保护后,source_edge_tau_l1_over_two_budget,0.0,0.0,0.0,8
不使用 GP 产生的状态,100,历史全局最优路径,蒸发和下界保护后,global_tau_relative_l1,0.0,0.0,0.0,8
不使用 GP 产生的状态,100,历史全局最优路径,重启和可选上界处理后,deposit_l1_over_budget,0.08126867576460242,0.07315746881615749,0.08863915072558719,8
不使用 GP 产生的状态,100,历史全局最优路径,重启和可选上界处理后,source_edge_tau_l1_over_two_budget,0.08126869408188403,0.07322077970143591,0.0882746383980384,8
不使用 GP 产生的状态,100,历史全局最优路径,重启和可选上界处理后,global_tau_relative_l1,7.004312399385223e-05,6.34603312964313e-05,7.611158857890515e-05,8
不使用 GP 产生的状态,100,历史重启阶段最优路径,更新前,deposit_l1_over_budget,0.08126867576460242,0.07307022825145823,0.08864290516429828,8
不使用 GP 产生的状态,100,历史重启阶段最优路径,更新前,source_edge_tau_l1_over_two_budget,0.0,0.0,0.0,8
不使用 GP 产生的状态,100,历史重启阶段最优路径,更新前,global_tau_relative_l1,0.0,0.0,0.0,8
不使用 GP 产生的状态,100,历史重启阶段最优路径,沉积后,deposit_l1_over_budget,0.08126867576460242,0.07325699946509445,0.08830234402801979,8
不使用 GP 产生的状态,100,历史重启阶段最优路径,沉积后,source_edge_tau_l1_over_two_budget,0.08126869408188403,0.07325344687307853,0.08830242060849952,8
不使用 GP 产生的状态,100,历史重启阶段最优路径,沉积后,global_tau_relative_l1,7.004312399385223e-05,6.331596129965918e-05,7.611158857890515e-05,8
不使用 GP 产生的状态,100,历史重启阶段最优路径,蒸发和下界保护后,deposit_l1_over_budget,0.08126867576460242,0.073349285337769,0.08861884830175959,8
不使用 GP 产生的状态,100,历史重启阶段最优路径,蒸发和下界保护后,source_edge_tau_l1_over_two_budget,0.0,0.0,0.0,8
不使用 GP 产生的状态,100,历史重启阶段最优路径,蒸发和下界保护后,global_tau_relative_l1,0.0,0.0,0.0,8
不使用 GP 产生的状态,100,历史重启阶段最优路径,重启和可选上界处理后,deposit_l1_over_budget,0.08126867576460242,0.07348948866570346,0.08861515334566404,8
不使用 GP 产生的状态,100,历史重启阶段最优路径,重启和可选上界处理后,source_edge_tau_l1_over_two_budget,0.08126869408188403,0.07335303618876696,0.08826867000896425,8
不使用 GP 产生的状态,100,历史重启阶段最优路径,重启和可选上界处理后,global_tau_relative_l1,7.004312399385223e-05,6.34048992016436e-05,7.612551478081233e-05,8
不使用 GP 产生的状态,100,本轮最优路径,更新前,deposit_l1_over_budget,0.10508933987098278,0.09507282989313509,0.11531392326245034,8
不使用 GP 产生的状态,100,本轮最优路径,更新前,source_edge_tau_l1_over_two_budget,0.0,0.0,0.0,8
不使用 GP 产生的状态,100,本轮最优路径,更新前,global_tau_relative_l1,0.0,0.0,0.0,8
不使用 GP 产生的状态,100,本轮最优路径,沉积后,deposit_l1_over_budget,0.10508933987098278,0.09494543642463572,0.11509638103320552,8
不使用 GP 产生的状态,100,本轮最优路径,沉积后,source_edge_tau_l1_over_two_budget,0.10508934415086414,0.09488967417145791,0.11518800510389438,8
不使用 GP 产生的状态,100,本轮最优路径,沉积后,global_tau_relative_l1,9.05529304049651e-05,8.189671360435897e-05,9.915650732856864e-05,8
不使用 GP 产生的状态,100,本轮最优路径,蒸发和下界保护后,deposit_l1_over_budget,0.10508933987098278,0.09513173935696662,0.11507905858320377,8
不使用 GP 产生的状态,100,本轮最优路径,蒸发和下界保护后,source_edge_tau_l1_over_two_budget,0.0,0.0,0.0,8
不使用 GP 产生的状态,100,本轮最优路径,蒸发和下界保护后,global_tau_relative_l1,0.0,0.0,0.0,8
不使用 GP 产生的状态,100,本轮最优路径,重启和可选上界处理后,deposit_l1_over_budget,0.10508933987098278,0.09467052141458424,0.11521842711620711,8
不使用 GP 产生的状态,100,本轮最优路径,重启和可选上界处理后,source_edge_tau_l1_over_two_budget,0.10508934415086414,0.09476073070536911,0.11504371550894914,8
不使用 GP 产生的状态,100,本轮最优路径,重启和可选上界处理后,global_tau_relative_l1,9.05529304049651e-05,8.18070878670887e-05,9.880956513116494e-05,8
不使用 GP 产生的状态,250,历史全局最优路径,更新前,deposit_l1_over_budget,0.004968545594619109,0.0034803126487599496,0.006403055700568774,8
不使用 GP 产生的状态,250,历史全局最优路径,更新前,source_edge_tau_l1_over_two_budget,0.0,0.0,0.0,8
不使用 GP 产生的状态,250,历史全局最优路径,更新前,global_tau_relative_l1,0.0,0.0,0.0,8
不使用 GP 产生的状态,250,历史全局最优路径,沉积后,deposit_l1_over_budget,0.004968545594619109,0.0034667095304032084,0.006439879161705593,8
不使用 GP 产生的状态,250,历史全局最优路径,沉积后,source_edge_tau_l1_over_two_budget,0.004968566470833834,0.0034693272954719376,0.006422347265948036,8
不使用 GP 产生的状态,250,历史全局最优路径,沉积后,global_tau_relative_l1,4.387890673803647e-06,3.0583143860491973e-06,5.703328638376441e-06,8
不使用 GP 产生的状态,250,历史全局最优路径,蒸发和下界保护后,deposit_l1_over_budget,0.004968545594619109,0.0034894532060176283,0.006388562765472796,8
不使用 GP 产生的状态,250,历史全局最优路径,蒸发和下界保护后,source_edge_tau_l1_over_two_budget,0.0,0.0,0.0,8
不使用 GP 产生的状态,250,历史全局最优路径,蒸发和下界保护后,global_tau_relative_l1,0.0,0.0,0.0,8
不使用 GP 产生的状态,250,历史全局最优路径,重启和可选上界处理后,deposit_l1_over_budget,0.004968545594619109,0.0035027938122228833,0.006373361151499711,8
不使用 GP 产生的状态,250,历史全局最优路径,重启和可选上界处理后,source_edge_tau_l1_over_two_budget,0.004968566470833834,0.0034655444487705386,0.006413215523598535,8
不使用 GP 产生的状态,250,历史全局最优路径,重启和可选上界处理后,global_tau_relative_l1,4.387890673803647e-06,3.0941211332145755e-06,5.671174003702506e-06,8
不使用 GP 产生的状态,250,历史重启阶段最优路径,更新前,deposit_l1_over_budget,0.004968545594619109,0.003497100127709878,0.006403055700568774,8
不使用 GP 产生的状态,250,历史重启阶段最优路径,更新前,source_edge_tau_l1_over_two_budget,0.0,0.0,0.0,8
不使用 GP 产生的状态,250,历史重启阶段最优路径,更新前,global_tau_relative_l1,0.0,0.0,0.0,8
不使用 GP 产生的状态,250,历史重启阶段最优路径,沉积后,deposit_l1_over_budget,0.004968545594619109,0.0034821425901173653,0.006421692833660714,8
不使用 GP 产生的状态,250,历史重启阶段最优路径,沉积后,source_edge_tau_l1_over_two_budget,0.004968566470833834,0.003519257443758434,0.006443465701130121,8
不使用 GP 产生的状态,250,历史重启阶段最优路径,沉积后,global_tau_relative_l1,4.387890673803647e-06,3.098846522350404e-06,5.668912848532236e-06,8
不使用 GP 产生的状态,250,历史重启阶段最优路径,蒸发和下界保护后,deposit_l1_over_budget,0.004968545594619109,0.0034655108031551676,0.006403269228121228,8
不使用 GP 产生的状态,250,历史重启阶段最优路径,蒸发和下界保护后,source_edge_tau_l1_over_two_budget,0.0,0.0,0.0,8
不使用 GP 产生的状态,250,历史重启阶段最优路径,蒸发和下界保护后,global_tau_relative_l1,0.0,0.0,0.0,8
不使用 GP 产生的状态,250,历史重启阶段最优路径,重启和可选上界处理后,deposit_l1_over_budget,0.004968545594619109,0.003459428784947781,0.006474056559966294,8
不使用 GP 产生的状态,250,历史重启阶段最优路径,重启和可选上界处理后,source_edge_tau_l1_over_two_budget,0.004968566470833834,0.00350281561636873,0.006403275294824019,8
不使用 GP 产生的状态,250,历史重启阶段最优路径,重启和可选上界处理后,global_tau_relative_l1,4.387890673803647e-06,3.1023908021899044e-06,5.671057296567964e-06,8
不使用 GP 产生的状态,250,本轮最优路径,更新前,deposit_l1_over_budget,0.0046094512649144225,0.003380642274272905,0.005749863303054221,8
不使用 GP 产生的状态,250,本轮最优路径,更新前,source_edge_tau_l1_over_two_budget,0.0,0.0,0.0,8
不使用 GP 产生的状态,250,本轮最优路径,更新前,global_tau_relative_l1,0.0,0.0,0.0,8
不使用 GP 产生的状态,250,本轮最优路径,沉积后,deposit_l1_over_budget,0.0046094512649144225,0.0033654788649542856,0.0057101451363483,8
不使用 GP 产生的状态,250,本轮最优路径,沉积后,source_edge_tau_l1_over_two_budget,0.004609472364576567,0.0033708086671442304,0.005700978609482063,8
不使用 GP 产生的状态,250,本轮最优路径,沉积后,global_tau_relative_l1,4.070153946825645e-06,2.9671474985369177e-06,5.060253332411289e-06,8
不使用 GP 产生的状态,250,本轮最优路径,蒸发和下界保护后,deposit_l1_over_budget,0.0046094512649144225,0.003365609864227008,0.005714763920071281,8
不使用 GP 产生的状态,250,本轮最优路径,蒸发和下界保护后,source_edge_tau_l1_over_two_budget,0.0,0.0,0.0,8
不使用 GP 产生的状态,250,本轮最优路径,蒸发和下界保护后,global_tau_relative_l1,0.0,0.0,0.0,8
不使用 GP 产生的状态,250,本轮最优路径,重启和可选上界处理后,deposit_l1_over_budget,0.0046094512649144225,0.0033750650899149097,0.0057377511629634085,8
不使用 GP 产生的状态,250,本轮最优路径,重启和可选上界处理后,source_edge_tau_l1_over_two_budget,0.004609472364576567,0.0033442162740207086,0.005721836890521938,8
不使用 GP 产生的状态,250,本轮最优路径,重启和可选上界处理后,global_tau_relative_l1,4.070153946825645e-06,2.9819919939377083e-06,5.063209824708741e-06,8
不使用 GP 产生的状态,500,历史全局最优路径,更新前,deposit_l1_over_budget,0.0014320551932436067,0.0012305614138195394,0.0017154581753342291,8
不使用 GP 产生的状态,500,历史全局最优路径,更新前,source_edge_tau_l1_over_two_budget,0.0,0.0,0.0,8
不使用 GP 产生的状态,500,历史全局最优路径,更新前,global_tau_relative_l1,0.0,0.0,0.0,8
不使用 GP 产生的状态,500,历史全局最优路径,沉积后,deposit_l1_over_budget,0.0014320551932436067,0.0012305660991855356,0.0017118643222933305,8
不使用 GP 产生的状态,500,历史全局最优路径,沉积后,source_edge_tau_l1_over_two_budget,0.0014320773556849528,0.0012291086719330134,0.0017209297099840617,8
不使用 GP 产生的状态,500,历史全局最优路径,沉积后,global_tau_relative_l1,1.2684571283163326e-06,1.0911579525007351e-06,1.518386534088137e-06,8
不使用 GP 产生的状态,500,历史全局最优路径,蒸发和下界保护后,deposit_l1_over_budget,0.0014320551932436067,0.001232118142226417,0.0017185673528987066,8
不使用 GP 产生的状态,500,历史全局最优路径,蒸发和下界保护后,source_edge_tau_l1_over_two_budget,0.0,0.0,0.0,8
不使用 GP 产生的状态,500,历史全局最优路径,蒸发和下界保护后,global_tau_relative_l1,0.0,0.0,0.0,8
不使用 GP 产生的状态,500,历史全局最优路径,重启和可选上界处理后,deposit_l1_over_budget,0.0014320551932436067,0.0012313271177928904,0.0017190554991155184,8
不使用 GP 产生的状态,500,历史全局最优路径,重启和可选上界处理后,source_edge_tau_l1_over_two_budget,0.001339482541927069,0.0010077738714926435,0.0016904645358442368,8
不使用 GP 产生的状态,500,历史全局最优路径,重启和可选上界处理后,global_tau_relative_l1,1.186428562435052e-06,8.981653115458115e-07,1.5032018392953228e-06,8
不使用 GP 产生的状态,500,历史重启阶段最优路径,更新前,deposit_l1_over_budget,0.0014320551932436067,0.0012317080366129115,0.0017169037585340512,8
不使用 GP 产生的状态,500,历史重启阶段最优路径,更新前,source_edge_tau_l1_over_two_budget,0.0,0.0,0.0,8
不使用 GP 产生的状态,500,历史重启阶段最优路径,更新前,global_tau_relative_l1,0.0,0.0,0.0,8
不使用 GP 产生的状态,500,历史重启阶段最优路径,沉积后,deposit_l1_over_budget,0.0014320551932436067,0.0012294307413418003,0.0017122452411133513,8
不使用 GP 产生的状态,500,历史重启阶段最优路径,沉积后,source_edge_tau_l1_over_two_budget,0.0014320773556849528,0.0012298371970212462,0.0017243281934893081,8
不使用 GP 产生的状态,500,历史重启阶段最优路径,沉积后,global_tau_relative_l1,1.2684571283163326e-06,1.0908800603155533e-06,1.5132435785469754e-06,8
不使用 GP 产生的状态,500,历史重启阶段最优路径,蒸发和下界保护后,deposit_l1_over_budget,0.0014320551932436067,0.0012324954085649598,0.0017228390728915206,8
不使用 GP 产生的状态,500,历史重启阶段最优路径,蒸发和下界保护后,source_edge_tau_l1_over_two_budget,0.0,0.0,0.0,8
不使用 GP 产生的状态,500,历史重启阶段最优路径,蒸发和下界保护后,global_tau_relative_l1,0.0,0.0,0.0,8
不使用 GP 产生的状态,500,历史重启阶段最优路径,重启和可选上界处理后,deposit_l1_over_budget,0.0014320551932436067,0.0012285243828388894,0.0017107879757956032,8
不使用 GP 产生的状态,500,历史重启阶段最优路径,重启和可选上界处理后,source_edge_tau_l1_over_two_budget,0.001339482541927069,0.0009991693422595435,0.0016869071659238604,8
不使用 GP 产生的状态,500,历史重启阶段最优路径,重启和可选上界处理后,global_tau_relative_l1,1.186428562435052e-06,8.867243062869849e-07,1.500481007113135e-06,8
不使用 GP 产生的状态,500,本轮最优路径,更新前,deposit_l1_over_budget,0.0014364353006503074,0.0012254181652847109,0.0017281949101125426,8
不使用 GP 产生的状态,500,本轮最优路径,更新前,source_edge_tau_l1_over_two_budget,0.0,0.0,0.0,8
不使用 GP 产生的状态,500,本轮最优路径,更新前,global_tau_relative_l1,0.0,0.0,0.0,8
不使用 GP 产生的状态,500,本轮最优路径,沉积后,deposit_l1_over_budget,0.0014364353006503074,0.0012254181652847109,0.0017182500131319555,8
不使用 GP 产生的状态,500,本轮最优路径,沉积后,source_edge_tau_l1_over_two_budget,0.0014364597760477614,0.0012278428615511835,0.0017315942642341304,8
不使用 GP 产生的状态,500,本轮最优路径,沉积后,global_tau_relative_l1,1.2723564327251917e-06,1.0882826703267161e-06,1.532456830639144e-06,8
不使用 GP 产生的状态,500,本轮最优路径,蒸发和下界保护后,deposit_l1_over_budget,0.0014364353006503074,0.0012263447385878565,0.0017355846787489777,8
不使用 GP 产生的状态,500,本轮最优路径,蒸发和下界保护后,source_edge_tau_l1_over_two_budget,0.0,0.0,0.0,8
不使用 GP 产生的状态,500,本轮最优路径,蒸发和下界保护后,global_tau_relative_l1,0.0,0.0,0.0,8
不使用 GP 产生的状态,500,本轮最优路径,重启和可选上界处理后,deposit_l1_over_budget,0.0014364353006503074,0.0012243531958877844,0.0017355846787489777,8
不使用 GP 产生的状态,500,本轮最优路径,重启和可选上界处理后,source_edge_tau_l1_over_two_budget,0.0013441995562446757,0.0009987432058148672,0.0017118131930617454,8
不使用 GP 产生的状态,500,本轮最优路径,重启和可选上界处理后,global_tau_relative_l1,1.190624302463664e-06,8.87976220196285e-07,1.5062543477868214e-06,8
不使用 GP 产生的状态,1000,历史全局最优路径,更新前,deposit_l1_over_budget,0.036936022105808076,0.02240174379952562,0.05293823347501359,8
不使用 GP 产生的状态,1000,历史全局最优路径,更新前,source_edge_tau_l1_over_two_budget,0.0,0.0,0.0,8
不使用 GP 产生的状态,1000,历史全局最优路径,更新前,global_tau_relative_l1,0.0,0.0,0.0,8
不使用 GP 产生的状态,1000,历史全局最优路径,沉积后,deposit_l1_over_budget,0.036936022105808076,0.022552695054317815,0.05329242078212661,8
不使用 GP 产生的状态,1000,历史全局最优路径,沉积后,source_edge_tau_l1_over_two_budget,0.036936046204113435,0.02240052926247507,0.053225825762747855,8
不使用 GP 产生的状态,1000,历史全局最优路径,沉积后,global_tau_relative_l1,3.051799169251078e-05,1.84729735874055e-05,4.362497326504233e-05,8
不使用 GP 产生的状态,1000,历史全局最优路径,蒸发和下界保护后,deposit_l1_over_budget,0.036936022105808076,0.02212014485023227,0.052943013851362734,8
不使用 GP 产生的状态,1000,历史全局最优路径,蒸发和下界保护后,source_edge_tau_l1_over_two_budget,0.0,0.0,0.0,8
不使用 GP 产生的状态,1000,历史全局最优路径,蒸发和下界保护后,global_tau_relative_l1,0.0,0.0,0.0,8
不使用 GP 产生的状态,1000,历史全局最优路径,重启和可选上界处理后,deposit_l1_over_budget,0.036936022105808076,0.02235371745237219,0.05287514317527653,8
不使用 GP 产生的状态,1000,历史全局最优路径,重启和可选上界处理后,source_edge_tau_l1_over_two_budget,0.03676898302781213,0.022182732451938685,0.05303064887882857,8
不使用 GP 产生的状态,1000,历史全局最优路径,重启和可选上界处理后,global_tau_relative_l1,3.0370441795724775e-05,1.8385323517136502e-05,4.332805509879895e-05,8
不使用 GP 产生的状态,1000,历史重启阶段最优路径,更新前,deposit_l1_over_budget,0.005571701158719444,0.0017050094363661842,0.013111036228948693,8
不使用 GP 产生的状态,1000,历史重启阶段最优路径,更新前,source_edge_tau_l1_over_two_budget,0.0,0.0,0.0,8
不使用 GP 产生的状态,1000,历史重启阶段最优路径,更新前,global_tau_relative_l1,0.0,0.0,0.0,8
不使用 GP 产生的状态,1000,历史重启阶段最优路径,沉积后,deposit_l1_over_budget,0.005571701158719444,0.0017003200472539867,0.01309871161182409,8
不使用 GP 产生的状态,1000,历史重启阶段最优路径,沉积后,source_edge_tau_l1_over_two_budget,0.005571728151632115,0.0017020670733821407,0.013111073802232379,8
不使用 GP 产生的状态,1000,历史重启阶段最优路径,沉积后,global_tau_relative_l1,4.543708137157982e-06,1.4337137667278924e-06,1.0593375165875156e-05,8
不使用 GP 产生的状态,1000,历史重启阶段最优路径,蒸发和下界保护后,deposit_l1_over_budget,0.005571701158719444,0.0017021360700011574,0.01311271357849932,8
不使用 GP 产生的状态,1000,历史重启阶段最优路径,蒸发和下界保护后,source_edge_tau_l1_over_two_budget,0.0,0.0,0.0,8
不使用 GP 产生的状态,1000,历史重启阶段最优路径,蒸发和下界保护后,global_tau_relative_l1,0.0,0.0,0.0,8
不使用 GP 产生的状态,1000,历史重启阶段最优路径,重启和可选上界处理后,deposit_l1_over_budget,0.005571701158719444,0.001705009436366184,0.013113893076539236,8
不使用 GP 产生的状态,1000,历史重启阶段最优路径,重启和可选上界处理后,source_edge_tau_l1_over_two_budget,0.005404664975330806,0.0014535910841354644,0.013026653989258575,8
不使用 GP 产生的状态,1000,历史重启阶段最优路径,重启和可选上界处理后,global_tau_relative_l1,4.39615824037198e-06,1.2190043405067715e-06,1.04969898691536e-05,8
不使用 GP 产生的状态,1000,本轮最优路径,更新前,deposit_l1_over_budget,0.006458425906104412,0.0017002249219596332,0.01577187445229345,8
不使用 GP 产生的状态,1000,本轮最优路径,更新前,source_edge_tau_l1_over_two_budget,0.0,0.0,0.0,8
不使用 GP 产生的状态,1000,本轮最优路径,更新前,global_tau_relative_l1,0.0,0.0,0.0,8
不使用 GP 产生的状态,1000,本轮最优路径,沉积后,deposit_l1_over_budget,0.006458425906104412,0.0017033988912263415,0.015780055453920278,8
不使用 GP 产生的状态,1000,本轮最优路径,沉积后,source_edge_tau_l1_over_two_budget,0.0064584619426402,0.0017000004370164427,0.015775041636966153,8
不使用 GP 产生的状态,1000,本轮最优路径,沉积后,global_tau_relative_l1,5.255744690533568e-06,1.4297471557877674e-06,1.2732675850179288e-05,8
不使用 GP 产生的状态,1000,本轮最优路径,蒸发和下界保护后,deposit_l1_over_budget,0.006458425906104412,0.0017045481920603112,0.01577301680776065,8
不使用 GP 产生的状态,1000,本轮最优路径,蒸发和下界保护后,source_edge_tau_l1_over_two_budget,0.0,0.0,0.0,8
不使用 GP 产生的状态,1000,本轮最优路径,蒸发和下界保护后,global_tau_relative_l1,0.0,0.0,0.0,8
不使用 GP 产生的状态,1000,本轮最优路径,重启和可选上界处理后,deposit_l1_over_budget,0.006458425906104412,0.0017033988912263413,0.01577783152998922,8
不使用 GP 产生的状态,1000,本轮最优路径,重启和可选上界处理后,source_edge_tau_l1_over_two_budget,0.00629162388938345,0.0014582512137482583,0.01567764635865631,8
不使用 GP 产生的状态,1000,本轮最优路径,重启和可选上界处理后,global_tau_relative_l1,5.108392453313069e-06,1.2185748456836886e-06,1.2638377483653917e-05,8
不使用 GP 产生的状态,2500,历史全局最优路径,更新前,deposit_l1_over_budget,0.04399787045783637,0.02431094436017259,0.06316288986076878,8
不使用 GP 产生的状态,2500,历史全局最优路径,更新前,source_edge_tau_l1_over_two_budget,0.0,0.0,0.0,8
不使用 GP 产生的状态,2500,历史全局最优路径,更新前,global_tau_relative_l1,0.0,0.0,0.0,8
不使用 GP 产生的状态,2500,历史全局最优路径,沉积后,deposit_l1_over_budget,0.04399787045783637,0.02362587364948344,0.06295663183516684,8
不使用 GP 产生的状态,2500,历史全局最优路径,沉积后,source_edge_tau_l1_over_two_budget,0.0439978903215985,0.023656216676200926,0.0633180703659967,8
不使用 GP 产生的状态,2500,历史全局最优路径,沉积后,global_tau_relative_l1,3.612750021063293e-05,1.9355693076190128e-05,5.184018545697549e-05,8
不使用 GP 产生的状态,2500,历史全局最优路径,蒸发和下界保护后,deposit_l1_over_budget,0.04399787045783637,0.02360518474789481,0.06314272851373678,8
不使用 GP 产生的状态,2500,历史全局最优路径,蒸发和下界保护后,source_edge_tau_l1_over_two_budget,0.0,0.0,0.0,8
不使用 GP 产生的状态,2500,历史全局最优路径,蒸发和下界保护后,global_tau_relative_l1,0.0,0.0,0.0,8
不使用 GP 产生的状态,2500,历史全局最优路径,重启和可选上界处理后,deposit_l1_over_budget,0.04399787045783637,0.02431094436017259,0.0629825437481416,8
不使用 GP 产生的状态,2500,历史全局最优路径,重启和可选上界处理后,source_edge_tau_l1_over_two_budget,0.04379137046519806,0.02333223093931775,0.06299827925900005,8
不使用 GP 产生的状态,2500,历史全局最优路径,重启和可选上界处理后,global_tau_relative_l1,3.5955778649652856e-05,1.9007592312992906e-05,5.144271634572678e-05,8
不使用 GP 产生的状态,2500,历史重启阶段最优路径,更新前,deposit_l1_over_budget,0.012455425859024535,0.004912739002908094,0.01958080177052328,8
不使用 GP 产生的状态,2500,历史重启阶段最优路径,更新前,source_edge_tau_l1_over_two_budget,0.0,0.0,0.0,8
不使用 GP 产生的状态,2500,历史重启阶段最优路径,更新前,global_tau_relative_l1,0.0,0.0,0.0,8
不使用 GP 产生的状态,2500,历史重启阶段最优路径,沉积后,deposit_l1_over_budget,0.012455425859024535,0.004912739002908093,0.019678210374191374,8
不使用 GP 产生的状态,2500,历史重启阶段最优路径,沉积后,source_edge_tau_l1_over_two_budget,0.01245543287362567,0.005087911675854178,0.019893077612666864,8
不使用 GP 产生的状态,2500,历史重启阶段最优路径,沉积后,global_tau_relative_l1,1.014990914952654e-05,4.158674533863375e-06,1.6021304559703857e-05,8
不使用 GP 产生的状态,2500,历史重启阶段最优路径,蒸发和下界保护后,deposit_l1_over_budget,0.012455425859024535,0.005078470662338666,0.019591312976743318,8
不使用 GP 产生的状态,2500,历史重启阶段最优路径,蒸发和下界保护后,source_edge_tau_l1_over_two_budget,0.0,0.0,0.0,8
不使用 GP 产生的状态,2500,历史重启阶段最优路径,蒸发和下界保护后,global_tau_relative_l1,0.0,0.0,0.0,8
不使用 GP 产生的状态,2500,历史重启阶段最优路径,重启和可选上界处理后,deposit_l1_over_budget,0.012455425859024535,0.005038636459430924,0.019885754117747116,8
不使用 GP 产生的状态,2500,历史重启阶段最优路径,重启和可选上界处理后,source_edge_tau_l1_over_two_budget,0.012248215511524888,0.004722382501475126,0.019672352015974247,8
不使用 GP 产生的状态,2500,历史重启阶段最优路径,重启和可选上界处理后,global_tau_relative_l1,9.977607667200629e-06,3.940778032194447e-06,1.601443730220681e-05,8
不使用 GP 产生的状态,2500,本轮最优路径,更新前,deposit_l1_over_budget,0.015620087987224428,0.00597731614492418,0.025200134183404103,8
不使用 GP 产生的状态,2500,本轮最优路径,更新前,source_edge_tau_l1_over_two_budget,0.0,0.0,0.0,8
不使用 GP 产生的状态,2500,本轮最优路径,更新前,global_tau_relative_l1,0.0,0.0,0.0,8
不使用 GP 产生的状态,2500,本轮最优路径,沉积后,deposit_l1_over_budget,0.015620087987224428,0.006034120371426508,0.025180346728461877,8
不使用 GP 产生的状态,2500,本轮最优路径,沉积后,source_edge_tau_l1_over_two_budget,0.015620107842772391,0.005977714007477356,0.0253495794752598,8
不使用 GP 产生的状态,2500,本轮最优路径,沉积后,global_tau_relative_l1,1.2713838912202536e-05,4.967852727487595e-06,2.0497628870350973e-05,8
不使用 GP 产生的状态,2500,本轮最优路径,蒸发和下界保护后,deposit_l1_over_budget,0.015620087987224428,0.006033601416752616,0.025467607310474694,8
不使用 GP 产生的状态,2500,本轮最优路径,蒸发和下界保护后,source_edge_tau_l1_over_two_budget,0.0,0.0,0.0,8
不使用 GP 产生的状态,2500,本轮最优路径,蒸发和下界保护后,global_tau_relative_l1,0.0,0.0,0.0,8
不使用 GP 产生的状态,2500,本轮最优路径,重启和可选上界处理后,deposit_l1_over_budget,0.015620087987224428,0.006115081412268133,0.025480814945673915,8
不使用 GP 产生的状态,2500,本轮最优路径,重启和可选上界处理后,source_edge_tau_l1_over_two_budget,0.015413458057209522,0.005789995679838181,0.02509069130074837,8
不使用 GP 产生的状态,2500,本轮最优路径,重启和可选上界处理后,global_tau_relative_l1,1.2542009331464549e-05,4.744585762495776e-06,2.0323881390216456e-05,8
