task,cohort,variant,condition,mode,instances,gpu_model,host,visible_gpu,wall_seconds_last_attempt,full_horizon_timing,diagnostic_bytes
diagnosis_dev-mmas-C000-s00-b000,P1,mmas,C000,legacy,32,NVIDIA RTX A5000,cuda01.sms.vuw.ac.nz,GPU-6a8d4409-1aff-259d-9729-2d12a7e5ef97,398.6429085675627,True,889244581
diagnosis_dev-mmas-C000-s01-b000,P1,mmas,C000,legacy,32,NVIDIA RTX A5000,cuda01.sms.vuw.ac.nz,GPU-6a8d4409-1aff-259d-9729-2d12a7e5ef97,395.72619290836155,True,883808711
diagnosis_dev-mmas-C000-s02-b000,P1,mmas,C000,legacy,32,NVIDIA RTX A5000,cuda01.sms.vuw.ac.nz,GPU-f0f78645-5f56-4a26-f2c9-bee548a196d3,393.132876874879,True,884392898
diagnosis_dev-mmas-C000-s03-b000,P1,mmas,C000,legacy,32,NVIDIA RTX A5000,cuda12.ecs.vuw.ac.nz,GPU-eaae4626-0b5b-5897-32ea-8003857834e9,372.85258646216244,True,890478897
diagnosis_dev-mmas-C000-s04-b000,P1,mmas,C000,legacy,32,NVIDIA RTX A5000,cuda01.sms.vuw.ac.nz,GPU-6a8d4409-1aff-259d-9729-2d12a7e5ef97,394.85812283027917,True,887985217
diagnosis_dev-mmas-C001-s00-b000,P1,mmas,C001,legacy,32,NVIDIA RTX A5000,cuda13.ecs.vuw.ac.nz,GPU-da4490c9-1c09-49b2-00dc-b175417ae7bb,311.8671984770335,True,845495712
diagnosis_dev-mmas-C001-s01-b000,P1,mmas,C001,legacy,32,NVIDIA RTX A5000,cuda08.ecs.vuw.ac.nz,GPU-9e271973-f616-3c82-922d-792bb30eefc0,363.18448625225574,True,845026763
diagnosis_dev-mmas-C001-s02-b000,P1,mmas,C001,legacy,32,NVIDIA RTX A5000,cuda12.ecs.vuw.ac.nz,GPU-eaae4626-0b5b-5897-32ea-8003857834e9,306.68853882700205,True,844452360
diagnosis_dev-mmas-C001-s03-b000,P1,mmas,C001,legacy,32,NVIDIA RTX A5000,cuda01.sms.vuw.ac.nz,GPU-f0f78645-5f56-4a26-f2c9-bee548a196d3,329.1615234622732,True,844217160
diagnosis_dev-mmas-C001-s04-b000,P1,mmas,C001,legacy,32,NVIDIA RTX A5000,cuda08.ecs.vuw.ac.nz,GPU-9e271973-f616-3c82-922d-792bb30eefc0,362.10505405208096,True,846930662
diagnosis_dev-mmas-C010-s00-b000,P1,mmas,C010,legacy,32,NVIDIA RTX A5000,cuda01.sms.vuw.ac.nz,GPU-6a8d4409-1aff-259d-9729-2d12a7e5ef97,423.26521919388324,True,1273787537
diagnosis_dev-mmas-C010-s01-b000,P1,mmas,C010,legacy,32,NVIDIA RTX A5000,cuda12.ecs.vuw.ac.nz,GPU-eaae4626-0b5b-5897-32ea-8003857834e9,396.72863848041743,True,1268044868
diagnosis_dev-mmas-C010-s02-b000,P1,mmas,C010,legacy,32,NVIDIA RTX A5000,cuda12.ecs.vuw.ac.nz,GPU-eaae4626-0b5b-5897-32ea-8003857834e9,393.36720969108865,True,1282336508
diagnosis_dev-mmas-C010-s03-b000,P1,mmas,C010,legacy,32,NVIDIA RTX A5000,cuda01.sms.vuw.ac.nz,GPU-6a8d4409-1aff-259d-9729-2d12a7e5ef97,419.99680406879634,True,1273154870
diagnosis_dev-mmas-C010-s04-b000,P1,mmas,C010,legacy,32,NVIDIA RTX A5000,cuda13.ecs.vuw.ac.nz,GPU-da4490c9-1c09-49b2-00dc-b175417ae7bb,396.4072608239949,True,1268158178
diagnosis_dev-mmas-C011-s00-b000,P1,mmas,C011,legacy,32,NVIDIA RTX A5000,cuda01.sms.vuw.ac.nz,GPU-f0f78645-5f56-4a26-f2c9-bee548a196d3,362.3039034726098,True,1204522065
diagnosis_dev-mmas-C011-s01-b000,P1,mmas,C011,legacy,32,NVIDIA RTX A5000,cuda08.ecs.vuw.ac.nz,GPU-9e271973-f616-3c82-922d-792bb30eefc0,391.1960301948711,True,1201398199
diagnosis_dev-mmas-C011-s02-b000,P1,mmas,C011,legacy,32,NVIDIA RTX A5000,cuda08.ecs.vuw.ac.nz,GPU-9e271973-f616-3c82-922d-792bb30eefc0,385.1051107891835,True,1199256943
diagnosis_dev-mmas-C011-s03-b000,P1,mmas,C011,legacy,32,NVIDIA RTX A5000,cuda08.ecs.vuw.ac.nz,GPU-9e271973-f616-3c82-922d-792bb30eefc0,385.3241499736905,True,1200049121
diagnosis_dev-mmas-C011-s04-b000,P1,mmas,C011,legacy,32,NVIDIA RTX A5000,cuda01.sms.vuw.ac.nz,GPU-f0f78645-5f56-4a26-f2c9-bee548a196d3,357.38922670390457,True,1202957033
diagnosis_dev-mmas-C100-s00-b000,P1,mmas,C100,legacy,32,NVIDIA RTX A5000,cuda01.sms.vuw.ac.nz,GPU-6a8d4409-1aff-259d-9729-2d12a7e5ef97,480.1751739876345,True,1233269141
diagnosis_dev-mmas-C100-s01-b000,P1,mmas,C100,legacy,32,NVIDIA RTX A5000,cuda01.sms.vuw.ac.nz,GPU-f0f78645-5f56-4a26-f2c9-bee548a196d3,477.78902976587415,True,1233500723
diagnosis_dev-mmas-C100-s02-b000,P1,mmas,C100,legacy,32,NVIDIA RTX A5000,cuda08.ecs.vuw.ac.nz,GPU-9e271973-f616-3c82-922d-792bb30eefc0,503.03354050405324,True,1230729901
diagnosis_dev-mmas-C100-s03-b000,P1,mmas,C100,legacy,32,NVIDIA RTX A5000,cuda13.ecs.vuw.ac.nz,GPU-da4490c9-1c09-49b2-00dc-b175417ae7bb,462.84839700721204,True,1229620841
diagnosis_dev-mmas-C100-s04-b000,P1,mmas,C100,legacy,32,NVIDIA RTX A5000,cuda12.ecs.vuw.ac.nz,GPU-83d1d2fa-a36a-58dc-e461-3d2b3077301c,458.39036233583465,True,1235867314
diagnosis_dev-mmas-C101-s00-b000,P1,mmas,C101,legacy,32,NVIDIA RTX A5000,cuda01.sms.vuw.ac.nz,GPU-f0f78645-5f56-4a26-f2c9-bee548a196d3,463.0294613549486,True,1111288053
diagnosis_dev-mmas-C101-s01-b000,P1,mmas,C101,legacy,32,NVIDIA RTX A5000,cuda01.sms.vuw.ac.nz,GPU-f0f78645-5f56-4a26-f2c9-bee548a196d3,455.8741076970473,True,1113205536
diagnosis_dev-mmas-C101-s02-b000,P1,mmas,C101,legacy,32,NVIDIA RTX A5000,cuda01.sms.vuw.ac.nz,GPU-f0f78645-5f56-4a26-f2c9-bee548a196d3,458.408109578304,True,1111700589
diagnosis_dev-mmas-C101-s03-b000,P1,mmas,C101,legacy,32,NVIDIA RTX A5000,cuda11.ecs.vuw.ac.nz,GPU-c3d3524e-5391-eb14-74fe-17643672b259,478.08723786473274,True,1109548592
diagnosis_dev-mmas-C101-s04-b000,P1,mmas,C101,legacy,32,NVIDIA RTX A5000,cuda11.ecs.vuw.ac.nz,GPU-c3d3524e-5391-eb14-74fe-17643672b259,478.8825212488882,True,1113467377
diagnosis_dev-mmas-C110-s00-b000,P1,mmas,C110,legacy,32,NVIDIA RTX A5000,cuda01.sms.vuw.ac.nz,GPU-f0f78645-5f56-4a26-f2c9-bee548a196d3,478.9873233316466,True,1408895622
diagnosis_dev-mmas-C110-s01-b000,P1,mmas,C110,legacy,32,NVIDIA RTX A5000,cuda08.ecs.vuw.ac.nz,GPU-9e271973-f616-3c82-922d-792bb30eefc0,505.09559925086796,True,1412099369
diagnosis_dev-mmas-C110-s02-b000,P1,mmas,C110,legacy,32,NVIDIA RTX A5000,cuda01.sms.vuw.ac.nz,GPU-6a8d4409-1aff-259d-9729-2d12a7e5ef97,479.3677734993398,True,1418237190
diagnosis_dev-mmas-C110-s03-b000,P1,mmas,C110,legacy,32,NVIDIA RTX A5000,cuda12.ecs.vuw.ac.nz,GPU-eaae4626-0b5b-5897-32ea-8003857834e9,459.3392626051791,True,1413843634
diagnosis_dev-mmas-C110-s04-b000,P1,mmas,C110,legacy,32,NVIDIA RTX A5000,cuda03.sms.vuw.ac.nz,GPU-cc91c3d0-a556-edeb-c53f-b64bf8bbe1f7,473.8137087263167,True,1415892757
diagnosis_dev-mmas-C111-s00-b000,P1,mmas,C111,legacy,32,NVIDIA RTX A5000,cuda01.sms.vuw.ac.nz,GPU-6a8d4409-1aff-259d-9729-2d12a7e5ef97,265.87996004894376,False,1336681729
diagnosis_dev-mmas-C111-s01-b000,P1,mmas,C111,legacy,32,NVIDIA RTX A5000,cuda01.sms.vuw.ac.nz,GPU-6a8d4409-1aff-259d-9729-2d12a7e5ef97,466.42198873031884,True,1337211977
diagnosis_dev-mmas-C111-s02-b000,P1,mmas,C111,legacy,32,NVIDIA RTX A5000,cuda11.ecs.vuw.ac.nz,GPU-c3d3524e-5391-eb14-74fe-17643672b259,490.8727889517322,True,1335211199
diagnosis_dev-mmas-C111-s03-b000,P1,mmas,C111,legacy,32,NVIDIA RTX A5000,cuda10.ecs.vuw.ac.nz,GPU-29d94703-008a-2265-d24c-10f593a247fe,495.7065021242015,True,1334588345
diagnosis_dev-mmas-C111-s04-b000,P1,mmas,C111,legacy,32,NVIDIA RTX A5000,cuda10.ecs.vuw.ac.nz,GPU-29d94703-008a-2265-d24c-10f593a247fe,491.81936481501907,True,1337432164
numeric-pair-as-s0-b00--legacy,N1,as,C111,legacy,8,NVIDIA RTX A5000,cuda01.sms.vuw.ac.nz,GPU-f0f78645-5f56-4a26-f2c9-bee548a196d3,1339.690952909179,True,2814640240
numeric-pair-as-s0-b00--centered_fp32,N1,as,C111,centered_fp32,8,NVIDIA RTX A5000,cuda01.sms.vuw.ac.nz,GPU-f0f78645-5f56-4a26-f2c9-bee548a196d3,1541.2673987960443,True,2824934983
numeric-pair-as-s0-b00--centered_fp64,N1,as,C111,centered_fp64,8,NVIDIA RTX A5000,cuda01.sms.vuw.ac.nz,GPU-f0f78645-5f56-4a26-f2c9-bee548a196d3,1349.8639636673033,True,2829030057
numeric-pair-as-s0-b08--legacy,N1,as,C111,legacy,8,NVIDIA RTX A5000,cuda10.ecs.vuw.ac.nz,GPU-dc3f37e9-bc9b-dd69-60e8-a77365d836db,1307.3917645607144,True,2785426074
numeric-pair-as-s0-b08--centered_fp32,N1,as,C111,centered_fp32,8,NVIDIA RTX A5000,cuda10.ecs.vuw.ac.nz,GPU-dc3f37e9-bc9b-dd69-60e8-a77365d836db,1507.368452851195,True,2774236452
numeric-pair-as-s0-b08--centered_fp64,N1,as,C111,centered_fp64,8,NVIDIA RTX A5000,cuda10.ecs.vuw.ac.nz,GPU-dc3f37e9-bc9b-dd69-60e8-a77365d836db,1317.4380196873099,True,2786480778
numeric-pair-as-s0-b16--legacy,N1,as,C111,legacy,8,NVIDIA RTX A5000,cuda10.ecs.vuw.ac.nz,GPU-29d94703-008a-2265-d24c-10f593a247fe,1351.1628771577962,True,2790864943
numeric-pair-as-s0-b16--centered_fp32,N1,as,C111,centered_fp32,8,NVIDIA RTX A5000,cuda10.ecs.vuw.ac.nz,GPU-29d94703-008a-2265-d24c-10f593a247fe,1554.9851774452254,True,2790628248
numeric-pair-as-s0-b16--centered_fp64,N1,as,C111,centered_fp64,8,NVIDIA RTX A5000,cuda10.ecs.vuw.ac.nz,GPU-29d94703-008a-2265-d24c-10f593a247fe,1362.2834677700885,True,2792748418
numeric-pair-as-s0-b24--legacy,N1,as,C111,legacy,8,NVIDIA RTX A5000,cuda11.ecs.vuw.ac.nz,GPU-c3d3524e-5391-eb14-74fe-17643672b259,1275.1722234529443,True,2786615636
numeric-pair-as-s0-b24--centered_fp32,N1,as,C111,centered_fp32,8,NVIDIA RTX A5000,cuda11.ecs.vuw.ac.nz,GPU-c3d3524e-5391-eb14-74fe-17643672b259,1465.4186717090197,True,2785543000
numeric-pair-as-s0-b24--centered_fp64,N1,as,C111,centered_fp64,8,NVIDIA RTX A5000,cuda11.ecs.vuw.ac.nz,GPU-c3d3524e-5391-eb14-74fe-17643672b259,1285.3057979922742,True,2785916442
numeric-pair-as-s1-b00--legacy,N1,as,C111,legacy,8,NVIDIA RTX A5000,cuda13.ecs.vuw.ac.nz,GPU-da4490c9-1c09-49b2-00dc-b175417ae7bb,1409.8758992222138,True,2819390659
numeric-pair-as-s1-b00--centered_fp32,N1,as,C111,centered_fp32,8,NVIDIA RTX A5000,cuda13.ecs.vuw.ac.nz,GPU-da4490c9-1c09-49b2-00dc-b175417ae7bb,1599.7355509879999,True,2810221105
numeric-pair-as-s1-b00--centered_fp64,N1,as,C111,centered_fp64,8,NVIDIA RTX A5000,cuda13.ecs.vuw.ac.nz,GPU-da4490c9-1c09-49b2-00dc-b175417ae7bb,1403.2786940219812,True,2813928532
numeric-pair-as-s1-b08--legacy,N1,as,C111,legacy,8,NVIDIA RTX A5000,cuda12.ecs.vuw.ac.nz,GPU-83d1d2fa-a36a-58dc-e461-3d2b3077301c,1346.7135296920314,True,2752984302
numeric-pair-as-s1-b08--centered_fp32,N1,as,C111,centered_fp32,8,NVIDIA RTX A5000,cuda12.ecs.vuw.ac.nz,GPU-83d1d2fa-a36a-58dc-e461-3d2b3077301c,1554.15664854832,True,2763057774
numeric-pair-as-s1-b08--centered_fp64,N1,as,C111,centered_fp64,8,NVIDIA RTX A5000,cuda12.ecs.vuw.ac.nz,GPU-83d1d2fa-a36a-58dc-e461-3d2b3077301c,1358.060539057944,True,2760415669
numeric-pair-as-s1-b16--legacy,N1,as,C111,legacy,8,NVIDIA RTX A5000,cuda12.ecs.vuw.ac.nz,GPU-d06b09ac-edfa-36ed-68ed-4c6cc90409fd,1329.2986550373025,True,2806507019
numeric-pair-as-s1-b16--centered_fp32,N1,as,C111,centered_fp32,8,NVIDIA RTX A5000,cuda12.ecs.vuw.ac.nz,GPU-d06b09ac-edfa-36ed-68ed-4c6cc90409fd,1522.6558437538333,True,2805270869
numeric-pair-as-s1-b16--centered_fp64,N1,as,C111,centered_fp64,8,NVIDIA RTX A5000,cuda12.ecs.vuw.ac.nz,GPU-d06b09ac-edfa-36ed-68ed-4c6cc90409fd,1338.7270000120625,True,2801783664
numeric-pair-as-s1-b24--legacy,N1,as,C111,legacy,8,NVIDIA RTX A5000,cuda03.sms.vuw.ac.nz,GPU-cc91c3d0-a556-edeb-c53f-b64bf8bbe1f7,1304.7856850028038,True,2754041048
numeric-pair-as-s1-b24--centered_fp32,N1,as,C111,centered_fp32,8,NVIDIA RTX A5000,cuda03.sms.vuw.ac.nz,GPU-cc91c3d0-a556-edeb-c53f-b64bf8bbe1f7,1501.4495355002582,True,2750872600
numeric-pair-as-s1-b24--centered_fp64,N1,as,C111,centered_fp64,8,NVIDIA RTX A5000,cuda03.sms.vuw.ac.nz,GPU-cc91c3d0-a556-edeb-c53f-b64bf8bbe1f7,1315.8291447535157,True,2757338299
numeric-pair-as-s2-b00--legacy,N1,as,C111,legacy,8,NVIDIA RTX A5000,cuda01.sms.vuw.ac.nz,GPU-6a8d4409-1aff-259d-9729-2d12a7e5ef97,1344.7496054973453,True,2808767507
numeric-pair-as-s2-b00--centered_fp32,N1,as,C111,centered_fp32,8,NVIDIA RTX A5000,cuda01.sms.vuw.ac.nz,GPU-6a8d4409-1aff-259d-9729-2d12a7e5ef97,1550.5442307870835,True,2817461493
numeric-pair-as-s2-b00--centered_fp64,N1,as,C111,centered_fp64,8,NVIDIA RTX A5000,cuda01.sms.vuw.ac.nz,GPU-6a8d4409-1aff-259d-9729-2d12a7e5ef97,1352.1419201381505,True,2820286462
numeric-pair-as-s2-b08--legacy,N1,as,C111,legacy,8,NVIDIA RTX 4000 Ada Generation,cuda-small1.ecs.vuw.ac.nz,GPU-8ce2c8bb-d2fd-214d-c9ce-b22a66f38bbb,1130.264525314793,True,2774763994
numeric-pair-as-s2-b08--centered_fp32,N1,as,C111,centered_fp32,8,NVIDIA RTX 4000 Ada Generation,cuda-small1.ecs.vuw.ac.nz,GPU-8ce2c8bb-d2fd-214d-c9ce-b22a66f38bbb,1301.5324744284153,True,2773800784
numeric-pair-as-s2-b08--centered_fp64,N1,as,C111,centered_fp64,8,NVIDIA RTX 4000 Ada Generation,cuda-small1.ecs.vuw.ac.nz,GPU-8ce2c8bb-d2fd-214d-c9ce-b22a66f38bbb,1144.5754184070975,True,2777971660
numeric-pair-as-s2-b16--legacy,N1,as,C111,legacy,8,NVIDIA RTX A5000,cuda08.ecs.vuw.ac.nz,GPU-9e271973-f616-3c82-922d-792bb30eefc0,1354.2738278890029,True,2817020530
numeric-pair-as-s2-b16--centered_fp32,N1,as,C111,centered_fp32,8,NVIDIA RTX A5000,cuda08.ecs.vuw.ac.nz,GPU-9e271973-f616-3c82-922d-792bb30eefc0,1560.213832101319,True,2812800352
numeric-pair-as-s2-b16--centered_fp64,N1,as,C111,centered_fp64,8,NVIDIA RTX A5000,cuda08.ecs.vuw.ac.nz,GPU-9e271973-f616-3c82-922d-792bb30eefc0,1364.14680232713,True,2821564472
numeric-pair-as-s2-b24--legacy,N1,as,C111,legacy,8,NVIDIA RTX A5000,cuda12.ecs.vuw.ac.nz,GPU-eaae4626-0b5b-5897-32ea-8003857834e9,1235.7641013721004,True,2796681709
numeric-pair-as-s2-b24--centered_fp32,N1,as,C111,centered_fp32,8,NVIDIA RTX A5000,cuda12.ecs.vuw.ac.nz,GPU-eaae4626-0b5b-5897-32ea-8003857834e9,1425.9545737910084,True,2795272799
numeric-pair-as-s2-b24--centered_fp64,N1,as,C111,centered_fp64,8,NVIDIA RTX A5000,cuda12.ecs.vuw.ac.nz,GPU-eaae4626-0b5b-5897-32ea-8003857834e9,1246.2928917920217,True,2800164728
numeric-pair-as-s3-b00--legacy,N1,as,C111,legacy,8,NVIDIA RTX A5000,cuda11.ecs.vuw.ac.nz,GPU-c3d3524e-5391-eb14-74fe-17643672b259,1340.782802592963,True,2808757137
numeric-pair-as-s3-b00--centered_fp32,N1,as,C111,centered_fp32,8,NVIDIA RTX A5000,cuda11.ecs.vuw.ac.nz,GPU-c3d3524e-5391-eb14-74fe-17643672b259,1543.1593091678806,True,2810764357
numeric-pair-as-s3-b00--centered_fp64,N1,as,C111,centered_fp64,8,NVIDIA RTX A5000,cuda11.ecs.vuw.ac.nz,GPU-c3d3524e-5391-eb14-74fe-17643672b259,1352.3844230989926,True,2817116565
numeric-pair-as-s3-b08--legacy,N1,as,C111,legacy,8,NVIDIA RTX A5000,cuda10.ecs.vuw.ac.nz,GPU-29d94703-008a-2265-d24c-10f593a247fe,1344.8420196110383,True,2775284852
numeric-pair-as-s3-b08--centered_fp32,N1,as,C111,centered_fp32,8,NVIDIA RTX A5000,cuda10.ecs.vuw.ac.nz,GPU-29d94703-008a-2265-d24c-10f593a247fe,1551.79266606085,True,2768991609
numeric-pair-as-s3-b08--centered_fp64,N1,as,C111,centered_fp64,8,NVIDIA RTX A5000,cuda10.ecs.vuw.ac.nz,GPU-29d94703-008a-2265-d24c-10f593a247fe,1359.121589211747,True,2778116075
numeric-pair-as-s3-b16--legacy,N1,as,C111,legacy,8,NVIDIA RTX A5000,cuda12.ecs.vuw.ac.nz,GPU-83d1d2fa-a36a-58dc-e461-3d2b3077301c,1376.2995080761611,True,2764552061
numeric-pair-as-s3-b16--centered_fp32,N1,as,C111,centered_fp32,8,NVIDIA RTX A5000,cuda12.ecs.vuw.ac.nz,GPU-83d1d2fa-a36a-58dc-e461-3d2b3077301c,1590.6100622657686,True,2763077481
numeric-pair-as-s3-b16--centered_fp64,N1,as,C111,centered_fp64,8,NVIDIA RTX A5000,cuda12.ecs.vuw.ac.nz,GPU-83d1d2fa-a36a-58dc-e461-3d2b3077301c,1389.5404214621522,True,2789354781
numeric-pair-as-s3-b24--legacy,N1,as,C111,legacy,8,NVIDIA RTX A5000,cuda03.sms.vuw.ac.nz,GPU-cc91c3d0-a556-edeb-c53f-b64bf8bbe1f7,1310.7689540721476,True,2797454753
numeric-pair-as-s3-b24--centered_fp32,N1,as,C111,centered_fp32,8,NVIDIA RTX A5000,cuda03.sms.vuw.ac.nz,GPU-cc91c3d0-a556-edeb-c53f-b64bf8bbe1f7,1510.3359077814966,True,2797404883
numeric-pair-as-s3-b24--centered_fp64,N1,as,C111,centered_fp64,8,NVIDIA RTX A5000,cuda03.sms.vuw.ac.nz,GPU-cc91c3d0-a556-edeb-c53f-b64bf8bbe1f7,1320.903586958535,True,2799594805
numeric-pair-as-s4-b00--legacy,N1,as,C111,legacy,8,NVIDIA RTX A5000,cuda10.ecs.vuw.ac.nz,GPU-dc3f37e9-bc9b-dd69-60e8-a77365d836db,1383.7350122197531,True,2777613434
numeric-pair-as-s4-b00--centered_fp32,N1,as,C111,centered_fp32,8,NVIDIA RTX A5000,cuda10.ecs.vuw.ac.nz,GPU-dc3f37e9-bc9b-dd69-60e8-a77365d836db,1593.065836024005,True,2777291255
numeric-pair-as-s4-b00--centered_fp64,N1,as,C111,centered_fp64,8,NVIDIA RTX A5000,cuda10.ecs.vuw.ac.nz,GPU-dc3f37e9-bc9b-dd69-60e8-a77365d836db,1394.5701493518427,True,2773840933
numeric-pair-as-s4-b08--legacy,N1,as,C111,legacy,8,NVIDIA RTX A5000,cuda12.ecs.vuw.ac.nz,GPU-eaae4626-0b5b-5897-32ea-8003857834e9,1300.7845749659464,True,2775348384
numeric-pair-as-s4-b08--centered_fp32,N1,as,C111,centered_fp32,8,NVIDIA RTX A5000,cuda12.ecs.vuw.ac.nz,GPU-eaae4626-0b5b-5897-32ea-8003857834e9,1478.8330106949434,True,2778559031
numeric-pair-as-s4-b08--centered_fp64,N1,as,C111,centered_fp64,8,NVIDIA RTX A5000,cuda12.ecs.vuw.ac.nz,GPU-eaae4626-0b5b-5897-32ea-8003857834e9,1302.8502462743782,True,2778505341
numeric-pair-as-s4-b16--legacy,N1,as,C111,legacy,8,NVIDIA RTX A5000,cuda12.ecs.vuw.ac.nz,GPU-d06b09ac-edfa-36ed-68ed-4c6cc90409fd,1314.9828568943776,True,2802907175
numeric-pair-as-s4-b16--centered_fp32,N1,as,C111,centered_fp32,8,NVIDIA RTX A5000,cuda12.ecs.vuw.ac.nz,GPU-d06b09ac-edfa-36ed-68ed-4c6cc90409fd,1518.167052121833,True,2808385871
numeric-pair-as-s4-b16--centered_fp64,N1,as,C111,centered_fp64,8,NVIDIA RTX A5000,cuda12.ecs.vuw.ac.nz,GPU-d06b09ac-edfa-36ed-68ed-4c6cc90409fd,1323.7353883991018,True,2801870925
numeric-pair-as-s4-b24--legacy,N1,as,C111,legacy,8,NVIDIA RTX 4000 Ada Generation,cuda-small1.ecs.vuw.ac.nz,GPU-8ce2c8bb-d2fd-214d-c9ce-b22a66f38bbb,1051.6657908307388,True,2797637084
numeric-pair-as-s4-b24--centered_fp32,N1,as,C111,centered_fp32,8,NVIDIA RTX 4000 Ada Generation,cuda-small1.ecs.vuw.ac.nz,GPU-8ce2c8bb-d2fd-214d-c9ce-b22a66f38bbb,1208.6032412275672,True,2799832133
numeric-pair-as-s4-b24--centered_fp64,N1,as,C111,centered_fp64,8,NVIDIA RTX 4000 Ada Generation,cuda-small1.ecs.vuw.ac.nz,GPU-8ce2c8bb-d2fd-214d-c9ce-b22a66f38bbb,1064.8017498096451,True,2803449633
numeric-pair-mmas-s0-b00--legacy,N1,mmas,C111,legacy,8,NVIDIA RTX A5000,cuda10.ecs.vuw.ac.nz,GPU-29d94703-008a-2265-d24c-10f593a247fe,271.57821993809193,True,338392546
numeric-pair-mmas-s0-b00--centered_fp32,N1,mmas,C111,centered_fp32,8,NVIDIA RTX A5000,cuda10.ecs.vuw.ac.nz,GPU-29d94703-008a-2265-d24c-10f593a247fe,280.8553027822636,True,339807672
numeric-pair-mmas-s0-b00--centered_fp64,N1,mmas,C111,centered_fp64,8,NVIDIA RTX A5000,cuda10.ecs.vuw.ac.nz,GPU-29d94703-008a-2265-d24c-10f593a247fe,301.7312163300812,True,339853241
numeric-pair-mmas-s0-b08--legacy,N1,mmas,C111,legacy,8,NVIDIA RTX A5000,cuda10.ecs.vuw.ac.nz,GPU-dc3f37e9-bc9b-dd69-60e8-a77365d836db,266.94593761023134,True,335084857
numeric-pair-mmas-s0-b08--centered_fp32,N1,mmas,C111,centered_fp32,8,NVIDIA RTX A5000,cuda10.ecs.vuw.ac.nz,GPU-dc3f37e9-bc9b-dd69-60e8-a77365d836db,274.10978936590254,True,336967013
numeric-pair-mmas-s0-b08--centered_fp64,N1,mmas,C111,centered_fp64,8,NVIDIA RTX A5000,cuda10.ecs.vuw.ac.nz,GPU-dc3f37e9-bc9b-dd69-60e8-a77365d836db,290.4309714557603,True,336565006
numeric-pair-mmas-s0-b16--legacy,N1,mmas,C111,legacy,8,NVIDIA RTX A5000,cuda11.ecs.vuw.ac.nz,GPU-c3d3524e-5391-eb14-74fe-17643672b259,274.0475445026532,True,335098105
numeric-pair-mmas-s0-b16--centered_fp32,N1,mmas,C111,centered_fp32,8,NVIDIA RTX A5000,cuda11.ecs.vuw.ac.nz,GPU-c3d3524e-5391-eb14-74fe-17643672b259,278.57558365818113,True,337468789
numeric-pair-mmas-s0-b16--centered_fp64,N1,mmas,C111,centered_fp64,8,NVIDIA RTX A5000,cuda11.ecs.vuw.ac.nz,GPU-c3d3524e-5391-eb14-74fe-17643672b259,291.3539402750321,True,337503057
numeric-pair-mmas-s0-b24--legacy,N1,mmas,C111,legacy,8,NVIDIA RTX A5000,cuda13.ecs.vuw.ac.nz,GPU-da4490c9-1c09-49b2-00dc-b175417ae7bb,253.86482050595805,True,336850095
numeric-pair-mmas-s0-b24--centered_fp32,N1,mmas,C111,centered_fp32,8,NVIDIA RTX A5000,cuda13.ecs.vuw.ac.nz,GPU-da4490c9-1c09-49b2-00dc-b175417ae7bb,260.0597474789247,True,338618042
numeric-pair-mmas-s0-b24--centered_fp64,N1,mmas,C111,centered_fp64,8,NVIDIA RTX A5000,cuda13.ecs.vuw.ac.nz,GPU-da4490c9-1c09-49b2-00dc-b175417ae7bb,275.35333197331056,True,338934810
numeric-pair-mmas-s1-b00--legacy,N1,mmas,C111,legacy,8,NVIDIA RTX A5000,cuda12.ecs.vuw.ac.nz,GPU-d06b09ac-edfa-36ed-68ed-4c6cc90409fd,261.0757288457826,True,337898062
numeric-pair-mmas-s1-b00--centered_fp32,N1,mmas,C111,centered_fp32,8,NVIDIA RTX A5000,cuda12.ecs.vuw.ac.nz,GPU-d06b09ac-edfa-36ed-68ed-4c6cc90409fd,264.0777416760102,True,339259819
numeric-pair-mmas-s1-b00--centered_fp64,N1,mmas,C111,centered_fp64,8,NVIDIA RTX A5000,cuda12.ecs.vuw.ac.nz,GPU-d06b09ac-edfa-36ed-68ed-4c6cc90409fd,216.79420342901722,False,338943959
numeric-pair-mmas-s1-b08--legacy,N1,mmas,C111,legacy,8,NVIDIA RTX A5000,cuda01.sms.vuw.ac.nz,GPU-6a8d4409-1aff-259d-9729-2d12a7e5ef97,265.6979078250006,True,335116104
numeric-pair-mmas-s1-b08--centered_fp32,N1,mmas,C111,centered_fp32,8,NVIDIA RTX A5000,cuda01.sms.vuw.ac.nz,GPU-6a8d4409-1aff-259d-9729-2d12a7e5ef97,269.17633969243616,True,336229440
numeric-pair-mmas-s1-b08--centered_fp64,N1,mmas,C111,centered_fp64,8,NVIDIA RTX A5000,cuda01.sms.vuw.ac.nz,GPU-6a8d4409-1aff-259d-9729-2d12a7e5ef97,286.2976562809199,True,336340761
numeric-pair-mmas-s1-b16--legacy,N1,mmas,C111,legacy,8,NVIDIA RTX A5000,cuda12.ecs.vuw.ac.nz,GPU-eaae4626-0b5b-5897-32ea-8003857834e9,250.20254076691344,True,335145434
numeric-pair-mmas-s1-b16--centered_fp32,N1,mmas,C111,centered_fp32,8,NVIDIA RTX A5000,cuda12.ecs.vuw.ac.nz,GPU-eaae4626-0b5b-5897-32ea-8003857834e9,264.9049811619334,True,337022643
numeric-pair-mmas-s1-b16--centered_fp64,N1,mmas,C111,centered_fp64,8,NVIDIA RTX A5000,cuda12.ecs.vuw.ac.nz,GPU-eaae4626-0b5b-5897-32ea-8003857834e9,278.49713933607563,True,337768101
numeric-pair-mmas-s1-b24--legacy,N1,mmas,C111,legacy,8,NVIDIA RTX A5000,cuda01.sms.vuw.ac.nz,GPU-6a8d4409-1aff-259d-9729-2d12a7e5ef97,269.12406960781664,True,337883201
numeric-pair-mmas-s1-b24--centered_fp32,N1,mmas,C111,centered_fp32,8,NVIDIA RTX A5000,cuda01.sms.vuw.ac.nz,GPU-6a8d4409-1aff-259d-9729-2d12a7e5ef97,275.44578929711133,True,338888400
numeric-pair-mmas-s1-b24--centered_fp64,N1,mmas,C111,centered_fp64,8,NVIDIA RTX A5000,cuda01.sms.vuw.ac.nz,GPU-6a8d4409-1aff-259d-9729-2d12a7e5ef97,288.82026224490255,True,338876581
numeric-pair-mmas-s2-b00--legacy,N1,mmas,C111,legacy,8,NVIDIA RTX A5000,cuda12.ecs.vuw.ac.nz,GPU-eaae4626-0b5b-5897-32ea-8003857834e9,206.56286989105865,False,336845312
numeric-pair-mmas-s2-b00--centered_fp32,N1,mmas,C111,centered_fp32,8,NVIDIA RTX A5000,cuda12.ecs.vuw.ac.nz,GPU-eaae4626-0b5b-5897-32ea-8003857834e9,262.3920228499919,True,338246076
numeric-pair-mmas-s2-b00--centered_fp64,N1,mmas,C111,centered_fp64,8,NVIDIA RTX A5000,cuda12.ecs.vuw.ac.nz,GPU-eaae4626-0b5b-5897-32ea-8003857834e9,277.10318355914205,True,338047419
numeric-pair-mmas-s2-b08--legacy,N1,mmas,C111,legacy,8,NVIDIA RTX 4000 Ada Generation,cuda-small1.ecs.vuw.ac.nz,GPU-8ce2c8bb-d2fd-214d-c9ce-b22a66f38bbb,234.2449448974803,True,334585861
numeric-pair-mmas-s2-b08--centered_fp32,N1,mmas,C111,centered_fp32,8,NVIDIA RTX 4000 Ada Generation,cuda-small1.ecs.vuw.ac.nz,GPU-8ce2c8bb-d2fd-214d-c9ce-b22a66f38bbb,237.56803943309933,True,336309806
numeric-pair-mmas-s2-b08--centered_fp64,N1,mmas,C111,centered_fp64,8,NVIDIA RTX 4000 Ada Generation,cuda-small1.ecs.vuw.ac.nz,GPU-8ce2c8bb-d2fd-214d-c9ce-b22a66f38bbb,245.46361412107944,True,335760459
numeric-pair-mmas-s2-b16--legacy,N1,mmas,C111,legacy,8,NVIDIA RTX A5000,cuda12.ecs.vuw.ac.nz,GPU-eaae4626-0b5b-5897-32ea-8003857834e9,252.37706104293466,True,335340622
numeric-pair-mmas-s2-b16--centered_fp32,N1,mmas,C111,centered_fp32,8,NVIDIA RTX A5000,cuda12.ecs.vuw.ac.nz,GPU-eaae4626-0b5b-5897-32ea-8003857834e9,259.74725964665413,True,337718030
numeric-pair-mmas-s2-b16--centered_fp64,N1,mmas,C111,centered_fp64,8,NVIDIA RTX A5000,cuda12.ecs.vuw.ac.nz,GPU-eaae4626-0b5b-5897-32ea-8003857834e9,273.5180218638852,True,337755740
numeric-pair-mmas-s2-b24--legacy,N1,mmas,C111,legacy,8,NVIDIA RTX A5000,cuda12.ecs.vuw.ac.nz,GPU-eaae4626-0b5b-5897-32ea-8003857834e9,250.66140960296616,True,337247995
numeric-pair-mmas-s2-b24--centered_fp32,N1,mmas,C111,centered_fp32,8,NVIDIA RTX A5000,cuda12.ecs.vuw.ac.nz,GPU-eaae4626-0b5b-5897-32ea-8003857834e9,264.26632462395355,True,339266777
numeric-pair-mmas-s2-b24--centered_fp64,N1,mmas,C111,centered_fp64,8,NVIDIA RTX A5000,cuda12.ecs.vuw.ac.nz,GPU-eaae4626-0b5b-5897-32ea-8003857834e9,277.1279528392479,True,339091782
numeric-pair-mmas-s3-b00--legacy,N1,mmas,C111,legacy,8,NVIDIA RTX A5000,cuda01.sms.vuw.ac.nz,GPU-f0f78645-5f56-4a26-f2c9-bee548a196d3,263.6416450338438,True,336583228
numeric-pair-mmas-s3-b00--centered_fp32,N1,mmas,C111,centered_fp32,8,NVIDIA RTX A5000,cuda01.sms.vuw.ac.nz,GPU-f0f78645-5f56-4a26-f2c9-bee548a196d3,269.8307992564514,True,337824187
numeric-pair-mmas-s3-b00--centered_fp64,N1,mmas,C111,centered_fp64,8,NVIDIA RTX A5000,cuda01.sms.vuw.ac.nz,GPU-f0f78645-5f56-4a26-f2c9-bee548a196d3,286.02566363755614,True,337510355
numeric-pair-mmas-s3-b08--legacy,N1,mmas,C111,legacy,8,NVIDIA RTX A5000,cuda10.ecs.vuw.ac.nz,GPU-dc3f37e9-bc9b-dd69-60e8-a77365d836db,264.93592193489894,True,335475286
numeric-pair-mmas-s3-b08--centered_fp32,N1,mmas,C111,centered_fp32,8,NVIDIA RTX A5000,cuda10.ecs.vuw.ac.nz,GPU-dc3f37e9-bc9b-dd69-60e8-a77365d836db,278.33912146277726,True,336713234
numeric-pair-mmas-s3-b08--centered_fp64,N1,mmas,C111,centered_fp64,8,NVIDIA RTX A5000,cuda10.ecs.vuw.ac.nz,GPU-dc3f37e9-bc9b-dd69-60e8-a77365d836db,291.24161391472444,True,336637741
numeric-pair-mmas-s3-b16--legacy,N1,mmas,C111,legacy,8,NVIDIA RTX A5000,cuda13.ecs.vuw.ac.nz,GPU-da4490c9-1c09-49b2-00dc-b175417ae7bb,257.130543185398,True,334610540
numeric-pair-mmas-s3-b16--centered_fp32,N1,mmas,C111,centered_fp32,8,NVIDIA RTX A5000,cuda13.ecs.vuw.ac.nz,GPU-da4490c9-1c09-49b2-00dc-b175417ae7bb,265.32128563383594,True,337134912
numeric-pair-mmas-s3-b16--centered_fp64,N1,mmas,C111,centered_fp64,8,NVIDIA RTX A5000,cuda13.ecs.vuw.ac.nz,GPU-da4490c9-1c09-49b2-00dc-b175417ae7bb,278.83619492687285,True,336825236
numeric-pair-mmas-s3-b24--legacy,N1,mmas,C111,legacy,8,NVIDIA RTX A5000,cuda12.ecs.vuw.ac.nz,GPU-d06b09ac-edfa-36ed-68ed-4c6cc90409fd,253.57018559379503,True,336697085
numeric-pair-mmas-s3-b24--centered_fp32,N1,mmas,C111,centered_fp32,8,NVIDIA RTX A5000,cuda12.ecs.vuw.ac.nz,GPU-d06b09ac-edfa-36ed-68ed-4c6cc90409fd,267.91354870190844,True,339007950
numeric-pair-mmas-s3-b24--centered_fp64,N1,mmas,C111,centered_fp64,8,NVIDIA RTX A5000,cuda12.ecs.vuw.ac.nz,GPU-d06b09ac-edfa-36ed-68ed-4c6cc90409fd,287.0178520339541,True,339631495
numeric-pair-mmas-s4-b00--legacy,N1,mmas,C111,legacy,8,NVIDIA RTX A5000,cuda01.sms.vuw.ac.nz,GPU-f0f78645-5f56-4a26-f2c9-bee548a196d3,262.7461559828371,True,337551299
numeric-pair-mmas-s4-b00--centered_fp32,N1,mmas,C111,centered_fp32,8,NVIDIA RTX A5000,cuda01.sms.vuw.ac.nz,GPU-f0f78645-5f56-4a26-f2c9-bee548a196d3,270.7693064985797,True,339535451
numeric-pair-mmas-s4-b00--centered_fp64,N1,mmas,C111,centered_fp64,8,NVIDIA RTX A5000,cuda01.sms.vuw.ac.nz,GPU-f0f78645-5f56-4a26-f2c9-bee548a196d3,289.2135947449133,True,339595352
numeric-pair-mmas-s4-b08--legacy,N1,mmas,C111,legacy,8,NVIDIA RTX A5000,cuda10.ecs.vuw.ac.nz,GPU-29d94703-008a-2265-d24c-10f593a247fe,267.8816034933552,True,334394384
numeric-pair-mmas-s4-b08--centered_fp32,N1,mmas,C111,centered_fp32,8,NVIDIA RTX A5000,cuda10.ecs.vuw.ac.nz,GPU-29d94703-008a-2265-d24c-10f593a247fe,277.80653431406245,True,336567077
numeric-pair-mmas-s4-b08--centered_fp64,N1,mmas,C111,centered_fp64,8,NVIDIA RTX A5000,cuda10.ecs.vuw.ac.nz,GPU-29d94703-008a-2265-d24c-10f593a247fe,295.1258820556104,True,336876799
numeric-pair-mmas-s4-b16--legacy,N1,mmas,C111,legacy,8,NVIDIA RTX A5000,cuda13.ecs.vuw.ac.nz,GPU-da4490c9-1c09-49b2-00dc-b175417ae7bb,259.1667948011309,True,336372350
numeric-pair-mmas-s4-b16--centered_fp32,N1,mmas,C111,centered_fp32,8,NVIDIA RTX A5000,cuda13.ecs.vuw.ac.nz,GPU-da4490c9-1c09-49b2-00dc-b175417ae7bb,269.79878964601085,True,337969107
numeric-pair-mmas-s4-b16--centered_fp64,N1,mmas,C111,centered_fp64,8,NVIDIA RTX A5000,cuda13.ecs.vuw.ac.nz,GPU-da4490c9-1c09-49b2-00dc-b175417ae7bb,283.67436730628833,True,338034969
numeric-pair-mmas-s4-b24--legacy,N1,mmas,C111,legacy,8,NVIDIA RTX 4000 Ada Generation,cuda-small1.ecs.vuw.ac.nz,GPU-8ce2c8bb-d2fd-214d-c9ce-b22a66f38bbb,232.58256287127733,True,337979795
numeric-pair-mmas-s4-b24--centered_fp32,N1,mmas,C111,centered_fp32,8,NVIDIA RTX 4000 Ada Generation,cuda-small1.ecs.vuw.ac.nz,GPU-8ce2c8bb-d2fd-214d-c9ce-b22a66f38bbb,241.80900379642844,True,339528125
numeric-pair-mmas-s4-b24--centered_fp64,N1,mmas,C111,centered_fp64,8,NVIDIA RTX 4000 Ada Generation,cuda-small1.ecs.vuw.ac.nz,GPU-8ce2c8bb-d2fd-214d-c9ce-b22a66f38bbb,248.90416360553354,True,339561387
