backend,generation,cpu_threads,precision,fast_math,generated_gp,candidate_lanes,population_requested,programs_unique,programs_executed,instances,cities,ants,aco_iterations,candidate_size,nodes_mean,nodes_max,depth_mean,tasks_executed,tours_executed,evaluation_wall_s,evaluation_request_wall_s,baseline_lookup_s,fitness_assign_s,encode_codegen_s,structural_dedup_s,compile_load_s,modules_compiled,module_loads,compile_cache_hits,generated_source_hash,gpu_span_s,kernel_sum_s,cpu_compute_s,h2d_s,d2h_s,fp64_score_s,chunks,peak_device_memory_bytes,kernel_resources,backend_calls,cache_state,status,output_signature,new_programs,startup_wall_s,fitness_min_gap_percent,evolve_s,input_prepare_s,logging_s,generation_wall_s,other_wall_s,task_id,experiment_id,repeat_id,host,gpu_uuid,gpu_name,source_hash,sampled_peak_device_memory_bytes,memory_sampling_interval_s,provenance
cpu8,1,8,fp64,False,False,,100,91,79,32,100,32,500,20,12.5,31,2.59,2528,40448000,377.407491591759,377.4080175748095,0.0003349706530570984,0.00015006866306066513,0.007154909893870354,0.004029341973364353,0.0,0,0,0,[],,,377.3812371203676,,,,1,,[],"[{""backend_wall_s"": 377.3902158970013, ""cities"": 100, ""instances"": 32, ""metrics"": {""audit_local_search"": 0, ""basin_top_q"": 0}, ""native_reported_wall_s"": 377.3812371203676, ""seed"": 2026091501, ""tours_executed"": 40448000}]",trace_first_use,completed,424ca1c4f9eae210fc3df435b80e586137dbeb419c40b581a57957402875ec5b,91,42.21774508804083,1.5566329910960983,0.011144791729748249,0.0,4.541128873825073e-05,377.42150937207043,0.002301594242453575,E1-cpu8-r0,E1,0,cuda04,GPU-34b223c6-7502-b097-19e0-a411b1708f06,,3e36d7276307c1fca8852ebc053d202c1e1c68713cc11aed1adcdc07745b41aa,,2,jobs/E1-cpu8-r0/result.json
cpu8,2,8,fp64,False,False,,100,86,77,32,100,32,500,20,16.08,31,3.08,2464,39424000,388.7923216894269,388.7927169864997,0.00013672932982444763,0.0002253446727991104,0.0031923269852995872,0.001504627987742424,0.0,0,0,0,[],,,388.7787024639547,,,,1,,[],"[{""backend_wall_s"": 388.7836447330192, ""cities"": 100, ""instances"": 32, ""metrics"": {""audit_local_search"": 0, ""basin_top_q"": 0}, ""native_reported_wall_s"": 388.7787024639547, ""seed"": 2026091502, ""tours_executed"": 39424000}]",trace_first_use,completed,99dbc9345f096c50f23c26349313cf333e4198737ed85e2266fe6a25dad566d2,57,42.21774508804083,1.440756430283582,0.011988150887191296,0.0,4.7468580305576324e-05,388.8072854485363,0.002532842569053173,E1-cpu8-r0,E1,0,cuda04,GPU-34b223c6-7502-b097-19e0-a411b1708f06,,3e36d7276307c1fca8852ebc053d202c1e1c68713cc11aed1adcdc07745b41aa,,2,jobs/E1-cpu8-r0/result.json
cpu8,3,8,fp64,False,False,,100,82,79,32,100,32,500,20,15.83,31,3.23,2528,40448000,428.5000943802297,428.50059906579554,0.0002465303987264633,0.0002221725881099701,0.004800903610885143,0.002440248616039753,0.0,0,0,0,[],,,428.4831573627889,,,,1,,[],"[{""backend_wall_s"": 428.4890348613262, ""cities"": 100, ""instances"": 32, ""metrics"": {""audit_local_search"": 0, ""basin_top_q"": 0}, ""native_reported_wall_s"": 428.4831573627889, ""seed"": 2026091503, ""tours_executed"": 40448000}]",trace_first_use,completed,94adf494150cfe72b5d9edb70561a689ffac9ec9c94c3e8180021aec9f43c4af,59,42.21774508804083,1.6144704283161837,0.011524061672389507,0.0,3.663264214992523e-05,428.5146952243522,0.0025354642421007156,E1-cpu8-r0,E1,0,cuda04,GPU-34b223c6-7502-b097-19e0-a411b1708f06,,3e36d7276307c1fca8852ebc053d202c1e1c68713cc11aed1adcdc07745b41aa,,2,jobs/E1-cpu8-r0/result.json
cpu8,4,8,fp64,False,False,,100,87,83,32,100,32,500,20,16.1,31,3.49,2656,42496000,484.12440475448966,484.12474061828107,0.00012999586760997772,0.00017876829952001572,0.003061891533434391,0.001430983655154705,0.0,0,0,0,[],,,484.11070324108005,,,,1,,[],"[{""backend_wall_s"": 484.1155018955469, ""cities"": 100, ""instances"": 32, ""metrics"": {""audit_local_search"": 0, ""basin_top_q"": 0}, ""native_reported_wall_s"": 484.11070324108005, ""seed"": 2026091504, ""tours_executed"": 42496000}]",trace_first_use,completed,1b0d44b41f6a82ac58312a894cc967f194a30c2f7217cb69e238fd055d825aee,67,42.21774508804083,1.1525422071927605,0.011125108227133751,0.0,4.865322262048721e-05,484.13834827952087,0.0024338997900485992,E1-cpu8-r0,E1,0,cuda04,GPU-34b223c6-7502-b097-19e0-a411b1708f06,,3e36d7276307c1fca8852ebc053d202c1e1c68713cc11aed1adcdc07745b41aa,,2,jobs/E1-cpu8-r0/result.json
cpu8,5,8,fp64,False,False,,100,80,79,32,100,32,500,20,14.7,31,3.58,2528,40448000,512.585955593735,512.5863382536918,0.00012920517474412918,0.0002252180129289627,0.002681126818060875,0.0013263002038002014,0.0,0,0,0,[],,,512.5728251077235,,,,1,,[],"[{""backend_wall_s"": 512.5781732881442, ""cities"": 100, ""instances"": 32, ""metrics"": {""audit_local_search"": 0, ""basin_top_q"": 0}, ""native_reported_wall_s"": 512.5728251077235, ""seed"": 2026091505, ""tours_executed"": 40448000}]",trace_first_use,completed,a2f72e5c3ebb2ca28877ccda5bde480a62b72325e25c721458532daf6104fe40,56,42.21774508804083,1.2982888097989063,4.5355409383773804e-07,0.0,3.250967711210251e-05,512.5887527484447,0.002381531521677971,E1-cpu8-r0,E1,0,cuda04,GPU-34b223c6-7502-b097-19e0-a411b1708f06,,3e36d7276307c1fca8852ebc053d202c1e1c68713cc11aed1adcdc07745b41aa,,2,jobs/E1-cpu8-r0/result.json
cpu8,1,8,fp64,False,False,,100,91,79,32,100,32,500,20,12.5,31,2.59,2528,40448000,376.70247155521065,376.7031531557441,0.0004931315779685974,0.0001432010903954506,0.010704522021114826,0.004998252727091312,0.0,0,0,0,[],,,376.6709973644465,,,,1,,[],"[{""backend_wall_s"": 376.6807152554393, ""cities"": 100, ""instances"": 32, ""metrics"": {""audit_local_search"": 0, ""basin_top_q"": 0}, ""native_reported_wall_s"": 376.6709973644465, ""seed"": 2026091501, ""tours_executed"": 40448000}]",trace_first_use,completed,424ca1c4f9eae210fc3df435b80e586137dbeb419c40b581a57957402875ec5b,91,43.1053027715534,1.5566329910960983,0.011228502728044987,0.0,4.572048783302307e-05,376.71678478922695,0.00235741026699543,E1-cpu8-r1,E1,1,cuda04,GPU-34b223c6-7502-b097-19e0-a411b1708f06,,3e36d7276307c1fca8852ebc053d202c1e1c68713cc11aed1adcdc07745b41aa,,2,jobs/E1-cpu8-r1/result.json
cpu8,2,8,fp64,False,False,,100,86,77,32,100,32,500,20,16.08,31,3.08,2464,39424000,387.3638837169856,387.3642689641565,0.00013791583478450775,0.0002143392339348793,0.0031285053119063377,0.001472126692533493,0.0,0,0,0,[],,,387.3505178615451,,,,1,,[],"[{""backend_wall_s"": 387.3553258776665, ""cities"": 100, ""instances"": 32, ""metrics"": {""audit_local_search"": 0, ""basin_top_q"": 0}, ""native_reported_wall_s"": 387.3505178615451, ""seed"": 2026091502, ""tours_executed"": 39424000}]",trace_first_use,completed,99dbc9345f096c50f23c26349313cf333e4198737ed85e2266fe6a25dad566d2,57,43.1053027715534,1.440756430283582,0.011961380951106548,0.0,3.688782453536987e-05,387.37882433086634,0.0025570979341864586,E1-cpu8-r1,E1,1,cuda04,GPU-34b223c6-7502-b097-19e0-a411b1708f06,,3e36d7276307c1fca8852ebc053d202c1e1c68713cc11aed1adcdc07745b41aa,,2,jobs/E1-cpu8-r1/result.json
cpu8,3,8,fp64,False,False,,100,82,79,32,100,32,500,20,15.83,31,3.23,2528,40448000,423.42581548541784,423.42619987390935,0.00013063661754131317,0.0002212291583418846,0.0030192695558071136,0.0014354400336742401,0.0,0,0,0,[],,,423.41285046655685,,,,1,,[],"[{""backend_wall_s"": 423.4175315350294, ""cities"": 100, ""instances"": 32, ""metrics"": {""audit_local_search"": 0, ""basin_top_q"": 0}, ""native_reported_wall_s"": 423.41285046655685, ""seed"": 2026091503, ""tours_executed"": 40448000}]",trace_first_use,completed,94adf494150cfe72b5d9edb70561a689ffac9ec9c94c3e8180021aec9f43c4af,59,43.1053027715534,1.6144704283161837,0.013372154906392097,0.0,4.4673681259155273e-05,423.4421491837129,0.0025324812158942223,E1-cpu8-r1,E1,1,cuda04,GPU-34b223c6-7502-b097-19e0-a411b1708f06,,3e36d7276307c1fca8852ebc053d202c1e1c68713cc11aed1adcdc07745b41aa,,2,jobs/E1-cpu8-r1/result.json
cpu8,4,8,fp64,False,False,,100,87,83,32,100,32,500,20,16.1,31,3.49,2656,42496000,481.63570713065565,481.6360406987369,0.00013865623623132706,0.0001680627465248108,0.003254661336541176,0.001511070877313614,0.0,0,0,0,[],,,481.6215221211314,,,,1,,[],"[{""backend_wall_s"": 481.6265699863434, ""cities"": 100, ""instances"": 32, ""metrics"": {""audit_local_search"": 0, ""basin_top_q"": 0}, ""native_reported_wall_s"": 481.6215221211314, ""seed"": 2026091504, ""tours_executed"": 42496000}]",trace_first_use,completed,1b0d44b41f6a82ac58312a894cc967f194a30c2f7217cb69e238fd055d825aee,67,43.1053027715534,1.1525422071927605,0.011489097960293293,0.0,3.722868859767914e-05,481.6500667212531,0.0024996958673000336,E1-cpu8-r1,E1,1,cuda04,GPU-34b223c6-7502-b097-19e0-a411b1708f06,,3e36d7276307c1fca8852ebc053d202c1e1c68713cc11aed1adcdc07745b41aa,,2,jobs/E1-cpu8-r1/result.json
cpu8,5,8,fp64,False,False,,100,80,79,32,100,32,500,20,14.7,31,3.58,2528,40448000,513.4131568334997,513.4136189930141,0.00013437308371067047,0.0002973787486553192,0.002771737053990364,0.0013678353279829025,0.0,0,0,0,[],,,513.3981530638412,,,,1,,[],"[{""backend_wall_s"": 513.4029236705974, ""cities"": 100, ""instances"": 32, ""metrics"": {""audit_local_search"": 0, ""basin_top_q"": 0}, ""native_reported_wall_s"": 513.3981530638412, ""seed"": 2026091505, ""tours_executed"": 40448000}]",trace_first_use,completed,a2f72e5c3ebb2ca28877ccda5bde480a62b72325e25c721458532daf6104fe40,56,43.1053027715534,1.2982888097989063,6.342306733131409e-07,0.0,3.471970558166504e-05,513.4178421730176,0.004187826067209244,E1-cpu8-r1,E1,1,cuda04,GPU-34b223c6-7502-b097-19e0-a411b1708f06,,3e36d7276307c1fca8852ebc053d202c1e1c68713cc11aed1adcdc07745b41aa,,2,jobs/E1-cpu8-r1/result.json
cpu8,1,8,fp64,False,False,,100,91,79,32,100,32,500,20,12.5,31,2.59,2528,40448000,378.9126691939309,378.9133351761848,0.00047523993998765945,0.00014407094568014145,0.011212741956114769,0.0043046120554208755,0.0,0,0,0,[],,,378.8768968414515,,,,1,,[],"[{""backend_wall_s"": 378.89114196784794, ""cities"": 100, ""instances"": 32, ""metrics"": {""audit_local_search"": 0, ""basin_top_q"": 0}, ""native_reported_wall_s"": 378.8768968414515, ""seed"": 2026091501, ""tours_executed"": 40448000}]",trace_first_use,completed,424ca1c4f9eae210fc3df435b80e586137dbeb419c40b581a57957402875ec5b,91,42.14935415238142,1.5566329910960983,0.011215326376259327,0.0,4.223734140396118e-05,378.9268685700372,0.0022758301347494125,E1-cpu8-r2,E1,2,cuda04,GPU-34b223c6-7502-b097-19e0-a411b1708f06,,3e36d7276307c1fca8852ebc053d202c1e1c68713cc11aed1adcdc07745b41aa,,2,jobs/E1-cpu8-r2/result.json
cpu8,2,8,fp64,False,False,,100,86,77,32,100,32,500,20,16.08,31,3.08,2464,39424000,390.51181934960186,390.51221582014114,0.00014430377632379532,0.00021865777671337128,0.003502948209643364,0.0015434017404913902,0.0,0,0,0,[],,,390.4978444557637,,,,1,,[],"[{""backend_wall_s"": 390.5028523094952, ""cities"": 100, ""instances"": 32, ""metrics"": {""audit_local_search"": 0, ""basin_top_q"": 0}, ""native_reported_wall_s"": 390.4978444557637, ""seed"": 2026091502, ""tours_executed"": 39424000}]",trace_first_use,completed,99dbc9345f096c50f23c26349313cf333e4198737ed85e2266fe6a25dad566d2,57,42.14935415238142,1.440756430283582,0.011994107626378536,0.0,6.413925439119339e-05,390.52684959676117,0.0025755297392606735,E1-cpu8-r2,E1,2,cuda04,GPU-34b223c6-7502-b097-19e0-a411b1708f06,,3e36d7276307c1fca8852ebc053d202c1e1c68713cc11aed1adcdc07745b41aa,,2,jobs/E1-cpu8-r2/result.json
cpu8,3,8,fp64,False,False,,100,82,79,32,100,32,500,20,15.83,31,3.23,2528,40448000,429.7905232850462,429.7909709038213,0.00018090102821588516,0.00023606885224580765,0.005112895742058754,0.0020676907151937485,0.0,0,0,0,[],,,429.77169835940003,,,,1,,[],"[{""backend_wall_s"": 429.77936180029064, ""cities"": 100, ""instances"": 32, ""metrics"": {""audit_local_search"": 0, ""basin_top_q"": 0}, ""native_reported_wall_s"": 429.77169835940003, ""seed"": 2026091503, ""tours_executed"": 40448000}]",trace_first_use,completed,94adf494150cfe72b5d9edb70561a689ffac9ec9c94c3e8180021aec9f43c4af,59,42.14935415238142,1.6144704283161837,0.011885237880051136,0.0,3.9433129131793976e-05,429.8055915450677,0.0026959702372550964,E1-cpu8-r2,E1,2,cuda04,GPU-34b223c6-7502-b097-19e0-a411b1708f06,,3e36d7276307c1fca8852ebc053d202c1e1c68713cc11aed1adcdc07745b41aa,,2,jobs/E1-cpu8-r2/result.json
cpu8,4,8,fp64,False,False,,100,87,83,32,100,32,500,20,16.1,31,3.49,2656,42496000,489.11219841521233,489.11280708480626,0.00040207989513874054,0.0001667700707912445,0.009349729865789413,0.005423302762210369,0.0,0,0,0,[],,,489.0847415057942,,,,1,,[],"[{""backend_wall_s"": 489.09306153003126, ""cities"": 100, ""instances"": 32, ""metrics"": {""audit_local_search"": 0, ""basin_top_q"": 0}, ""native_reported_wall_s"": 489.0847415057942, ""seed"": 2026091504, ""tours_executed"": 42496000}]",trace_first_use,completed,1b0d44b41f6a82ac58312a894cc967f194a30c2f7217cb69e238fd055d825aee,67,42.14935415238142,1.1525422071927605,0.011323386803269386,0.0,3.811810165643692e-05,489.1266507236287,0.0024821339175105095,E1-cpu8-r2,E1,2,cuda04,GPU-34b223c6-7502-b097-19e0-a411b1708f06,,3e36d7276307c1fca8852ebc053d202c1e1c68713cc11aed1adcdc07745b41aa,,2,jobs/E1-cpu8-r2/result.json
cpu8,5,8,fp64,False,False,,100,80,79,32,100,32,500,20,14.7,31,3.58,2528,40448000,519.8726605577394,519.8730762554333,0.00016140099614858627,0.00022620242089033127,0.0035557327792048454,0.0015718704089522362,0.0,0,0,0,[],,,519.8586357040331,,,,1,,[],"[{""backend_wall_s"": 519.8637767052278, ""cities"": 100, ""instances"": 32, ""metrics"": {""audit_local_search"": 0, ""basin_top_q"": 0}, ""native_reported_wall_s"": 519.8586357040331, ""seed"": 2026091505, ""tours_executed"": 40448000}]",trace_first_use,completed,a2f72e5c3ebb2ca28877ccda5bde480a62b72325e25c721458532daf6104fe40,56,42.14935415238142,1.2982888097989063,3.7159770727157593e-07,0.0,4.458613693714142e-05,519.875580410473,0.0024591973051428795,E1-cpu8-r2,E1,2,cuda04,GPU-34b223c6-7502-b097-19e0-a411b1708f06,,3e36d7276307c1fca8852ebc053d202c1e1c68713cc11aed1adcdc07745b41aa,,2,jobs/E1-cpu8-r2/result.json
v2,1,1,fp32,False,True,8,100,91,79,32,100,32,500,20,12.5,31,2.59,2528,40448000,20.71935750171542,20.720042332075536,0.0004601581022143364,0.00017437338829040527,0.00799840223044157,0.004094744101166725,3.5133582847192883,1,1,0,"[""1eb79d59926856870919fe58a0acb3e97e3a7b3ba8bb0781b74ec613bf8701b9""]",17.155322265625,,,0.00278581865131855,0.00030379462987184525,0.003161921165883541,1,,"[{""binary_version"": 86, ""cache_mode_ca"": 0, ""const_size_bytes"": 0, ""local_size_bytes"": 0, ""max_dynamic_shared_size_bytes"": 49152, ""max_threads_per_block"": 1024, ""num_regs"": 29, ""preferred_shared_memory_carveout"": -1, ""ptx_version"": 86, ""shared_size_bytes"": 0}, {""binary_version"": 86, ""cache_mode_ca"": 0, ""const_size_bytes"": 0, ""local_size_bytes"": 0, ""max_dynamic_shared_size_bytes"": 44288, ""max_threads_per_block"": 640, ""num_regs"": 92, ""preferred_shared_memory_carveout"": -1, ""ptx_version"": 86, ""shared_size_bytes"": 4864}, {""binary_version"": 86, ""cache_mode_ca"": 0, ""const_size_bytes"": 0, ""local_size_bytes"": 0, ""max_dynamic_shared_size_bytes"": 48880, ""max_threads_per_block"": 1024, ""num_regs"": 56, ""preferred_shared_memory_carveout"": -1, ""ptx_version"": 86, ""shared_size_bytes"": 272}]","[{""backend_wall_s"": 20.70425015129149, ""cities"": 100, ""instances"": 32, ""metrics"": {""audit_local_search"": 0, ""basin_top_q"": 0, ""block_threads"": 256, ""candidate_lanes"": 8, ""chunks"": 1, ""compile_seconds_sum"": 3.5133582847192883, ""d2h_seconds_sum"": 0.00030379462987184525, ""device_count"": 1, ""device_names"": ""NVIDIA RTX A5000"", ""devices"": ""0"", ""driver_free_bytes_before_min"": 25051136000, ""exact_fp64_scoring_seconds"": 0.003161921165883541, ""gpu_fp32_length_checksum"": 20113.912000656128, ""h2d_seconds_sum"": 0.00278581865131855, ""kernel_cache_entries_max"": 2, ""kernel_seconds_critical"": 17.155322265625, ""kernel_seconds_sum"": 17.155322265625, ""local_search"": ""none"", ""local_search_candidate_size"": 20, ""local_search_warps_per_block"": 8, ""pool_free_bytes_before_sum"": 90112, ""precision"": ""fp32"", ""provider"": ""raw_cuda"", ""register_cap"": 0, ""resident_cache_bytes_sum"": 4791864, ""semantic_shards"": 1, ""three_opt_block_threads"": 256, ""workspace_probe_retries"": 0}, ""native_reported_wall_s"": 20.685520000755787, ""seed"": 2026091501, ""tours_executed"": 40448000}]",trace_first_use,completed,67a4a28613615f713b53fa7002caa5b9001c2b6bb4a62ff2e57efdb94297de11,91,10.306930930353701,1.590193313993254,0.011392416432499886,0.0,6.0685910284519196e-05,20.73380291555077,0.0023074811324477196,E1-v2-r0,E1,0,cuda04,GPU-34b223c6-7502-b097-19e0-a411b1708f06,NVIDIA RTX A5000,3e36d7276307c1fca8852ebc053d202c1e1c68713cc11aed1adcdc07745b41aa,793772032.0,2,jobs/E1-v2-r0/result.json
v2,2,1,fp32,False,True,8,100,87,82,32,100,32,500,20,16.38,31,3.18,2624,41984000,22.412676665000618,22.413105020299554,0.0001517757773399353,0.00024259090423583984,0.0052650244906544685,0.0014871545135974884,3.7462161518633366,1,1,0,"[""2a6a2e3208e0bb017e7d258d33c900d12182b9a15fa4b74543af5be3e9a7b90a""]",18.626193359375,,,0.001977326348423958,0.00031280331313610077,0.003301309421658516,1,,"[{""binary_version"": 86, ""cache_mode_ca"": 0, ""const_size_bytes"": 0, ""local_size_bytes"": 0, ""max_dynamic_shared_size_bytes"": 49152, ""max_threads_per_block"": 1024, ""num_regs"": 29, ""preferred_shared_memory_carveout"": -1, ""ptx_version"": 86, ""shared_size_bytes"": 0}, {""binary_version"": 86, ""cache_mode_ca"": 0, ""const_size_bytes"": 0, ""local_size_bytes"": 0, ""max_dynamic_shared_size_bytes"": 44288, ""max_threads_per_block"": 640, ""num_regs"": 90, ""preferred_shared_memory_carveout"": -1, ""ptx_version"": 86, ""shared_size_bytes"": 4864}, {""binary_version"": 86, ""cache_mode_ca"": 0, ""const_size_bytes"": 0, ""local_size_bytes"": 0, ""max_dynamic_shared_size_bytes"": 48880, ""max_threads_per_block"": 1024, ""num_regs"": 56, ""preferred_shared_memory_carveout"": -1, ""ptx_version"": 86, ""shared_size_bytes"": 272}]","[{""backend_wall_s"": 22.404102163389325, ""cities"": 100, ""instances"": 32, ""metrics"": {""audit_local_search"": 0, ""basin_top_q"": 0, ""block_threads"": 256, ""candidate_lanes"": 8, ""chunks"": 1, ""compile_seconds_sum"": 3.7462161518633366, ""d2h_seconds_sum"": 0.00031280331313610077, ""device_count"": 1, ""device_names"": ""NVIDIA RTX A5000"", ""devices"": ""0"", ""driver_free_bytes_before_min"": 24782700544, ""exact_fp64_scoring_seconds"": 0.003301309421658516, ""gpu_fp32_length_checksum"": 20861.407184123993, ""h2d_seconds_sum"": 0.001977326348423958, ""kernel_cache_entries_max"": 3, ""kernel_seconds_critical"": 18.626193359375, ""kernel_seconds_sum"": 18.626193359375, ""local_search"": ""none"", ""local_search_candidate_size"": 20, ""local_search_warps_per_block"": 8, ""pool_free_bytes_before_sum"": 261434880, ""precision"": ""fp32"", ""provider"": ""raw_cuda"", ""register_cap"": 0, ""resident_cache_bytes_sum"": 9438520, ""semantic_shards"": 1, ""three_opt_block_threads"": 256, ""workspace_probe_retries"": 0}, ""native_reported_wall_s"": 22.389043843373656, ""seed"": 2026091502, ""tours_executed"": 41984000}]",trace_first_use,completed,9510617d4deb7d7d434dba365d302a848a6f366f1ffd9e4b2cbeeab67c007996,60,10.306930930353701,1.4249359717814056,0.011800762265920639,0.0,4.0384940803050995e-05,22.42753391060978,0.002587743103504181,E1-v2-r0,E1,0,cuda04,GPU-34b223c6-7502-b097-19e0-a411b1708f06,NVIDIA RTX A5000,3e36d7276307c1fca8852ebc053d202c1e1c68713cc11aed1adcdc07745b41aa,793772032.0,2,jobs/E1-v2-r0/result.json
v2,3,1,fp32,False,True,8,100,82,74,32,100,32,500,20,16.7,31,3.31,2368,37888000,18.184781450778246,18.185263299383223,0.00019325781613588333,0.000258052721619606,0.005833308212459087,0.0017473995685577393,3.64137951284647,1,1,0,"[""c75f7beaa0aa5b5511439a03ef332b70e93da759e7677b0d350914a4d647ec82""]",14.5010458984375,,,0.0018269699066877365,0.00031347665935754776,0.0030640214681625366,1,,"[{""binary_version"": 86, ""cache_mode_ca"": 0, ""const_size_bytes"": 0, ""local_size_bytes"": 0, ""max_dynamic_shared_size_bytes"": 49152, ""max_threads_per_block"": 1024, ""num_regs"": 29, ""preferred_shared_memory_carveout"": -1, ""ptx_version"": 86, ""shared_size_bytes"": 0}, {""binary_version"": 86, ""cache_mode_ca"": 0, ""const_size_bytes"": 0, ""local_size_bytes"": 0, ""max_dynamic_shared_size_bytes"": 44288, ""max_threads_per_block"": 768, ""num_regs"": 80, ""preferred_shared_memory_carveout"": -1, ""ptx_version"": 86, ""shared_size_bytes"": 4864}, {""binary_version"": 86, ""cache_mode_ca"": 0, ""const_size_bytes"": 0, ""local_size_bytes"": 0, ""max_dynamic_shared_size_bytes"": 48880, ""max_threads_per_block"": 1024, ""num_regs"": 56, ""preferred_shared_memory_carveout"": -1, ""ptx_version"": 86, ""shared_size_bytes"": 272}]","[{""backend_wall_s"": 18.17508006747812, ""cities"": 100, ""instances"": 32, ""metrics"": {""audit_local_search"": 0, ""basin_top_q"": 0, ""block_threads"": 256, ""candidate_lanes"": 8, ""chunks"": 1, ""compile_seconds_sum"": 3.64137951284647, ""d2h_seconds_sum"": 0.00031347665935754776, ""device_count"": 1, ""device_names"": ""NVIDIA RTX A5000"", ""devices"": ""0"", ""driver_free_bytes_before_min"": 24503779328, ""exact_fp64_scoring_seconds"": 0.0030640214681625366, ""gpu_fp32_length_checksum"": 18880.944690704346, ""h2d_seconds_sum"": 0.0018269699066877365, ""kernel_cache_entries_max"": 4, ""kernel_seconds_critical"": 14.5010458984375, ""kernel_seconds_sum"": 14.5010458984375, ""local_search"": ""none"", ""local_search_candidate_size"": 20, ""local_search_warps_per_block"": 8, ""pool_free_bytes_before_sum"": 532281344, ""precision"": ""fp32"", ""provider"": ""raw_cuda"", ""register_cap"": 0, ""resident_cache_bytes_sum"": 14085176, ""semantic_shards"": 1, ""three_opt_block_threads"": 256, ""workspace_probe_retries"": 0}, ""native_reported_wall_s"": 18.159108725376427, ""seed"": 2026091503, ""tours_executed"": 37888000}]",trace_first_use,completed,0f4b9c12a6b3db85ca24f082b0c6f621ed3ee18ace613a3b9f51a21611fee404,62,10.306930930353701,1.5902625679434181,0.019975383765995502,0.0,6.430037319660187e-05,18.208160168491304,0.0028571849688887596,E1-v2-r0,E1,0,cuda04,GPU-34b223c6-7502-b097-19e0-a411b1708f06,NVIDIA RTX A5000,3e36d7276307c1fca8852ebc053d202c1e1c68713cc11aed1adcdc07745b41aa,793772032.0,2,jobs/E1-v2-r0/result.json
v2,4,1,fp32,False,True,8,100,72,65,32,100,32,500,20,17.09,31,3.5,2080,33280000,16.660145337693393,16.660537803545594,0.00019190926104784012,0.00017267931252717972,0.004833203740417957,0.0016697142273187637,3.65671194344759,1,1,0,"[""a13548df88141d2a9a7ceb1acae63575f17096d0a041422a1078d78733bd09c9""]",12.9573203125,,,0.001988292671740055,0.000277496874332428,0.0026940014213323593,1,,"[{""binary_version"": 86, ""cache_mode_ca"": 0, ""const_size_bytes"": 0, ""local_size_bytes"": 0, ""max_dynamic_shared_size_bytes"": 49152, ""max_threads_per_block"": 1024, ""num_regs"": 29, ""preferred_shared_memory_carveout"": -1, ""ptx_version"": 86, ""shared_size_bytes"": 0}, {""binary_version"": 86, ""cache_mode_ca"": 0, ""const_size_bytes"": 0, ""local_size_bytes"": 0, ""max_dynamic_shared_size_bytes"": 44288, ""max_threads_per_block"": 768, ""num_regs"": 80, ""preferred_shared_memory_carveout"": -1, ""ptx_version"": 86, ""shared_size_bytes"": 4864}, {""binary_version"": 86, ""cache_mode_ca"": 0, ""const_size_bytes"": 0, ""local_size_bytes"": 0, ""max_dynamic_shared_size_bytes"": 48880, ""max_threads_per_block"": 1024, ""num_regs"": 56, ""preferred_shared_memory_carveout"": -1, ""ptx_version"": 86, ""shared_size_bytes"": 272}]","[{""backend_wall_s"": 16.651673181913793, ""cities"": 100, ""instances"": 32, ""metrics"": {""audit_local_search"": 0, ""basin_top_q"": 0, ""block_threads"": 256, ""candidate_lanes"": 8, ""chunks"": 1, ""compile_seconds_sum"": 3.65671194344759, ""d2h_seconds_sum"": 0.000277496874332428, ""device_count"": 1, ""device_names"": ""NVIDIA RTX A5000"", ""devices"": ""0"", ""driver_free_bytes_before_min"": 24497487872, ""exact_fp64_scoring_seconds"": 0.0026940014213323593, ""gpu_fp32_length_checksum"": 16522.66787004471, ""h2d_seconds_sum"": 0.001988292671740055, ""kernel_cache_entries_max"": 5, ""kernel_seconds_critical"": 12.9573203125, ""kernel_seconds_sum"": 12.9573203125, ""local_search"": ""none"", ""local_search_candidate_size"": 20, ""local_search_warps_per_block"": 8, ""pool_free_bytes_before_sum"": 532283392, ""precision"": ""fp32"", ""provider"": ""raw_cuda"", ""register_cap"": 0, ""resident_cache_bytes_sum"": 18731832, ""semantic_shards"": 1, ""three_opt_block_threads"": 256, ""workspace_probe_retries"": 0}, ""native_reported_wall_s"": 16.63432984892279, ""seed"": 2026091504, ""tours_executed"": 33280000}]",trace_first_use,completed,9dbaf0d9b09eb3c19070bd40061f2fe878e6eae86a0081e60dbae258f3e78462,53,10.306930930353701,1.267667123332488,0.011041233316063881,0.0,3.8244761526584625e-05,16.67422066628933,0.002603384666144848,E1-v2-r0,E1,0,cuda04,GPU-34b223c6-7502-b097-19e0-a411b1708f06,NVIDIA RTX A5000,3e36d7276307c1fca8852ebc053d202c1e1c68713cc11aed1adcdc07745b41aa,793772032.0,2,jobs/E1-v2-r0/result.json
v2,5,1,fp32,False,True,8,100,50,47,32,100,32,500,20,13.49,29,3.54,1504,24064000,13.505153113044798,13.50559436250478,0.00014890450984239578,0.00027018971741199493,0.0033637089654803276,0.0012672245502471924,2.958013798110187,1,1,0,"[""1107742722a6cf56b5108947ebc5ce989b723e51d3413200790831188ec0030d""]",10.5116748046875,,,0.001794847659766674,0.0002535386011004448,0.0021370360627770424,1,,"[{""binary_version"": 86, ""cache_mode_ca"": 0, ""const_size_bytes"": 0, ""local_size_bytes"": 0, ""max_dynamic_shared_size_bytes"": 49152, ""max_threads_per_block"": 1024, ""num_regs"": 29, ""preferred_shared_memory_carveout"": -1, ""ptx_version"": 86, ""shared_size_bytes"": 0}, {""binary_version"": 86, ""cache_mode_ca"": 0, ""const_size_bytes"": 0, ""local_size_bytes"": 0, ""max_dynamic_shared_size_bytes"": 44288, ""max_threads_per_block"": 768, ""num_regs"": 80, ""preferred_shared_memory_carveout"": -1, ""ptx_version"": 86, ""shared_size_bytes"": 4864}, {""binary_version"": 86, ""cache_mode_ca"": 0, ""const_size_bytes"": 0, ""local_size_bytes"": 0, ""max_dynamic_shared_size_bytes"": 48880, ""max_threads_per_block"": 1024, ""num_regs"": 56, ""preferred_shared_memory_carveout"": -1, ""ptx_version"": 86, ""shared_size_bytes"": 272}]","[{""backend_wall_s"": 13.499027377925813, ""cities"": 100, ""instances"": 32, ""metrics"": {""audit_local_search"": 0, ""basin_top_q"": 0, ""block_threads"": 256, ""candidate_lanes"": 8, ""chunks"": 1, ""compile_seconds_sum"": 2.958013798110187, ""d2h_seconds_sum"": 0.0002535386011004448, ""device_count"": 1, ""device_names"": ""NVIDIA RTX A5000"", ""devices"": ""0"", ""driver_free_bytes_before_min"": 24489099264, ""exact_fp64_scoring_seconds"": 0.0021370360627770424, ""gpu_fp32_length_checksum"": 11986.271143913269, ""h2d_seconds_sum"": 0.001794847659766674, ""kernel_cache_entries_max"": 6, ""kernel_seconds_critical"": 10.5116748046875, ""kernel_seconds_sum"": 10.5116748046875, ""local_search"": ""none"", ""local_search_candidate_size"": 20, ""local_search_warps_per_block"": 8, ""pool_free_bytes_before_sum"": 532291072, ""precision"": ""fp32"", ""provider"": ""raw_cuda"", ""register_cap"": 0, ""resident_cache_bytes_sum"": 23378488, ""semantic_shards"": 1, ""three_opt_block_threads"": 256, ""workspace_probe_retries"": 0}, ""native_reported_wall_s"": 13.483310059644282, ""seed"": 2026091505, ""tours_executed"": 24064000}]",trace_first_use,completed,8a4a3b7237823b6373cc0289c47f530a651f4b22f6ec49943dc2644b98150e81,34,10.306930930353701,1.3175495219845597,4.10713255405426e-07,0.0,3.491714596748352e-05,13.507933544926345,0.002303854562342167,E1-v2-r0,E1,0,cuda04,GPU-34b223c6-7502-b097-19e0-a411b1708f06,NVIDIA RTX A5000,3e36d7276307c1fca8852ebc053d202c1e1c68713cc11aed1adcdc07745b41aa,793772032.0,2,jobs/E1-v2-r0/result.json
v2,1,1,fp32,False,True,8,100,91,79,32,100,32,500,20,12.5,31,2.59,2528,40448000,20.788004929199815,20.788721401244402,0.0004676664248108864,0.0002004820853471756,0.010211418382823467,0.004546184092760086,3.616683238185942,1,1,0,"[""1eb79d59926856870919fe58a0acb3e97e3a7b3ba8bb0781b74ec613bf8701b9""]",17.115267578125,,,0.003602582961320877,0.00030556879937648773,0.0031846966594457626,1,,"[{""binary_version"": 86, ""cache_mode_ca"": 0, ""const_size_bytes"": 0, ""local_size_bytes"": 0, ""max_dynamic_shared_size_bytes"": 49152, ""max_threads_per_block"": 1024, ""num_regs"": 29, ""preferred_shared_memory_carveout"": -1, ""ptx_version"": 86, ""shared_size_bytes"": 0}, {""binary_version"": 86, ""cache_mode_ca"": 0, ""const_size_bytes"": 0, ""local_size_bytes"": 0, ""max_dynamic_shared_size_bytes"": 44288, ""max_threads_per_block"": 640, ""num_regs"": 92, ""preferred_shared_memory_carveout"": -1, ""ptx_version"": 86, ""shared_size_bytes"": 4864}, {""binary_version"": 86, ""cache_mode_ca"": 0, ""const_size_bytes"": 0, ""local_size_bytes"": 0, ""max_dynamic_shared_size_bytes"": 48880, ""max_threads_per_block"": 1024, ""num_regs"": 56, ""preferred_shared_memory_carveout"": -1, ""ptx_version"": 86, ""shared_size_bytes"": 272}]","[{""backend_wall_s"": 20.771079992875457, ""cities"": 100, ""instances"": 32, ""metrics"": {""audit_local_search"": 0, ""basin_top_q"": 0, ""block_threads"": 256, ""candidate_lanes"": 8, ""chunks"": 1, ""compile_seconds_sum"": 3.616683238185942, ""d2h_seconds_sum"": 0.00030556879937648773, ""device_count"": 1, ""device_names"": ""NVIDIA RTX A5000"", ""devices"": ""0"", ""driver_free_bytes_before_min"": 25051136000, ""exact_fp64_scoring_seconds"": 0.0031846966594457626, ""gpu_fp32_length_checksum"": 20113.912000656128, ""h2d_seconds_sum"": 0.003602582961320877, ""kernel_cache_entries_max"": 2, ""kernel_seconds_critical"": 17.115267578125, ""kernel_seconds_sum"": 17.115267578125, ""local_search"": ""none"", ""local_search_candidate_size"": 20, ""local_search_warps_per_block"": 8, ""pool_free_bytes_before_sum"": 90112, ""precision"": ""fp32"", ""provider"": ""raw_cuda"", ""register_cap"": 0, ""resident_cache_bytes_sum"": 4791864, ""semantic_shards"": 1, ""three_opt_block_threads"": 256, ""workspace_probe_retries"": 0}, ""native_reported_wall_s"": 20.751569599844515, ""seed"": 2026091501, ""tours_executed"": 40448000}]",trace_first_use,completed,67a4a28613615f713b53fa7002caa5b9001c2b6bb4a62ff2e57efdb94297de11,91,11.879753274843097,1.590193313993254,0.011352891102433205,0.0,4.888512194156647e-05,20.802459428086877,0.0023362506181001663,E1-v2-r1,E1,1,cuda04,GPU-34b223c6-7502-b097-19e0-a411b1708f06,NVIDIA RTX A5000,3e36d7276307c1fca8852ebc053d202c1e1c68713cc11aed1adcdc07745b41aa,793772032.0,2,jobs/E1-v2-r1/result.json
v2,2,1,fp32,False,True,8,100,87,82,32,100,32,500,20,16.38,31,3.18,2624,41984000,22.389558929018676,22.38992327172309,0.00015467870980501175,0.00017810985445976257,0.005541633814573288,0.001580970361828804,3.745601063594222,1,1,0,"[""2a6a2e3208e0bb017e7d258d33c900d12182b9a15fa4b74543af5be3e9a7b90a""]",18.602353515625,,,0.001951294019818306,0.0003262227401137352,0.003247451037168503,1,,"[{""binary_version"": 86, ""cache_mode_ca"": 0, ""const_size_bytes"": 0, ""local_size_bytes"": 0, ""max_dynamic_shared_size_bytes"": 49152, ""max_threads_per_block"": 1024, ""num_regs"": 29, ""preferred_shared_memory_carveout"": -1, ""ptx_version"": 86, ""shared_size_bytes"": 0}, {""binary_version"": 86, ""cache_mode_ca"": 0, ""const_size_bytes"": 0, ""local_size_bytes"": 0, ""max_dynamic_shared_size_bytes"": 44288, ""max_threads_per_block"": 640, ""num_regs"": 90, ""preferred_shared_memory_carveout"": -1, ""ptx_version"": 86, ""shared_size_bytes"": 4864}, {""binary_version"": 86, ""cache_mode_ca"": 0, ""const_size_bytes"": 0, ""local_size_bytes"": 0, ""max_dynamic_shared_size_bytes"": 48880, ""max_threads_per_block"": 1024, ""num_regs"": 56, ""preferred_shared_memory_carveout"": -1, ""ptx_version"": 86, ""shared_size_bytes"": 272}]","[{""backend_wall_s"": 22.380294530652463, ""cities"": 100, ""instances"": 32, ""metrics"": {""audit_local_search"": 0, ""basin_top_q"": 0, ""block_threads"": 256, ""candidate_lanes"": 8, ""chunks"": 1, ""compile_seconds_sum"": 3.745601063594222, ""d2h_seconds_sum"": 0.0003262227401137352, ""device_count"": 1, ""device_names"": ""NVIDIA RTX A5000"", ""devices"": ""0"", ""driver_free_bytes_before_min"": 24782700544, ""exact_fp64_scoring_seconds"": 0.003247451037168503, ""gpu_fp32_length_checksum"": 20861.407184123993, ""h2d_seconds_sum"": 0.001951294019818306, ""kernel_cache_entries_max"": 3, ""kernel_seconds_critical"": 18.602353515625, ""kernel_seconds_sum"": 18.602353515625, ""local_search"": ""none"", ""local_search_candidate_size"": 20, ""local_search_warps_per_block"": 8, ""pool_free_bytes_before_sum"": 261434880, ""precision"": ""fp32"", ""provider"": ""raw_cuda"", ""register_cap"": 0, ""resident_cache_bytes_sum"": 9438520, ""semantic_shards"": 1, ""three_opt_block_threads"": 256, ""workspace_probe_retries"": 0}, ""native_reported_wall_s"": 22.36472397390753, ""seed"": 2026091502, ""tours_executed"": 41984000}]",trace_first_use,completed,9510617d4deb7d7d434dba365d302a848a6f366f1ffd9e4b2cbeeab67c007996,60,11.879753274843097,1.4249359717814056,0.011552290990948677,0.0,4.706438630819321e-05,22.404072443023324,0.00254981592297554,E1-v2-r1,E1,1,cuda04,GPU-34b223c6-7502-b097-19e0-a411b1708f06,NVIDIA RTX A5000,3e36d7276307c1fca8852ebc053d202c1e1c68713cc11aed1adcdc07745b41aa,793772032.0,2,jobs/E1-v2-r1/result.json
v2,3,1,fp32,False,True,8,100,82,74,32,100,32,500,20,16.7,31,3.31,2368,37888000,18.148561215028167,18.14898234140128,0.00015803053975105286,0.00023612845689058304,0.004943586885929108,0.0015289196744561195,3.6116930097341537,1,1,0,"[""c75f7beaa0aa5b5511439a03ef332b70e93da759e7677b0d350914a4d647ec82""]",14.49751953125,,,0.0019079223275184631,0.0002817818894982338,0.003013960085809231,1,,"[{""binary_version"": 86, ""cache_mode_ca"": 0, ""const_size_bytes"": 0, ""local_size_bytes"": 0, ""max_dynamic_shared_size_bytes"": 49152, ""max_threads_per_block"": 1024, ""num_regs"": 29, ""preferred_shared_memory_carveout"": -1, ""ptx_version"": 86, ""shared_size_bytes"": 0}, {""binary_version"": 86, ""cache_mode_ca"": 0, ""const_size_bytes"": 0, ""local_size_bytes"": 0, ""max_dynamic_shared_size_bytes"": 44288, ""max_threads_per_block"": 768, ""num_regs"": 80, ""preferred_shared_memory_carveout"": -1, ""ptx_version"": 86, ""shared_size_bytes"": 4864}, {""binary_version"": 86, ""cache_mode_ca"": 0, ""const_size_bytes"": 0, ""local_size_bytes"": 0, ""max_dynamic_shared_size_bytes"": 48880, ""max_threads_per_block"": 1024, ""num_regs"": 56, ""preferred_shared_memory_carveout"": -1, ""ptx_version"": 86, ""shared_size_bytes"": 272}]","[{""backend_wall_s"": 18.140274608507752, ""cities"": 100, ""instances"": 32, ""metrics"": {""audit_local_search"": 0, ""basin_top_q"": 0, ""block_threads"": 256, ""candidate_lanes"": 8, ""chunks"": 1, ""compile_seconds_sum"": 3.6116930097341537, ""d2h_seconds_sum"": 0.0002817818894982338, ""device_count"": 1, ""device_names"": ""NVIDIA RTX A5000"", ""devices"": ""0"", ""driver_free_bytes_before_min"": 24503779328, ""exact_fp64_scoring_seconds"": 0.003013960085809231, ""gpu_fp32_length_checksum"": 18880.944690704346, ""h2d_seconds_sum"": 0.0019079223275184631, ""kernel_cache_entries_max"": 4, ""kernel_seconds_critical"": 14.49751953125, ""kernel_seconds_sum"": 14.49751953125, ""local_search"": ""none"", ""local_search_candidate_size"": 20, ""local_search_warps_per_block"": 8, ""pool_free_bytes_before_sum"": 532281344, ""precision"": ""fp32"", ""provider"": ""raw_cuda"", ""register_cap"": 0, ""resident_cache_bytes_sum"": 14085176, ""semantic_shards"": 1, ""three_opt_block_threads"": 256, ""workspace_probe_retries"": 0}, ""native_reported_wall_s"": 18.124795328825712, ""seed"": 2026091503, ""tours_executed"": 37888000}]",trace_first_use,completed,0f4b9c12a6b3db85ca24f082b0c6f621ed3ee18ace613a3b9f51a21611fee404,62,11.879753274843097,1.5902625679434181,0.011412150226533413,0.0,3.9266422390937805e-05,18.16302369814366,0.002589940093457699,E1-v2-r1,E1,1,cuda04,GPU-34b223c6-7502-b097-19e0-a411b1708f06,NVIDIA RTX A5000,3e36d7276307c1fca8852ebc053d202c1e1c68713cc11aed1adcdc07745b41aa,793772032.0,2,jobs/E1-v2-r1/result.json
v2,4,1,fp32,False,True,8,100,72,65,32,100,32,500,20,17.09,31,3.5,2080,33280000,16.54723162204027,16.547655100002885,0.00014877691864967346,0.00024704355746507645,0.004761493764817715,0.0015361374244093895,3.5559700150042772,1,1,0,"[""a13548df88141d2a9a7ceb1acae63575f17096d0a041422a1078d78733bd09c9""]",12.9518427734375,,,0.001825626939535141,0.00027967803180217743,0.002774752676486969,1,,"[{""binary_version"": 86, ""cache_mode_ca"": 0, ""const_size_bytes"": 0, ""local_size_bytes"": 0, ""max_dynamic_shared_size_bytes"": 49152, ""max_threads_per_block"": 1024, ""num_regs"": 29, ""preferred_shared_memory_carveout"": -1, ""ptx_version"": 86, ""shared_size_bytes"": 0}, {""binary_version"": 86, ""cache_mode_ca"": 0, ""const_size_bytes"": 0, ""local_size_bytes"": 0, ""max_dynamic_shared_size_bytes"": 44288, ""max_threads_per_block"": 768, ""num_regs"": 80, ""preferred_shared_memory_carveout"": -1, ""ptx_version"": 86, ""shared_size_bytes"": 4864}, {""binary_version"": 86, ""cache_mode_ca"": 0, ""const_size_bytes"": 0, ""local_size_bytes"": 0, ""max_dynamic_shared_size_bytes"": 48880, ""max_threads_per_block"": 1024, ""num_regs"": 56, ""preferred_shared_memory_carveout"": -1, ""ptx_version"": 86, ""shared_size_bytes"": 272}]","[{""backend_wall_s"": 16.53926079440862, ""cities"": 100, ""instances"": 32, ""metrics"": {""audit_local_search"": 0, ""basin_top_q"": 0, ""block_threads"": 256, ""candidate_lanes"": 8, ""chunks"": 1, ""compile_seconds_sum"": 3.5559700150042772, ""d2h_seconds_sum"": 0.00027967803180217743, ""device_count"": 1, ""device_names"": ""NVIDIA RTX A5000"", ""devices"": ""0"", ""driver_free_bytes_before_min"": 24497487872, ""exact_fp64_scoring_seconds"": 0.002774752676486969, ""gpu_fp32_length_checksum"": 16522.66787004471, ""h2d_seconds_sum"": 0.001825626939535141, ""kernel_cache_entries_max"": 5, ""kernel_seconds_critical"": 12.9518427734375, ""kernel_seconds_sum"": 12.9518427734375, ""local_search"": ""none"", ""local_search_candidate_size"": 20, ""local_search_warps_per_block"": 8, ""pool_free_bytes_before_sum"": 532283392, ""precision"": ""fp32"", ""provider"": ""raw_cuda"", ""register_cap"": 0, ""resident_cache_bytes_sum"": 18731832, ""semantic_shards"": 1, ""three_opt_block_threads"": 256, ""workspace_probe_retries"": 0}, ""native_reported_wall_s"": 16.52413105778396, ""seed"": 2026091504, ""tours_executed"": 33280000}]",trace_first_use,completed,9dbaf0d9b09eb3c19070bd40061f2fe878e6eae86a0081e60dbae258f3e78462,53,11.879753274843097,1.267667123332488,0.011630946770310402,0.0,4.546530544757843e-05,16.56201476510614,0.002683253027498722,E1-v2-r1,E1,1,cuda04,GPU-34b223c6-7502-b097-19e0-a411b1708f06,NVIDIA RTX A5000,3e36d7276307c1fca8852ebc053d202c1e1c68713cc11aed1adcdc07745b41aa,793772032.0,2,jobs/E1-v2-r1/result.json
v2,5,1,fp32,False,True,8,100,50,47,32,100,32,500,20,13.49,29,3.54,1504,24064000,13.436320209875703,13.43678106740117,0.0001756325364112854,0.0002636834979057312,0.003124147653579712,0.0013596434146165848,2.9003239385783672,1,1,0,"[""1107742722a6cf56b5108947ebc5ce989b723e51d3413200790831188ec0030d""]",10.5011083984375,,,0.0018547298386693,0.00025501102209091187,0.002133633941411972,1,,"[{""binary_version"": 86, ""cache_mode_ca"": 0, ""const_size_bytes"": 0, ""local_size_bytes"": 0, ""max_dynamic_shared_size_bytes"": 49152, ""max_threads_per_block"": 1024, ""num_regs"": 29, ""preferred_shared_memory_carveout"": -1, ""ptx_version"": 86, ""shared_size_bytes"": 0}, {""binary_version"": 86, ""cache_mode_ca"": 0, ""const_size_bytes"": 0, ""local_size_bytes"": 0, ""max_dynamic_shared_size_bytes"": 44288, ""max_threads_per_block"": 768, ""num_regs"": 80, ""preferred_shared_memory_carveout"": -1, ""ptx_version"": 86, ""shared_size_bytes"": 4864}, {""binary_version"": 86, ""cache_mode_ca"": 0, ""const_size_bytes"": 0, ""local_size_bytes"": 0, ""max_dynamic_shared_size_bytes"": 48880, ""max_threads_per_block"": 1024, ""num_regs"": 56, ""preferred_shared_memory_carveout"": -1, ""ptx_version"": 86, ""shared_size_bytes"": 272}]","[{""backend_wall_s"": 13.43055860325694, ""cities"": 100, ""instances"": 32, ""metrics"": {""audit_local_search"": 0, ""basin_top_q"": 0, ""block_threads"": 256, ""candidate_lanes"": 8, ""chunks"": 1, ""compile_seconds_sum"": 2.9003239385783672, ""d2h_seconds_sum"": 0.00025501102209091187, ""device_count"": 1, ""device_names"": ""NVIDIA RTX A5000"", ""devices"": ""0"", ""driver_free_bytes_before_min"": 24489099264, ""exact_fp64_scoring_seconds"": 0.002133633941411972, ""gpu_fp32_length_checksum"": 11986.271143913269, ""h2d_seconds_sum"": 0.0018547298386693, ""kernel_cache_entries_max"": 6, ""kernel_seconds_critical"": 10.5011083984375, ""kernel_seconds_sum"": 10.5011083984375, ""local_search"": ""none"", ""local_search_candidate_size"": 20, ""local_search_warps_per_block"": 8, ""pool_free_bytes_before_sum"": 532291072, ""precision"": ""fp32"", ""provider"": ""raw_cuda"", ""register_cap"": 0, ""resident_cache_bytes_sum"": 23378488, ""semantic_shards"": 1, ""three_opt_block_threads"": 256, ""workspace_probe_retries"": 0}, ""native_reported_wall_s"": 13.41542681492865, ""seed"": 2026091505, ""tours_executed"": 24064000}]",trace_first_use,completed,8a4a3b7237823b6373cc0289c47f530a651f4b22f6ec49943dc2644b98150e81,34,11.879753274843097,1.3175495219845597,3.129243850708008e-07,0.0,3.118719905614853e-05,13.439106746576726,0.0022941790521144867,E1-v2-r1,E1,1,cuda04,GPU-34b223c6-7502-b097-19e0-a411b1708f06,NVIDIA RTX A5000,3e36d7276307c1fca8852ebc053d202c1e1c68713cc11aed1adcdc07745b41aa,793772032.0,2,jobs/E1-v2-r1/result.json
v2,1,1,fp32,False,True,8,100,91,79,32,100,32,500,20,12.5,31,2.59,2528,40448000,21.18965860363096,21.190126137807965,0.00023523345589637756,0.00019405223429203033,0.005928090773522854,0.002083251252770424,3.545499018393457,1,1,0,"[""1eb79d59926856870919fe58a0acb3e97e3a7b3ba8bb0781b74ec613bf8701b9""]",17.60121875,,,0.0028000492602586746,0.0003006868064403534,0.0031628580763936043,1,,"[{""binary_version"": 86, ""cache_mode_ca"": 0, ""const_size_bytes"": 0, ""local_size_bytes"": 0, ""max_dynamic_shared_size_bytes"": 49152, ""max_threads_per_block"": 1024, ""num_regs"": 29, ""preferred_shared_memory_carveout"": -1, ""ptx_version"": 86, ""shared_size_bytes"": 0}, {""binary_version"": 86, ""cache_mode_ca"": 0, ""const_size_bytes"": 0, ""local_size_bytes"": 0, ""max_dynamic_shared_size_bytes"": 44288, ""max_threads_per_block"": 640, ""num_regs"": 92, ""preferred_shared_memory_carveout"": -1, ""ptx_version"": 86, ""shared_size_bytes"": 4864}, {""binary_version"": 86, ""cache_mode_ca"": 0, ""const_size_bytes"": 0, ""local_size_bytes"": 0, ""max_dynamic_shared_size_bytes"": 48880, ""max_threads_per_block"": 1024, ""num_regs"": 56, ""preferred_shared_memory_carveout"": -1, ""ptx_version"": 86, ""shared_size_bytes"": 272}]","[{""backend_wall_s"": 21.179320584982634, ""cities"": 100, ""instances"": 32, ""metrics"": {""audit_local_search"": 0, ""basin_top_q"": 0, ""block_threads"": 256, ""candidate_lanes"": 8, ""chunks"": 1, ""compile_seconds_sum"": 3.545499018393457, ""d2h_seconds_sum"": 0.0003006868064403534, ""device_count"": 1, ""device_names"": ""NVIDIA RTX A5000"", ""devices"": ""0"", ""driver_free_bytes_before_min"": 25051136000, ""exact_fp64_scoring_seconds"": 0.0031628580763936043, ""gpu_fp32_length_checksum"": 20113.912000656128, ""h2d_seconds_sum"": 0.0028000492602586746, ""kernel_cache_entries_max"": 2, ""kernel_seconds_critical"": 17.60121875, ""kernel_seconds_sum"": 17.60121875, ""local_search"": ""none"", ""local_search_candidate_size"": 20, ""local_search_warps_per_block"": 8, ""pool_free_bytes_before_sum"": 90112, ""precision"": ""fp32"", ""provider"": ""raw_cuda"", ""register_cap"": 0, ""resident_cache_bytes_sum"": 4791864, ""semantic_shards"": 1, ""three_opt_block_threads"": 256, ""workspace_probe_retries"": 0}, ""native_reported_wall_s"": 21.163924207910895, ""seed"": 2026091501, ""tours_executed"": 40448000}]",trace_first_use,completed,67a4a28613615f713b53fa7002caa5b9001c2b6bb4a62ff2e57efdb94297de11,91,8.27381294593215,1.590193313993254,0.011505736969411373,0.0,4.973262548446655e-05,21.204007470048964,0.0023258626461029053,E1-v2-r2,E1,2,cuda04,GPU-34b223c6-7502-b097-19e0-a411b1708f06,NVIDIA RTX A5000,3e36d7276307c1fca8852ebc053d202c1e1c68713cc11aed1adcdc07745b41aa,793772032.0,2,jobs/E1-v2-r2/result.json
v2,2,1,fp32,False,True,8,100,87,82,32,100,32,500,20,16.38,31,3.18,2624,41984000,22.79925648495555,22.79962109029293,0.00015357322990894318,0.00018054991960525513,0.005376911722123623,0.001541939564049244,3.8025999972596765,1,1,0,"[""2a6a2e3208e0bb017e7d258d33c900d12182b9a15fa4b74543af5be3e9a7b90a""]",18.955490234375,,,0.0020452486351132393,0.0002931477501988411,0.003289950080215931,1,,"[{""binary_version"": 86, ""cache_mode_ca"": 0, ""const_size_bytes"": 0, ""local_size_bytes"": 0, ""max_dynamic_shared_size_bytes"": 49152, ""max_threads_per_block"": 1024, ""num_regs"": 29, ""preferred_shared_memory_carveout"": -1, ""ptx_version"": 86, ""shared_size_bytes"": 0}, {""binary_version"": 86, ""cache_mode_ca"": 0, ""const_size_bytes"": 0, ""local_size_bytes"": 0, ""max_dynamic_shared_size_bytes"": 44288, ""max_threads_per_block"": 640, ""num_regs"": 90, ""preferred_shared_memory_carveout"": -1, ""ptx_version"": 86, ""shared_size_bytes"": 4864}, {""binary_version"": 86, ""cache_mode_ca"": 0, ""const_size_bytes"": 0, ""local_size_bytes"": 0, ""max_dynamic_shared_size_bytes"": 48880, ""max_threads_per_block"": 1024, ""num_regs"": 56, ""preferred_shared_memory_carveout"": -1, ""ptx_version"": 86, ""shared_size_bytes"": 272}]","[{""backend_wall_s"": 22.790325241163373, ""cities"": 100, ""instances"": 32, ""metrics"": {""audit_local_search"": 0, ""basin_top_q"": 0, ""block_threads"": 256, ""candidate_lanes"": 8, ""chunks"": 1, ""compile_seconds_sum"": 3.8025999972596765, ""d2h_seconds_sum"": 0.0002931477501988411, ""device_count"": 1, ""device_names"": ""NVIDIA RTX A5000"", ""devices"": ""0"", ""driver_free_bytes_before_min"": 24782700544, ""exact_fp64_scoring_seconds"": 0.003289950080215931, ""gpu_fp32_length_checksum"": 20861.407184123993, ""h2d_seconds_sum"": 0.0020452486351132393, ""kernel_cache_entries_max"": 3, ""kernel_seconds_critical"": 18.955490234375, ""kernel_seconds_sum"": 18.955490234375, ""local_search"": ""none"", ""local_search_candidate_size"": 20, ""local_search_warps_per_block"": 8, ""pool_free_bytes_before_sum"": 261434880, ""precision"": ""fp32"", ""provider"": ""raw_cuda"", ""register_cap"": 0, ""resident_cache_bytes_sum"": 9438520, ""semantic_shards"": 1, ""three_opt_block_threads"": 256, ""workspace_probe_retries"": 0}, ""native_reported_wall_s"": 22.775138535536826, ""seed"": 2026091502, ""tours_executed"": 41984000}]",trace_first_use,completed,9510617d4deb7d7d434dba365d302a848a6f366f1ffd9e4b2cbeeab67c007996,60,8.27381294593215,1.4249359717814056,0.011964437551796436,0.0,5.269050598144531e-05,22.81449909042567,0.0028608720749616623,E1-v2-r2,E1,2,cuda04,GPU-34b223c6-7502-b097-19e0-a411b1708f06,NVIDIA RTX A5000,3e36d7276307c1fca8852ebc053d202c1e1c68713cc11aed1adcdc07745b41aa,793772032.0,2,jobs/E1-v2-r2/result.json
v2,3,1,fp32,False,True,8,100,82,74,32,100,32,500,20,16.7,31,3.31,2368,37888000,18.360677999444306,18.361113513819873,0.00017845630645751953,0.00023048929870128632,0.005217613652348518,0.0016667461022734642,3.594356633722782,1,1,0,"[""c75f7beaa0aa5b5511439a03ef332b70e93da759e7677b0d350914a4d647ec82""]",14.721734375,,,0.0018886486068367958,0.000292804092168808,0.0029919780790805817,1,,"[{""binary_version"": 86, ""cache_mode_ca"": 0, ""const_size_bytes"": 0, ""local_size_bytes"": 0, ""max_dynamic_shared_size_bytes"": 49152, ""max_threads_per_block"": 1024, ""num_regs"": 29, ""preferred_shared_memory_carveout"": -1, ""ptx_version"": 86, ""shared_size_bytes"": 0}, {""binary_version"": 86, ""cache_mode_ca"": 0, ""const_size_bytes"": 0, ""local_size_bytes"": 0, ""max_dynamic_shared_size_bytes"": 44288, ""max_threads_per_block"": 768, ""num_regs"": 80, ""preferred_shared_memory_carveout"": -1, ""ptx_version"": 86, ""shared_size_bytes"": 4864}, {""binary_version"": 86, ""cache_mode_ca"": 0, ""const_size_bytes"": 0, ""local_size_bytes"": 0, ""max_dynamic_shared_size_bytes"": 48880, ""max_threads_per_block"": 1024, ""num_regs"": 56, ""preferred_shared_memory_carveout"": -1, ""ptx_version"": 86, ""shared_size_bytes"": 272}]","[{""backend_wall_s"": 18.352092107757926, ""cities"": 100, ""instances"": 32, ""metrics"": {""audit_local_search"": 0, ""basin_top_q"": 0, ""block_threads"": 256, ""candidate_lanes"": 8, ""chunks"": 1, ""compile_seconds_sum"": 3.594356633722782, ""d2h_seconds_sum"": 0.000292804092168808, ""device_count"": 1, ""device_names"": ""NVIDIA RTX A5000"", ""devices"": ""0"", ""driver_free_bytes_before_min"": 24503779328, ""exact_fp64_scoring_seconds"": 0.0029919780790805817, ""gpu_fp32_length_checksum"": 18880.944690704346, ""h2d_seconds_sum"": 0.0018886486068367958, ""kernel_cache_entries_max"": 4, ""kernel_seconds_critical"": 14.721734375, ""kernel_seconds_sum"": 14.721734375, ""local_search"": ""none"", ""local_search_candidate_size"": 20, ""local_search_warps_per_block"": 8, ""pool_free_bytes_before_sum"": 532281344, ""precision"": ""fp32"", ""provider"": ""raw_cuda"", ""register_cap"": 0, ""resident_cache_bytes_sum"": 14085176, ""semantic_shards"": 1, ""three_opt_block_threads"": 256, ""workspace_probe_retries"": 0}, ""native_reported_wall_s"": 18.332611702382565, ""seed"": 2026091503, ""tours_executed"": 37888000}]",trace_first_use,completed,0f4b9c12a6b3db85ca24f082b0c6f621ed3ee18ace613a3b9f51a21611fee404,62,8.27381294593215,1.5902625679434181,0.011527388356626034,0.0,3.8786791265010834e-05,18.3753305869177,0.0026508979499340057,E1-v2-r2,E1,2,cuda04,GPU-34b223c6-7502-b097-19e0-a411b1708f06,NVIDIA RTX A5000,3e36d7276307c1fca8852ebc053d202c1e1c68713cc11aed1adcdc07745b41aa,793772032.0,2,jobs/E1-v2-r2/result.json
v2,4,1,fp32,False,True,8,100,72,65,32,100,32,500,20,17.09,31,3.5,2080,33280000,16.77078866120428,16.771238629706204,0.00015122070908546448,0.0002697613090276718,0.004707216285169125,0.001532028429210186,3.63066643755883,1,1,0,"[""a13548df88141d2a9a7ceb1acae63575f17096d0a041422a1078d78733bd09c9""]",13.099845703125,,,0.0017761820927262306,0.0002732453867793083,0.0027566198259592056,1,,"[{""binary_version"": 86, ""cache_mode_ca"": 0, ""const_size_bytes"": 0, ""local_size_bytes"": 0, ""max_dynamic_shared_size_bytes"": 49152, ""max_threads_per_block"": 1024, ""num_regs"": 29, ""preferred_shared_memory_carveout"": -1, ""ptx_version"": 86, ""shared_size_bytes"": 0}, {""binary_version"": 86, ""cache_mode_ca"": 0, ""const_size_bytes"": 0, ""local_size_bytes"": 0, ""max_dynamic_shared_size_bytes"": 44288, ""max_threads_per_block"": 768, ""num_regs"": 80, ""preferred_shared_memory_carveout"": -1, ""ptx_version"": 86, ""shared_size_bytes"": 4864}, {""binary_version"": 86, ""cache_mode_ca"": 0, ""const_size_bytes"": 0, ""local_size_bytes"": 0, ""max_dynamic_shared_size_bytes"": 48880, ""max_threads_per_block"": 1024, ""num_regs"": 56, ""preferred_shared_memory_carveout"": -1, ""ptx_version"": 86, ""shared_size_bytes"": 272}]","[{""backend_wall_s"": 16.762869331985712, ""cities"": 100, ""instances"": 32, ""metrics"": {""audit_local_search"": 0, ""basin_top_q"": 0, ""block_threads"": 256, ""candidate_lanes"": 8, ""chunks"": 1, ""compile_seconds_sum"": 3.63066643755883, ""d2h_seconds_sum"": 0.0002732453867793083, ""device_count"": 1, ""device_names"": ""NVIDIA RTX A5000"", ""devices"": ""0"", ""driver_free_bytes_before_min"": 24497487872, ""exact_fp64_scoring_seconds"": 0.0027566198259592056, ""gpu_fp32_length_checksum"": 16522.66787004471, ""h2d_seconds_sum"": 0.0017761820927262306, ""kernel_cache_entries_max"": 5, ""kernel_seconds_critical"": 13.099845703125, ""kernel_seconds_sum"": 13.099845703125, ""local_search"": ""none"", ""local_search_candidate_size"": 20, ""local_search_warps_per_block"": 8, ""pool_free_bytes_before_sum"": 532283392, ""precision"": ""fp32"", ""provider"": ""raw_cuda"", ""register_cap"": 0, ""resident_cache_bytes_sum"": 18731832, ""semantic_shards"": 1, ""three_opt_block_threads"": 256, ""workspace_probe_retries"": 0}, ""native_reported_wall_s"": 16.748084337450564, ""seed"": 2026091504, ""tours_executed"": 33280000}]",trace_first_use,completed,9dbaf0d9b09eb3c19070bd40061f2fe878e6eae86a0081e60dbae258f3e78462,53,8.27381294593215,1.267667123332488,0.011272380128502846,0.0,3.865361213684082e-05,16.785331247374415,0.0027815839275717735,E1-v2-r2,E1,2,cuda04,GPU-34b223c6-7502-b097-19e0-a411b1708f06,NVIDIA RTX A5000,3e36d7276307c1fca8852ebc053d202c1e1c68713cc11aed1adcdc07745b41aa,793772032.0,2,jobs/E1-v2-r2/result.json
v2,5,1,fp32,False,True,8,100,50,47,32,100,32,500,20,13.49,29,3.54,1504,24064000,13.608615186996758,13.609066187404096,0.00017314963042736053,0.00025506410747766495,0.0031129876151680946,0.001317114569246769,2.9482756881043315,1,1,0,"[""1107742722a6cf56b5108947ebc5ce989b723e51d3413200790831188ec0030d""]",10.6266240234375,,,0.0019234148785471916,0.0002471795305609703,0.0021138424053788185,1,,"[{""binary_version"": 86, ""cache_mode_ca"": 0, ""const_size_bytes"": 0, ""local_size_bytes"": 0, ""max_dynamic_shared_size_bytes"": 49152, ""max_threads_per_block"": 1024, ""num_regs"": 29, ""preferred_shared_memory_carveout"": -1, ""ptx_version"": 86, ""shared_size_bytes"": 0}, {""binary_version"": 86, ""cache_mode_ca"": 0, ""const_size_bytes"": 0, ""local_size_bytes"": 0, ""max_dynamic_shared_size_bytes"": 44288, ""max_threads_per_block"": 768, ""num_regs"": 80, ""preferred_shared_memory_carveout"": -1, ""ptx_version"": 86, ""shared_size_bytes"": 4864}, {""binary_version"": 86, ""cache_mode_ca"": 0, ""const_size_bytes"": 0, ""local_size_bytes"": 0, ""max_dynamic_shared_size_bytes"": 48880, ""max_threads_per_block"": 1024, ""num_regs"": 56, ""preferred_shared_memory_carveout"": -1, ""ptx_version"": 86, ""shared_size_bytes"": 272}]","[{""backend_wall_s"": 13.602862742729485, ""cities"": 100, ""instances"": 32, ""metrics"": {""audit_local_search"": 0, ""basin_top_q"": 0, ""block_threads"": 256, ""candidate_lanes"": 8, ""chunks"": 1, ""compile_seconds_sum"": 2.9482756881043315, ""d2h_seconds_sum"": 0.0002471795305609703, ""device_count"": 1, ""device_names"": ""NVIDIA RTX A5000"", ""devices"": ""0"", ""driver_free_bytes_before_min"": 24489099264, ""exact_fp64_scoring_seconds"": 0.0021138424053788185, ""gpu_fp32_length_checksum"": 11986.271143913269, ""h2d_seconds_sum"": 0.0019234148785471916, ""kernel_cache_entries_max"": 6, ""kernel_seconds_critical"": 10.6266240234375, ""kernel_seconds_sum"": 10.6266240234375, ""local_search"": ""none"", ""local_search_candidate_size"": 20, ""local_search_warps_per_block"": 8, ""pool_free_bytes_before_sum"": 532291072, ""precision"": ""fp32"", ""provider"": ""raw_cuda"", ""register_cap"": 0, ""resident_cache_bytes_sum"": 23378488, ""semantic_shards"": 1, ""three_opt_block_threads"": 256, ""workspace_probe_retries"": 0}, ""native_reported_wall_s"": 13.588489049114287, ""seed"": 2026091505, ""tours_executed"": 24064000}]",trace_first_use,completed,8a4a3b7237823b6373cc0289c47f530a651f4b22f6ec49943dc2644b98150e81,34,8.27381294593215,1.3175495219845597,4.507601261138916e-07,0.0,3.186427056789398e-05,13.611379862762988,0.0022813603281974792,E1-v2-r2,E1,2,cuda04,GPU-34b223c6-7502-b097-19e0-a411b1708f06,NVIDIA RTX A5000,3e36d7276307c1fca8852ebc053d202c1e1c68713cc11aed1adcdc07745b41aa,793772032.0,2,jobs/E1-v2-r2/result.json
