model,n,root_seed,expression,champion_hash,local_validation_gap_percent,canonical_validation_gap_percent,canonical_baseline_gap_percent,canonical_delta_pp,reselected,test_opened,input_manifest_sha256,executor_uuid,contended,clean
a40,100,1001,"ADD(ADD(BaseConf, BaseConf), MIN(ADD(ACOProg, REta), BaseConf))",812ac335b2a8d9ab0b572f62bfcffd69ef1c30e1807b2493522602a9eaddfc99,4.679483890533447,4.679753303527832,5.773799896240234,-1.0940465927124023,False,False,0da8f0b206ecd136137ae799b66af532b536f658f3109a3a3619dbbc15564f3e,GPU-d95564d4-d213-111a-b0d3-395af979938f,False,True
a40,100,1002,"ADD(MUL(MIN(BaseConf, RTau), ADD(POS_ONE, TurnCos)), SUB(BaseConf, Stagnation))",0b63a592eb7e375f24498222ad351a4bd28a23c679234454985a3fa1d0226b15,4.645685195922852,4.654104709625244,5.808330535888672,-1.1542258262634277,False,False,0da8f0b206ecd136137ae799b66af532b536f658f3109a3a3619dbbc15564f3e,GPU-d95564d4-d213-111a-b0d3-395af979938f,False,True
a40,100,1003,"ADD(MUL(MAX(POS_HALF, ConstructProg), SUB(Entropy, TurnCos)), SUB(SUB(BaseConf, POS_HALF), ADD(REta, Stagnation)))",47276af073eeaf74eeee79c0c4b9022fb55af288e45c3697109fa28e23b4846c,4.667632579803467,4.683027267456055,5.782437801361084,-1.0994105339050293,False,False,0da8f0b206ecd136137ae799b66af532b536f658f3109a3a3619dbbc15564f3e,GPU-d95564d4-d213-111a-b0d3-395af979938f,False,True
a5000,100,1001,"ADD(ADD(BaseConf, BaseConf), MIN(ADD(ACOProg, REta), BaseConf))",812ac335b2a8d9ab0b572f62bfcffd69ef1c30e1807b2493522602a9eaddfc99,4.679483890533447,4.679753303527832,5.773799896240234,-1.0940465927124023,False,False,0da8f0b206ecd136137ae799b66af532b536f658f3109a3a3619dbbc15564f3e,GPU-d95564d4-d213-111a-b0d3-395af979938f,False,True
a5000,100,1002,"ADD(MUL(MIN(BaseConf, RTau), ADD(POS_ONE, TurnCos)), SUB(BaseConf, Stagnation))",0b63a592eb7e375f24498222ad351a4bd28a23c679234454985a3fa1d0226b15,4.645685195922852,4.654104709625244,5.808330535888672,-1.1542258262634277,False,False,0da8f0b206ecd136137ae799b66af532b536f658f3109a3a3619dbbc15564f3e,GPU-d95564d4-d213-111a-b0d3-395af979938f,False,True
a5000,100,1003,"ADD(MUL(MAX(POS_HALF, ConstructProg), SUB(Entropy, TurnCos)), SUB(SUB(BaseConf, POS_HALF), ADD(REta, Stagnation)))",47276af073eeaf74eeee79c0c4b9022fb55af288e45c3697109fa28e23b4846c,4.667632579803467,4.683027267456055,5.782437801361084,-1.0994105339050293,False,False,0da8f0b206ecd136137ae799b66af532b536f658f3109a3a3619dbbc15564f3e,GPU-d95564d4-d213-111a-b0d3-395af979938f,False,True
l4,100,1001,"ADD(ADD(BaseConf, BaseConf), MIN(ADD(ACOProg, REta), BaseConf))",812ac335b2a8d9ab0b572f62bfcffd69ef1c30e1807b2493522602a9eaddfc99,4.679483890533447,4.679753303527832,5.773799896240234,-1.0940465927124023,False,False,0da8f0b206ecd136137ae799b66af532b536f658f3109a3a3619dbbc15564f3e,GPU-d95564d4-d213-111a-b0d3-395af979938f,False,True
l4,100,1002,"ADD(MUL(MIN(BaseConf, RTau), ADD(POS_ONE, TurnCos)), SUB(BaseConf, Stagnation))",0b63a592eb7e375f24498222ad351a4bd28a23c679234454985a3fa1d0226b15,4.645685195922852,4.654104709625244,5.808330535888672,-1.1542258262634277,False,False,0da8f0b206ecd136137ae799b66af532b536f658f3109a3a3619dbbc15564f3e,GPU-d95564d4-d213-111a-b0d3-395af979938f,False,True
l4,100,1003,"ADD(MUL(MAX(POS_HALF, ConstructProg), SUB(Entropy, TurnCos)), SUB(SUB(BaseConf, POS_HALF), ADD(REta, Stagnation)))",47276af073eeaf74eeee79c0c4b9022fb55af288e45c3697109fa28e23b4846c,4.667632579803467,4.683027267456055,5.782437801361084,-1.0994105339050293,False,False,0da8f0b206ecd136137ae799b66af532b536f658f3109a3a3619dbbc15564f3e,GPU-d95564d4-d213-111a-b0d3-395af979938f,False,True
l40s,100,1001,"ADD(ADD(BaseConf, BaseConf), MIN(ADD(ACOProg, REta), BaseConf))",812ac335b2a8d9ab0b572f62bfcffd69ef1c30e1807b2493522602a9eaddfc99,4.679483890533447,4.679753303527832,5.773799896240234,-1.0940465927124023,False,False,0da8f0b206ecd136137ae799b66af532b536f658f3109a3a3619dbbc15564f3e,GPU-d95564d4-d213-111a-b0d3-395af979938f,False,True
l40s,100,1002,"ADD(MUL(MIN(BaseConf, RTau), ADD(POS_ONE, TurnCos)), SUB(BaseConf, Stagnation))",0b63a592eb7e375f24498222ad351a4bd28a23c679234454985a3fa1d0226b15,4.645685195922852,4.654104709625244,5.808330535888672,-1.1542258262634277,False,False,0da8f0b206ecd136137ae799b66af532b536f658f3109a3a3619dbbc15564f3e,GPU-d95564d4-d213-111a-b0d3-395af979938f,False,True
l40s,100,1003,"ADD(MUL(MAX(POS_HALF, ConstructProg), SUB(Entropy, TurnCos)), SUB(SUB(BaseConf, POS_HALF), ADD(REta, Stagnation)))",47276af073eeaf74eeee79c0c4b9022fb55af288e45c3697109fa28e23b4846c,4.667632579803467,4.683027267456055,5.782437801361084,-1.0994105339050293,False,False,0da8f0b206ecd136137ae799b66af532b536f658f3109a3a3619dbbc15564f3e,GPU-d95564d4-d213-111a-b0d3-395af979938f,False,True
pro5000,100,1001,"ADD(ADD(BaseConf, BaseConf), MIN(ADD(ACOProg, REta), BaseConf))",812ac335b2a8d9ab0b572f62bfcffd69ef1c30e1807b2493522602a9eaddfc99,4.679483890533447,4.679753303527832,5.773799896240234,-1.0940465927124023,False,False,0da8f0b206ecd136137ae799b66af532b536f658f3109a3a3619dbbc15564f3e,GPU-d95564d4-d213-111a-b0d3-395af979938f,False,True
pro5000,100,1002,"ADD(MUL(MIN(BaseConf, RTau), ADD(POS_ONE, TurnCos)), SUB(BaseConf, Stagnation))",0b63a592eb7e375f24498222ad351a4bd28a23c679234454985a3fa1d0226b15,4.645685195922852,4.654104709625244,5.808330535888672,-1.1542258262634277,False,False,0da8f0b206ecd136137ae799b66af532b536f658f3109a3a3619dbbc15564f3e,GPU-d95564d4-d213-111a-b0d3-395af979938f,False,True
pro5000,100,1003,"ADD(MUL(MAX(POS_HALF, ConstructProg), SUB(Entropy, TurnCos)), SUB(SUB(BaseConf, POS_HALF), ADD(REta, Stagnation)))",47276af073eeaf74eeee79c0c4b9022fb55af288e45c3697109fa28e23b4846c,4.667632579803467,4.683027267456055,5.782437801361084,-1.0994105339050293,False,False,0da8f0b206ecd136137ae799b66af532b536f658f3109a3a3619dbbc15564f3e,GPU-d95564d4-d213-111a-b0d3-395af979938f,False,True
a40,500,1001,"ADD(ADD(BaseConf, BaseConf), MIN(ConstructProg, ACOProg))",758f8ce325f0a3e0874de0b3d1d8a4626efa9e11bf8816f85ee5ef7f0555647e,14.830214500427246,14.88637924194336,22.77176856994629,-7.88538932800293,False,False,2749764d897b64c00ee55fe1d8873d45c19f503c0d87177e9119d81f477b1af4,GPU-d95564d4-d213-111a-b0d3-395af979938f,False,True
a40,500,1002,"NEG(ADD(ADD(MAX(REta, Stagnation), NEG(BaseConf)), NEG(BaseConf)))",191ee449459dc89ff1c6384256c3628de16e6b5285e6371aa736e38affeadbe4,14.3451566696167,14.340619087219238,22.82398223876953,-8.483363151550293,False,False,2749764d897b64c00ee55fe1d8873d45c19f503c0d87177e9119d81f477b1af4,GPU-d95564d4-d213-111a-b0d3-395af979938f,False,True
a40,500,1003,"ADD(ADD(BaseConf, NEG_HALF), ABS(SUB(ConstructProg, ConstructProg)))",ae43309a8e919c478ac40bf310b29cf7a0b1022cc14d7d3ae33cac893501ebf6,15.445208549499512,15.441170692443848,22.784936904907227,-7.343766212463379,False,False,2749764d897b64c00ee55fe1d8873d45c19f503c0d87177e9119d81f477b1af4,GPU-d95564d4-d213-111a-b0d3-395af979938f,False,True
a5000,500,1001,"ADD(ADD(BaseConf, BaseConf), MIN(ConstructProg, ACOProg))",758f8ce325f0a3e0874de0b3d1d8a4626efa9e11bf8816f85ee5ef7f0555647e,14.830214500427246,14.88637924194336,22.77176856994629,-7.88538932800293,False,False,2749764d897b64c00ee55fe1d8873d45c19f503c0d87177e9119d81f477b1af4,GPU-d95564d4-d213-111a-b0d3-395af979938f,False,True
a5000,500,1002,"NEG(ADD(ADD(MAX(REta, Stagnation), NEG(BaseConf)), NEG(BaseConf)))",191ee449459dc89ff1c6384256c3628de16e6b5285e6371aa736e38affeadbe4,14.3451566696167,14.340619087219238,22.82398223876953,-8.483363151550293,False,False,2749764d897b64c00ee55fe1d8873d45c19f503c0d87177e9119d81f477b1af4,GPU-d95564d4-d213-111a-b0d3-395af979938f,False,True
a5000,500,1003,"ADD(ADD(BaseConf, NEG_HALF), ABS(SUB(ConstructProg, ConstructProg)))",ae43309a8e919c478ac40bf310b29cf7a0b1022cc14d7d3ae33cac893501ebf6,15.445208549499512,15.441170692443848,22.784936904907227,-7.343766212463379,False,False,2749764d897b64c00ee55fe1d8873d45c19f503c0d87177e9119d81f477b1af4,GPU-d95564d4-d213-111a-b0d3-395af979938f,False,True
l4,500,1001,"ADD(ADD(BaseConf, BaseConf), MIN(ConstructProg, ACOProg))",758f8ce325f0a3e0874de0b3d1d8a4626efa9e11bf8816f85ee5ef7f0555647e,14.830214500427246,14.88637924194336,22.77176856994629,-7.88538932800293,False,False,2749764d897b64c00ee55fe1d8873d45c19f503c0d87177e9119d81f477b1af4,GPU-d95564d4-d213-111a-b0d3-395af979938f,False,True
l4,500,1002,"NEG(ADD(ADD(MAX(REta, Stagnation), NEG(BaseConf)), NEG(BaseConf)))",191ee449459dc89ff1c6384256c3628de16e6b5285e6371aa736e38affeadbe4,14.3451566696167,14.340619087219238,22.82398223876953,-8.483363151550293,False,False,2749764d897b64c00ee55fe1d8873d45c19f503c0d87177e9119d81f477b1af4,GPU-d95564d4-d213-111a-b0d3-395af979938f,False,True
l4,500,1003,"ADD(ADD(BaseConf, NEG_HALF), ABS(SUB(ConstructProg, ConstructProg)))",ae43309a8e919c478ac40bf310b29cf7a0b1022cc14d7d3ae33cac893501ebf6,15.445208549499512,15.441170692443848,22.784936904907227,-7.343766212463379,False,False,2749764d897b64c00ee55fe1d8873d45c19f503c0d87177e9119d81f477b1af4,GPU-d95564d4-d213-111a-b0d3-395af979938f,False,True
l40s,500,1001,"ADD(ADD(BaseConf, BaseConf), MIN(ConstructProg, ACOProg))",758f8ce325f0a3e0874de0b3d1d8a4626efa9e11bf8816f85ee5ef7f0555647e,14.830214500427246,14.88637924194336,22.77176856994629,-7.88538932800293,False,False,2749764d897b64c00ee55fe1d8873d45c19f503c0d87177e9119d81f477b1af4,GPU-d95564d4-d213-111a-b0d3-395af979938f,False,True
l40s,500,1002,"NEG(ADD(ADD(MAX(REta, Stagnation), NEG(BaseConf)), NEG(BaseConf)))",191ee449459dc89ff1c6384256c3628de16e6b5285e6371aa736e38affeadbe4,14.3451566696167,14.340619087219238,22.82398223876953,-8.483363151550293,False,False,2749764d897b64c00ee55fe1d8873d45c19f503c0d87177e9119d81f477b1af4,GPU-d95564d4-d213-111a-b0d3-395af979938f,False,True
l40s,500,1003,"ADD(ADD(BaseConf, NEG_HALF), ABS(SUB(ConstructProg, ConstructProg)))",ae43309a8e919c478ac40bf310b29cf7a0b1022cc14d7d3ae33cac893501ebf6,15.445208549499512,15.441170692443848,22.784936904907227,-7.343766212463379,False,False,2749764d897b64c00ee55fe1d8873d45c19f503c0d87177e9119d81f477b1af4,GPU-d95564d4-d213-111a-b0d3-395af979938f,False,True
pro5000,500,1001,"ADD(ADD(BaseConf, BaseConf), MIN(ConstructProg, BaseConf))",f2f616ecbff57aa0bc0feaa157408a9791e5474af95451a93421ea63610535a9,15.064141273498535,15.064141273498535,22.77176856994629,-7.707627296447754,False,False,2749764d897b64c00ee55fe1d8873d45c19f503c0d87177e9119d81f477b1af4,GPU-d95564d4-d213-111a-b0d3-395af979938f,False,True
pro5000,500,1002,"NEG(ADD(ADD(MAX(REta, Stagnation), NEG(BaseConf)), NEG(BaseConf)))",191ee449459dc89ff1c6384256c3628de16e6b5285e6371aa736e38affeadbe4,14.340619087219238,14.340619087219238,22.82398223876953,-8.483363151550293,False,False,2749764d897b64c00ee55fe1d8873d45c19f503c0d87177e9119d81f477b1af4,GPU-d95564d4-d213-111a-b0d3-395af979938f,False,True
pro5000,500,1003,"ADD(MAX(BaseConf, NEG_HALF), MAX(Entropy, Entropy))",069fd978df2eecb1b5fd22f8b8dfec786a67e4eff805580e985ae0ef6afcbcda,16.004228591918945,16.004228591918945,22.784936904907227,-6.780708312988281,False,False,2749764d897b64c00ee55fe1d8873d45c19f503c0d87177e9119d81f477b1af4,GPU-d95564d4-d213-111a-b0d3-395af979938f,False,True
