配置,模型,指标,均值
完整 MMAS,不使用 GP,实际强化路径的平均 gap（%）,1.0792306468998538
完整 MMAS,不使用 GP,强化路径优于本轮最优路径的幅度（百分点）,0.05457820545390582
完整 MMAS,不使用 GP,强化路径年龄（轮）,444.43703000000005
完整 MMAS,不使用 GP,用于历史来源的预算比例,0.7569075000000001
完整 MMAS,不使用 GP,构造路径平均 gap（%）,10.36414159123912
完整 MMAS,不使用 GP,2-opt 后路径平均 gap（%）,2.05635464420454
完整 MMAS,不使用 GP,构造路径最优 gap（%）,5.04920671705414
完整 MMAS,不使用 GP,2-opt 后本轮最优 gap（%）,1.1338088523537595
完整 MMAS,不使用 GP,构造路径较优七条平均 gap（%）,5.9295795265096185
完整 MMAS,不使用 GP,2-opt 后较优七条平均 gap（%）,1.3282027964820255
完整 MMAS,不使用 GP,同轮同来源内更新树输出的标准差,0.0
完整 MMAS,不使用 GP,更新树输出饱和比例,0.0
完整 MMAS,不使用 GP,2-opt 平均改进（百分点）,8.307787068427361
完整 MMAS,不使用 GP,同一路径经 2-opt 后的边保留率,0.9328751075781251
完整 MMAS,不使用 GP,每百轮改进全局最优的次数,1.090375
完整 MMAS,不使用 GP,信息素下界触发比例,0.8389695866249999
完整 MMAS,不使用 GP,每百轮重启次数,0.13825
完整 MMAS,不使用 GP,每轮硬上界裁剪次数,0.0
完整 MMAS,第一个 GP 表达式,实际强化路径的平均 gap（%）,0.840487223424005
完整 MMAS,第一个 GP 表达式,强化路径优于本轮最优路径的幅度（百分点）,0.02719218841508922
完整 MMAS,第一个 GP 表达式,强化路径年龄（轮）,454.72752
完整 MMAS,第一个 GP 表达式,用于历史来源的预算比例,0.7458625
完整 MMAS,第一个 GP 表达式,构造路径平均 gap（%）,8.759311687329143
完整 MMAS,第一个 GP 表达式,2-opt 后路径平均 gap（%）,1.66015531249115
完整 MMAS,第一个 GP 表达式,构造路径最优 gap（%）,3.649213442666992
完整 MMAS,第一个 GP 表达式,2-opt 后本轮最优 gap（%）,0.8676794118390943
完整 MMAS,第一个 GP 表达式,构造路径较优七条平均 gap（%）,4.341222697762132
完整 MMAS,第一个 GP 表达式,2-opt 后较优七条平均 gap（%）,1.005249549422059
完整 MMAS,第一个 GP 表达式,同轮同来源内更新树输出的标准差,0.1498817938075253
完整 MMAS,第一个 GP 表达式,更新树输出饱和比例,0.18960014249999999
完整 MMAS,第一个 GP 表达式,2-opt 平均改进（百分点）,7.09915672666695
完整 MMAS,第一个 GP 表达式,同一路径经 2-opt 后的边保留率,0.947333299921875
完整 MMAS,第一个 GP 表达式,每百轮改进全局最优的次数,1.054125
完整 MMAS,第一个 GP 表达式,信息素下界触发比例,0.8447790349999998
完整 MMAS,第一个 GP 表达式,每百轮重启次数,0.144125
完整 MMAS,第一个 GP 表达式,每轮硬上界裁剪次数,0.0
完整 MMAS,第二个 GP 表达式,实际强化路径的平均 gap（%）,0.736698322541717
完整 MMAS,第二个 GP 表达式,强化路径优于本轮最优路径的幅度（百分点）,0.017593717088362715
完整 MMAS,第二个 GP 表达式,强化路径年龄（轮）,448.42396125
完整 MMAS,第二个 GP 表达式,用于历史来源的预算比例,0.73816375
完整 MMAS,第二个 GP 表达式,构造路径平均 gap（%）,6.318569216556849
完整 MMAS,第二个 GP 表达式,2-opt 后路径平均 gap（%）,1.3107070150987743
完整 MMAS,第二个 GP 表达式,构造路径最优 gap（%）,2.790013460029606
完整 MMAS,第二个 GP 表达式,2-opt 后本轮最优 gap（%）,0.7542920396300794
完整 MMAS,第二个 GP 表达式,构造路径较优七条平均 gap（%）,3.2824144269733493
完整 MMAS,第二个 GP 表达式,2-opt 后较优七条平均 gap（%）,0.8606265367608879
完整 MMAS,第二个 GP 表达式,同轮同来源内更新树输出的标准差,0.11090442861236437
完整 MMAS,第二个 GP 表达式,更新树输出饱和比例,0.9245731225000001
完整 MMAS,第二个 GP 表达式,2-opt 平均改进（百分点）,5.007862470804466
完整 MMAS,第二个 GP 表达式,同一路径经 2-opt 后的边保留率,0.96166685890625
完整 MMAS,第二个 GP 表达式,每百轮改进全局最优的次数,1.04975
完整 MMAS,第二个 GP 表达式,信息素下界触发比例,0.846228902625
完整 MMAS,第二个 GP 表达式,每百轮重启次数,0.149125
完整 MMAS,第二个 GP 表达式,每轮硬上界裁剪次数,0.0
完整 MMAS,第三个 GP 表达式,实际强化路径的平均 gap（%）,0.8604991682063473
完整 MMAS,第三个 GP 表达式,强化路径优于本轮最优路径的幅度（百分点）,0.0291791100380198
完整 MMAS,第三个 GP 表达式,强化路径年龄（轮）,452.1758125
完整 MMAS,第三个 GP 表达式,用于历史来源的预算比例,0.74778125
完整 MMAS,第三个 GP 表达式,构造路径平均 gap（%）,8.892589706690071
完整 MMAS,第三个 GP 表达式,2-opt 后路径平均 gap（%）,1.6950545366120018
完整 MMAS,第三个 GP 表达式,构造路径最优 gap（%）,3.7596935853309605
完整 MMAS,第三个 GP 表达式,2-opt 后本轮最优 gap（%）,0.8896782782443673
完整 MMAS,第三个 GP 表达式,构造路径较优七条平均 gap（%）,4.473852634174247
完整 MMAS,第三个 GP 表达式,2-opt 后较优七条平均 gap（%）,1.032224658420484
完整 MMAS,第三个 GP 表达式,同轮同来源内更新树输出的标准差,0.149406808579985
完整 MMAS,第三个 GP 表达式,更新树输出饱和比例,0.01848390500000001
完整 MMAS,第三个 GP 表达式,2-opt 平均改进（百分点）,7.197535187319536
完整 MMAS,第三个 GP 表达式,同一路径经 2-opt 后的边保留率,0.946137925234375
完整 MMAS,第三个 GP 表达式,每百轮改进全局最优的次数,1.058625
完整 MMAS,第三个 GP 表达式,信息素下界触发比例,0.8442861981249998
完整 MMAS,第三个 GP 表达式,每百轮重启次数,0.143625
完整 MMAS,第三个 GP 表达式,每轮硬上界裁剪次数,0.0
完整 MMAS,三个 GP 表达式均值,实际强化路径的平均 gap（%）,0.8125615713906897
完整 MMAS,三个 GP 表达式均值,强化路径优于本轮最优路径的幅度（百分点）,0.02465500518049058
完整 MMAS,三个 GP 表达式均值,强化路径年龄（轮）,451.7757645833334
完整 MMAS,三个 GP 表达式均值,用于历史来源的预算比例,0.7439358333333332
完整 MMAS,三个 GP 表达式均值,构造路径平均 gap（%）,7.9901568701920205
完整 MMAS,三个 GP 表达式均值,2-opt 后路径平均 gap（%）,1.555305621400642
完整 MMAS,三个 GP 表达式均值,构造路径最优 gap（%）,3.399640162675853
完整 MMAS,三个 GP 表达式均值,2-opt 后本轮最优 gap（%）,0.8372165765711802
完整 MMAS,三个 GP 表达式均值,构造路径较优七条平均 gap（%）,4.0324965863032425
完整 MMAS,三个 GP 表达式均值,2-opt 后较优七条平均 gap（%）,0.9660335815344769
完整 MMAS,三个 GP 表达式均值,同轮同来源内更新树输出的标准差,0.13673101033329157
完整 MMAS,三个 GP 表达式均值,更新树输出饱和比例,0.37755239
完整 MMAS,三个 GP 表达式均值,2-opt 平均改进（百分点）,6.434851461596986
完整 MMAS,三个 GP 表达式均值,同一路径经 2-opt 后的边保留率,0.9517126946875001
完整 MMAS,三个 GP 表达式均值,每百轮改进全局最优的次数,1.0541666666666667
完整 MMAS,三个 GP 表达式均值,信息素下界触发比例,0.8450980452499999
完整 MMAS,三个 GP 表达式均值,每百轮重启次数,0.145625
完整 MMAS,三个 GP 表达式均值,每轮硬上界裁剪次数,0.0
仅关闭历史路径强化,不使用 GP,实际强化路径的平均 gap（%）,2.431495843933902
仅关闭历史路径强化,不使用 GP,强化路径优于本轮最优路径的幅度（百分点）,0.0
仅关闭历史路径强化,不使用 GP,强化路径年龄（轮）,0.0
仅关闭历史路径强化,不使用 GP,用于历史来源的预算比例,0.0
仅关闭历史路径强化,不使用 GP,构造路径平均 gap（%）,17.49620129034711
仅关闭历史路径强化,不使用 GP,2-opt 后路径平均 gap（%）,4.0082968039310884
仅关闭历史路径强化,不使用 GP,构造路径最优 gap（%）,11.263766043956212
仅关闭历史路径强化,不使用 GP,2-opt 后本轮最优 gap（%）,2.431495843933902
仅关闭历史路径强化,不使用 GP,构造路径较优七条平均 gap（%）,13.044719108860372
仅关闭历史路径强化,不使用 GP,2-opt 后较优七条平均 gap（%）,2.916975093428615
仅关闭历史路径强化,不使用 GP,同轮同来源内更新树输出的标准差,0.0
仅关闭历史路径强化,不使用 GP,更新树输出饱和比例,0.0
仅关闭历史路径强化,不使用 GP,2-opt 平均改进（百分点）,13.487904690650224
仅关闭历史路径强化,不使用 GP,同一路径经 2-opt 后的边保留率,0.8676852260156249
仅关闭历史路径强化,不使用 GP,每百轮改进全局最优的次数,0.730375
仅关闭历史路径强化,不使用 GP,信息素下界触发比例,0.8151078001250001
仅关闭历史路径强化,不使用 GP,每百轮重启次数,0.05
仅关闭历史路径强化,不使用 GP,每轮硬上界裁剪次数,0.0
仅关闭历史路径强化,第一个 GP 表达式,实际强化路径的平均 gap（%）,1.0196931822297841
仅关闭历史路径强化,第一个 GP 表达式,强化路径优于本轮最优路径的幅度（百分点）,0.0
仅关闭历史路径强化,第一个 GP 表达式,强化路径年龄（轮）,0.0
仅关闭历史路径强化,第一个 GP 表达式,用于历史来源的预算比例,0.0
仅关闭历史路径强化,第一个 GP 表达式,构造路径平均 gap（%）,8.9169613679716
仅关闭历史路径强化,第一个 GP 表达式,2-opt 后路径平均 gap（%）,1.8233883841946261
仅关闭历史路径强化,第一个 GP 表达式,构造路径最优 gap（%）,3.789680118231582
仅关闭历史路径强化,第一个 GP 表达式,2-opt 后本轮最优 gap（%）,1.0196931822297841
仅关闭历史路径强化,第一个 GP 表达式,构造路径较优七条平均 gap（%）,4.493389236883855
仅关闭历史路径强化,第一个 GP 表达式,2-opt 后较优七条平均 gap（%）,1.163263410562632
仅关闭历史路径强化,第一个 GP 表达式,同轮同来源内更新树输出的标准差,0.15929537846036454
仅关闭历史路径强化,第一个 GP 表达式,更新树输出饱和比例,0.19555283999999998
仅关闭历史路径强化,第一个 GP 表达式,2-opt 平均改进（百分点）,7.093573291488319
仅关闭历史路径强化,第一个 GP 表达式,同一路径经 2-opt 后的边保留率,0.9467955333593749
仅关闭历史路径强化,第一个 GP 表达式,每百轮改进全局最优的次数,0.925125
仅关闭历史路径强化,第一个 GP 表达式,信息素下界触发比例,0.8475904759999999
仅关闭历史路径强化,第一个 GP 表达式,每百轮重启次数,0.123375
仅关闭历史路径强化,第一个 GP 表达式,每轮硬上界裁剪次数,0.0
仅关闭历史路径强化,第二个 GP 表达式,实际强化路径的平均 gap（%）,0.8761880244920016
仅关闭历史路径强化,第二个 GP 表达式,强化路径优于本轮最优路径的幅度（百分点）,0.0
仅关闭历史路径强化,第二个 GP 表达式,强化路径年龄（轮）,0.0
仅关闭历史路径强化,第二个 GP 表达式,用于历史来源的预算比例,0.0
仅关闭历史路径强化,第二个 GP 表达式,构造路径平均 gap（%）,6.2468982854600315
仅关闭历史路径强化,第二个 GP 表达式,2-opt 后路径平均 gap（%）,1.4100271149595178
仅关闭历史路径强化,第二个 GP 表达式,构造路径最优 gap（%）,2.787258722610537
仅关闭历史路径强化,第二个 GP 表达式,2-opt 后本轮最优 gap（%）,0.8761880244920016
仅关闭历史路径强化,第二个 GP 表达式,构造路径较优七条平均 gap（%）,3.2342562062855142
仅关闭历史路径强化,第二个 GP 表达式,2-opt 后较优七条平均 gap（%）,0.9762682827827518
仅关闭历史路径强化,第二个 GP 表达式,同轮同来源内更新树输出的标准差,0.10679267909214789
仅关闭历史路径强化,第二个 GP 表达式,更新树输出饱和比例,0.94522775
仅关闭历史路径强化,第二个 GP 表达式,2-opt 平均改进（百分点）,4.836871281574091
仅关闭历史路径强化,第二个 GP 表达式,同一路径经 2-opt 后的边保留率,0.963260097421875
仅关闭历史路径强化,第二个 GP 表达式,每百轮改进全局最优的次数,0.946
仅关闭历史路径强化,第二个 GP 表达式,信息素下界触发比例,0.8498021704999998
仅关闭历史路径强化,第二个 GP 表达式,每百轮重启次数,0.134125
仅关闭历史路径强化,第二个 GP 表达式,每轮硬上界裁剪次数,0.0
仅关闭历史路径强化,第三个 GP 表达式,实际强化路径的平均 gap（%）,1.0543182091573198
仅关闭历史路径强化,第三个 GP 表达式,强化路径优于本轮最优路径的幅度（百分点）,0.0
仅关闭历史路径强化,第三个 GP 表达式,强化路径年龄（轮）,0.0
仅关闭历史路径强化,第三个 GP 表达式,用于历史来源的预算比例,0.0
仅关闭历史路径强化,第三个 GP 表达式,构造路径平均 gap（%）,9.16489377767844
仅关闭历史路径强化,第三个 GP 表达式,2-opt 后路径平均 gap（%）,1.8846142230260252
仅关闭历史路径强化,第三个 GP 表达式,构造路径最优 gap（%）,3.995974066894248
仅关闭历史路径强化,第三个 GP 表达式,2-opt 后本轮最优 gap（%）,1.0543182091573198
仅关闭历史路径强化,第三个 GP 表达式,构造路径较优七条平均 gap（%）,4.744591772084647
仅关闭历史路径强化,第三个 GP 表达式,2-opt 后较优七条平均 gap（%）,1.2096359776343448
仅关闭历史路径强化,第三个 GP 表达式,同轮同来源内更新树输出的标准差,0.16297427024290045
仅关闭历史路径强化,第三个 GP 表达式,更新树输出饱和比例,0.019551355000000003
仅关闭历史路径强化,第三个 GP 表达式,2-opt 平均改进（百分点）,7.280279429625627
仅关闭历史路径强化,第三个 GP 表达式,同一路径经 2-opt 后的边保留率,0.9445416514843751
仅关闭历史路径强化,第三个 GP 表达式,每百轮改进全局最优的次数,0.949125
仅关闭历史路径强化,第三个 GP 表达式,信息素下界触发比例,0.84664753975
仅关闭历史路径强化,第三个 GP 表达式,每百轮重启次数,0.120875
仅关闭历史路径强化,第三个 GP 表达式,每轮硬上界裁剪次数,0.0
仅关闭历史路径强化,三个 GP 表达式均值,实际强化路径的平均 gap（%）,0.9833998052930354
仅关闭历史路径强化,三个 GP 表达式均值,强化路径优于本轮最优路径的幅度（百分点）,0.0
仅关闭历史路径强化,三个 GP 表达式均值,强化路径年龄（轮）,0.0
仅关闭历史路径强化,三个 GP 表达式均值,用于历史来源的预算比例,0.0
仅关闭历史路径强化,三个 GP 表达式均值,构造路径平均 gap（%）,8.109584477036691
仅关闭历史路径强化,三个 GP 表达式均值,2-opt 后路径平均 gap（%）,1.7060099073933896
仅关闭历史路径强化,三个 GP 表达式均值,构造路径最优 gap（%）,3.5243043025787886
仅关闭历史路径强化,三个 GP 表达式均值,2-opt 后本轮最优 gap（%）,0.9833998052930354
仅关闭历史路径强化,三个 GP 表达式均值,构造路径较优七条平均 gap（%）,4.157412405084672
仅关闭历史路径强化,三个 GP 表达式均值,2-opt 后较优七条平均 gap（%）,1.1163892236599098
仅关闭历史路径强化,三个 GP 表达式均值,同轮同来源内更新树输出的标准差,0.1430207759318043
仅关闭历史路径强化,三个 GP 表达式均值,更新树输出饱和比例,0.38677731500000007
仅关闭历史路径强化,三个 GP 表达式均值,2-opt 平均改进（百分点）,6.403574667562679
仅关闭历史路径强化,三个 GP 表达式均值,同一路径经 2-opt 后的边保留率,0.9515324274218752
仅关闭历史路径强化,三个 GP 表达式均值,每百轮改进全局最优的次数,0.9400833333333333
仅关闭历史路径强化,三个 GP 表达式均值,信息素下界触发比例,0.8480133954166665
仅关闭历史路径强化,三个 GP 表达式均值,每百轮重启次数,0.126125
仅关闭历史路径强化,三个 GP 表达式均值,每轮硬上界裁剪次数,0.0
仅关闭信息素下界保护,不使用 GP,实际强化路径的平均 gap（%）,1.2160884401366665
仅关闭信息素下界保护,不使用 GP,强化路径优于本轮最优路径的幅度（百分点）,0.0544081959474535
仅关闭信息素下界保护,不使用 GP,强化路径年龄（轮）,294.80041374999996
仅关闭信息素下界保护,不使用 GP,用于历史来源的预算比例,0.7171274999999999
仅关闭信息素下界保护,不使用 GP,构造路径平均 gap（%）,8.026809206830645
仅关闭信息素下界保护,不使用 GP,2-opt 后路径平均 gap（%）,1.9330464150981845
仅关闭信息素下界保护,不使用 GP,构造路径最优 gap（%）,5.4020831042742685
仅关闭信息素下界保护,不使用 GP,2-opt 后本轮最优 gap（%）,1.2704966360841203
仅关闭信息素下界保护,不使用 GP,构造路径较优七条平均 gap（%）,6.199954195316021
仅关闭信息素下界保护,不使用 GP,2-opt 后较优七条平均 gap（%）,1.471054068625995
仅关闭信息素下界保护,不使用 GP,同轮同来源内更新树输出的标准差,0.0
仅关闭信息素下界保护,不使用 GP,更新树输出饱和比例,0.0
仅关闭信息素下界保护,不使用 GP,2-opt 平均改进（百分点）,6.09376330836992
仅关闭信息素下界保护,不使用 GP,同一路径经 2-opt 后的边保留率,0.941865097109375
仅关闭信息素下界保护,不使用 GP,每百轮改进全局最优的次数,0.98175
仅关闭信息素下界保护,不使用 GP,信息素下界触发比例,0.0
仅关闭信息素下界保护,不使用 GP,每百轮重启次数,0.15975
仅关闭信息素下界保护,不使用 GP,每轮硬上界裁剪次数,0.0
仅关闭信息素下界保护,第一个 GP 表达式,实际强化路径的平均 gap（%）,0.9867684292879999
仅关闭信息素下界保护,第一个 GP 表达式,强化路径优于本轮最优路径的幅度（百分点）,0.026658362582726462
仅关闭信息素下界保护,第一个 GP 表达式,强化路径年龄（轮）,274.62680874999995
仅关闭信息素下界保护,第一个 GP 表达式,用于历史来源的预算比例,0.7144537499999999
仅关闭信息素下界保护,第一个 GP 表达式,构造路径平均 gap（%）,6.002428796458393
仅关闭信息素下界保护,第一个 GP 表达式,2-opt 后路径平均 gap（%）,1.4955474944454767
仅关闭信息素下界保护,第一个 GP 表达式,构造路径最优 gap（%）,3.913915301542278
仅关闭信息素下界保护,第一个 GP 表达式,2-opt 后本轮最优 gap（%）,1.0134267918707265
仅关闭信息素下界保护,第一个 GP 表达式,构造路径较优七条平均 gap（%）,4.49463029496326
仅关闭信息素下界保护,第一个 GP 表达式,2-opt 后较优七条平均 gap（%）,1.1499209039151317
仅关闭信息素下界保护,第一个 GP 表达式,同轮同来源内更新树输出的标准差,0.1452469898956013
仅关闭信息素下界保护,第一个 GP 表达式,更新树输出饱和比例,0.3222253975
仅关闭信息素下界保护,第一个 GP 表达式,2-opt 平均改进（百分点）,4.506881210932512
仅关闭信息素下界保护,第一个 GP 表达式,同一路径经 2-opt 后的边保留率,0.9589542915625
仅关闭信息素下界保护,第一个 GP 表达式,每百轮改进全局最优的次数,0.943375
仅关闭信息素下界保护,第一个 GP 表达式,信息素下界触发比例,0.0
仅关闭信息素下界保护,第一个 GP 表达式,每百轮重启次数,0.163375
仅关闭信息素下界保护,第一个 GP 表达式,每轮硬上界裁剪次数,0.0
仅关闭信息素下界保护,第二个 GP 表达式,实际强化路径的平均 gap（%）,0.8894524384870535
仅关闭信息素下界保护,第二个 GP 表达式,强化路径优于本轮最优路径的幅度（百分点）,0.019111234264018086
仅关闭信息素下界保护,第二个 GP 表达式,强化路径年龄（轮）,270.91616625
仅关闭信息素下界保护,第二个 GP 表达式,用于历史来源的预算比例,0.71176
仅关闭信息素下界保护,第二个 GP 表达式,构造路径平均 gap（%）,4.806786488306208
仅关闭信息素下界保护,第二个 GP 表达式,2-opt 后路径平均 gap（%）,1.305921149943814
仅关闭信息素下界保护,第二个 GP 表达式,构造路径最优 gap（%）,3.0472341724128293
仅关闭信息素下界保护,第二个 GP 表达式,2-opt 后本轮最优 gap（%）,0.9085636727510716
仅关闭信息素下界保护,第二个 GP 表达式,构造路径较优七条平均 gap（%）,3.522318387151203
仅关闭信息素下界保护,第二个 GP 表达式,2-opt 后较优七条平均 gap（%）,1.018277237155157
仅关闭信息素下界保护,第二个 GP 表达式,同轮同来源内更新树输出的标准差,0.1081241352282017
仅关闭信息素下界保护,第二个 GP 表达式,更新树输出饱和比例,0.9164982949999999
仅关闭信息素下界保护,第二个 GP 表达式,2-opt 平均改进（百分点）,3.500865343151125
仅关闭信息素下界保护,第二个 GP 表达式,同一路径经 2-opt 后的边保留率,0.9676259159374999
仅关闭信息素下界保护,第二个 GP 表达式,每百轮改进全局最优的次数,0.936625
仅关闭信息素下界保护,第二个 GP 表达式,信息素下界触发比例,0.0
仅关闭信息素下界保护,第二个 GP 表达式,每百轮重启次数,0.166125
仅关闭信息素下界保护,第二个 GP 表达式,每轮硬上界裁剪次数,0.0
仅关闭信息素下界保护,第三个 GP 表达式,实际强化路径的平均 gap（%）,1.0083655352000032
仅关闭信息素下界保护,第三个 GP 表达式,强化路径优于本轮最优路径的幅度（百分点）,0.028414205458325507
仅关闭信息素下界保护,第三个 GP 表达式,强化路径年龄（轮）,269.89289
仅关闭信息素下界保护,第三个 GP 表达式,用于历史来源的预算比例,0.7128174999999999
仅关闭信息素下界保护,第三个 GP 表达式,构造路径平均 gap（%）,6.171247060491516
仅关闭信息素下界保护,第三个 GP 表达式,2-opt 后路径平均 gap（%）,1.5345200983366838
仅关闭信息素下界保护,第三个 GP 表达式,构造路径最优 gap（%）,4.039858316876804
仅关闭信息素下界保护,第三个 GP 表达式,2-opt 后本轮最优 gap（%）,1.0367797406583288
仅关闭信息素下界保护,第三个 GP 表达式,构造路径较优七条平均 gap（%）,4.640754412157773
仅关闭信息素下界保护,第三个 GP 表达式,2-opt 后较优七条平均 gap（%）,1.1791438235139422
仅关闭信息素下界保护,第三个 GP 表达式,同轮同来源内更新树输出的标准差,0.13728333082202043
仅关闭信息素下界保护,第三个 GP 表达式,更新树输出饱和比例,0.019221485
仅关闭信息素下界保护,第三个 GP 表达式,2-opt 平均改进（百分点）,4.636726506875295
仅关闭信息素下界保护,第三个 GP 表达式,同一路径经 2-opt 后的边保留率,0.9575936177343749
仅关闭信息素下界保护,第三个 GP 表达式,每百轮改进全局最优的次数,0.936625
仅关闭信息素下界保护,第三个 GP 表达式,信息素下界触发比例,0.0
仅关闭信息素下界保护,第三个 GP 表达式,每百轮重启次数,0.16525
仅关闭信息素下界保护,第三个 GP 表达式,每轮硬上界裁剪次数,0.0
仅关闭信息素下界保护,三个 GP 表达式均值,实际强化路径的平均 gap（%）,0.9615288009916856
仅关闭信息素下界保护,三个 GP 表达式均值,强化路径优于本轮最优路径的幅度（百分点）,0.024727934101690018
仅关闭信息素下界保护,三个 GP 表达式均值,强化路径年龄（轮）,271.811955
仅关闭信息素下界保护,三个 GP 表达式均值,用于历史来源的预算比例,0.7130104166666666
仅关闭信息素下界保护,三个 GP 表达式均值,构造路径平均 gap（%）,5.660154115085372
仅关闭信息素下界保护,三个 GP 表达式均值,2-opt 后路径平均 gap（%）,1.4453295809086582
仅关闭信息素下界保护,三个 GP 表达式均值,构造路径最优 gap（%）,3.6670025969439703
仅关闭信息素下界保护,三个 GP 表达式均值,2-opt 后本轮最优 gap（%）,0.9862567350933756
仅关闭信息素下界保护,三个 GP 表达式均值,构造路径较优七条平均 gap（%）,4.219234364757412
仅关闭信息素下界保护,三个 GP 表达式均值,2-opt 后较优七条平均 gap（%）,1.1157806548614102
仅关闭信息素下界保护,三个 GP 表达式均值,同轮同来源内更新树输出的标准差,0.13021815198194114
仅关闭信息素下界保护,三个 GP 表达式均值,更新树输出饱和比例,0.41931505916666667
仅关闭信息素下界保护,三个 GP 表达式均值,2-opt 平均改进（百分点）,4.214824353652978
仅关闭信息素下界保护,三个 GP 表达式均值,同一路径经 2-opt 后的边保留率,0.9613912750781249
仅关闭信息素下界保护,三个 GP 表达式均值,每百轮改进全局最优的次数,0.938875
仅关闭信息素下界保护,三个 GP 表达式均值,信息素下界触发比例,0.0
仅关闭信息素下界保护,三个 GP 表达式均值,每百轮重启次数,0.16491666666666666
仅关闭信息素下界保护,三个 GP 表达式均值,每轮硬上界裁剪次数,0.0
关闭下界保护与历史路径强化,不使用 GP,实际强化路径的平均 gap（%）,2.173367703886072
关闭下界保护与历史路径强化,不使用 GP,强化路径优于本轮最优路径的幅度（百分点）,0.0
关闭下界保护与历史路径强化,不使用 GP,强化路径年龄（轮）,0.0
关闭下界保护与历史路径强化,不使用 GP,用于历史来源的预算比例,0.0
关闭下界保护与历史路径强化,不使用 GP,构造路径平均 gap（%）,14.145270279268528
关闭下界保护与历史路径强化,不使用 GP,2-opt 后路径平均 gap（%）,3.430156344289023
关闭下界保护与历史路径强化,不使用 GP,构造路径最优 gap（%）,9.699527568401152
关闭下界保护与历史路径强化,不使用 GP,2-opt 后本轮最优 gap（%）,2.173367703886072
关闭下界保护与历史路径强化,不使用 GP,构造路径较优七条平均 gap（%）,11.180891070337855
关闭下界保护与历史路径强化,不使用 GP,2-opt 后较优七条平均 gap（%）,2.5839813458803484
关闭下界保护与历史路径强化,不使用 GP,同轮同来源内更新树输出的标准差,0.0
关闭下界保护与历史路径强化,不使用 GP,更新树输出饱和比例,0.0
关闭下界保护与历史路径强化,不使用 GP,2-opt 平均改进（百分点）,10.715113659422617
关闭下界保护与历史路径强化,不使用 GP,同一路径经 2-opt 后的边保留率,0.8918796522656249
关闭下界保护与历史路径强化,不使用 GP,每百轮改进全局最优的次数,0.74125
关闭下界保护与历史路径强化,不使用 GP,信息素下界触发比例,0.0
关闭下界保护与历史路径强化,不使用 GP,每百轮重启次数,0.1065
关闭下界保护与历史路径强化,不使用 GP,每轮硬上界裁剪次数,0.0
关闭下界保护与历史路径强化,第一个 GP 表达式,实际强化路径的平均 gap（%）,1.3582231641121298
关闭下界保护与历史路径强化,第一个 GP 表达式,强化路径优于本轮最优路径的幅度（百分点）,0.0
关闭下界保护与历史路径强化,第一个 GP 表达式,强化路径年龄（轮）,0.0
关闭下界保护与历史路径强化,第一个 GP 表达式,用于历史来源的预算比例,0.0
关闭下界保护与历史路径强化,第一个 GP 表达式,构造路径平均 gap（%）,7.515070449269978
关闭下界保护与历史路径强化,第一个 GP 表达式,2-opt 后路径平均 gap（%）,1.9545839264393043
关闭下界保护与历史路径强化,第一个 GP 表达式,构造路径最优 gap（%）,5.058753391850863
关闭下界保护与历史路径强化,第一个 GP 表达式,2-opt 后本轮最优 gap（%）,1.3582231641121298
关闭下界保护与历史路径强化,第一个 GP 表达式,构造路径较优七条平均 gap（%）,5.7747989179931265
关闭下界保护与历史路径强化,第一个 GP 表达式,2-opt 后较优七条平均 gap（%）,1.5350744684401365
关闭下界保护与历史路径强化,第一个 GP 表达式,同轮同来源内更新树输出的标准差,0.18825284381138463
关闭下界保护与历史路径强化,第一个 GP 表达式,更新树输出饱和比例,0.3295078275
关闭下界保护与历史路径强化,第一个 GP 表达式,2-opt 平均改进（百分点）,5.560486377466777
关闭下界保护与历史路径强化,第一个 GP 表达式,同一路径经 2-opt 后的边保留率,0.948129439765625
关闭下界保护与历史路径强化,第一个 GP 表达式,每百轮改进全局最优的次数,0.780625
关闭下界保护与历史路径强化,第一个 GP 表达式,信息素下界触发比例,0.0
关闭下界保护与历史路径强化,第一个 GP 表达式,每百轮重启次数,0.203375
关闭下界保护与历史路径强化,第一个 GP 表达式,每轮硬上界裁剪次数,0.0
关闭下界保护与历史路径强化,第二个 GP 表达式,实际强化路径的平均 gap（%）,1.2437040113654683
关闭下界保护与历史路径强化,第二个 GP 表达式,强化路径优于本轮最优路径的幅度（百分点）,0.0
关闭下界保护与历史路径强化,第二个 GP 表达式,强化路径年龄（轮）,0.0
关闭下界保护与历史路径强化,第二个 GP 表达式,用于历史来源的预算比例,0.0
关闭下界保护与历史路径强化,第二个 GP 表达式,构造路径平均 gap（%）,6.266185150962659
关闭下界保护与历史路径强化,第二个 GP 表达式,2-opt 后路径平均 gap（%）,1.747949239005252
关闭下界保护与历史路径强化,第二个 GP 表达式,构造路径最优 gap（%）,4.146480900117156
关闭下界保护与历史路径强化,第二个 GP 表达式,2-opt 后本轮最优 gap（%）,1.2437040113654683
关闭下界保护与历史路径强化,第二个 GP 表达式,构造路径较优七条平均 gap（%）,4.7443447403995975
关闭下界保护与历史路径强化,第二个 GP 表达式,2-opt 后较优七条平均 gap（%）,1.3895404954957336
关闭下界保护与历史路径强化,第二个 GP 表达式,同轮同来源内更新树输出的标准差,0.13840919316497569
关闭下界保护与历史路径强化,第二个 GP 表达式,更新树输出饱和比例,0.9253860075
关闭下界保护与历史路径强化,第二个 GP 表达式,2-opt 平均改进（百分点）,4.518235866991528
关闭下界保护与历史路径强化,第二个 GP 表达式,同一路径经 2-opt 后的边保留率,0.9570335128906249
关闭下界保护与历史路径强化,第二个 GP 表达式,每百轮改进全局最优的次数,0.767
关闭下界保护与历史路径强化,第二个 GP 表达式,信息素下界触发比例,0.0
关闭下界保护与历史路径强化,第二个 GP 表达式,每百轮重启次数,0.222125
关闭下界保护与历史路径强化,第二个 GP 表达式,每轮硬上界裁剪次数,0.0
关闭下界保护与历史路径强化,第三个 GP 表达式,实际强化路径的平均 gap（%）,1.3913275056890961
关闭下界保护与历史路径强化,第三个 GP 表达式,强化路径优于本轮最优路径的幅度（百分点）,0.0
关闭下界保护与历史路径强化,第三个 GP 表达式,强化路径年龄（轮）,0.0
关闭下界保护与历史路径强化,第三个 GP 表达式,用于历史来源的预算比例,0.0
关闭下界保护与历史路径强化,第三个 GP 表达式,构造路径平均 gap（%）,7.851679641038301
关闭下界保护与历史路径强化,第三个 GP 表达式,2-opt 后路径平均 gap（%）,2.0246114235502404
关闭下界保护与历史路径强化,第三个 GP 表达式,构造路径最优 gap（%）,5.277846010295574
关闭下界保护与历史路径强化,第三个 GP 表达式,2-opt 后本轮最优 gap（%）,1.3913275056890961
关闭下界保护与历史路径强化,第三个 GP 表达式,构造路径较优七条平均 gap（%）,6.0428762606845945
关闭下界保护与历史路径强化,第三个 GP 表达式,2-opt 后较优七条平均 gap（%）,1.580601292815336
关闭下界保护与历史路径强化,第三个 GP 表达式,同轮同来源内更新树输出的标准差,0.18230765502596244
关闭下界保护与历史路径强化,第三个 GP 表达式,更新树输出饱和比例,0.025366815
关闭下界保护与历史路径强化,第三个 GP 表达式,2-opt 平均改进（百分点）,5.827067885827749
关闭下界保护与历史路径强化,第三个 GP 表达式,同一路径经 2-opt 后的边保留率,0.945314832265625
关闭下界保护与历史路径强化,第三个 GP 表达式,每百轮改进全局最优的次数,0.774375
关闭下界保护与历史路径强化,第三个 GP 表达式,信息素下界触发比例,0.0
关闭下界保护与历史路径强化,第三个 GP 表达式,每百轮重启次数,0.199875
关闭下界保护与历史路径强化,第三个 GP 表达式,每轮硬上界裁剪次数,0.0
关闭下界保护与历史路径强化,三个 GP 表达式均值,实际强化路径的平均 gap（%）,1.3310848937222313
关闭下界保护与历史路径强化,三个 GP 表达式均值,强化路径优于本轮最优路径的幅度（百分点）,0.0
关闭下界保护与历史路径强化,三个 GP 表达式均值,强化路径年龄（轮）,0.0
关闭下界保护与历史路径强化,三个 GP 表达式均值,用于历史来源的预算比例,0.0
关闭下界保护与历史路径强化,三个 GP 表达式均值,构造路径平均 gap（%）,7.210978413756979
关闭下界保护与历史路径强化,三个 GP 表达式均值,2-opt 后路径平均 gap（%）,1.9090481963315988
关闭下界保护与历史路径强化,三个 GP 表达式均值,构造路径最优 gap（%）,4.827693434087864
关闭下界保护与历史路径强化,三个 GP 表达式均值,2-opt 后本轮最优 gap（%）,1.3310848937222313
关闭下界保护与历史路径强化,三个 GP 表达式均值,构造路径较优七条平均 gap（%）,5.5206733063591065
关闭下界保护与历史路径强化,三个 GP 表达式均值,2-opt 后较优七条平均 gap（%）,1.5017387522504018
关闭下界保护与历史路径强化,三个 GP 表达式均值,同轮同来源内更新树输出的标准差,0.16965656400077425
关闭下界保护与历史路径强化,三个 GP 表达式均值,更新树输出饱和比例,0.42675355000000004
关闭下界保护与历史路径强化,三个 GP 表达式均值,2-opt 平均改进（百分点）,5.301930043428685
关闭下界保护与历史路径强化,三个 GP 表达式均值,同一路径经 2-opt 后的边保留率,0.9501592616406251
关闭下界保护与历史路径强化,三个 GP 表达式均值,每百轮改进全局最优的次数,0.774
关闭下界保护与历史路径强化,三个 GP 表达式均值,信息素下界触发比例,0.0
关闭下界保护与历史路径强化,三个 GP 表达式均值,每百轮重启次数,0.2084583333333333
关闭下界保护与历史路径强化,三个 GP 表达式均值,每轮硬上界裁剪次数,0.0
仅关闭重启,不使用 GP,实际强化路径的平均 gap（%）,0.3561827161193798
仅关闭重启,不使用 GP,强化路径优于本轮最优路径的幅度（百分点）,0.006520123348705727
仅关闭重启,不使用 GP,强化路径年龄（轮）,1419.5448387499998
仅关闭重启,不使用 GP,用于历史来源的预算比例,0.9678
仅关闭重启,不使用 GP,构造路径平均 gap（%）,5.042605468614377
仅关闭重启,不使用 GP,2-opt 后路径平均 gap（%）,0.8227697236466563
仅关闭重启,不使用 GP,构造路径最优 gap（%）,0.876133214468769
仅关闭重启,不使用 GP,2-opt 后本轮最优 gap（%）,0.3627028394680857
仅关闭重启,不使用 GP,构造路径较优七条平均 gap（%）,1.002359775681607
仅关闭重启,不使用 GP,2-opt 后较优七条平均 gap（%）,0.38812643201887675
仅关闭重启,不使用 GP,同轮同来源内更新树输出的标准差,0.0
仅关闭重启,不使用 GP,更新树输出饱和比例,0.0
仅关闭重启,不使用 GP,2-opt 平均改进（百分点）,4.219835936446087
仅关闭重启,不使用 GP,同一路径经 2-opt 后的边保留率,0.97694070484375
仅关闭重启,不使用 GP,每百轮改进全局最优的次数,0.96225
仅关闭重启,不使用 GP,信息素下界触发比例,0.8920132793749999
仅关闭重启,不使用 GP,每百轮重启次数,0.0
仅关闭重启,不使用 GP,每轮硬上界裁剪次数,0.0
仅关闭重启,第一个 GP 表达式,实际强化路径的平均 gap（%）,0.33418839920021604
仅关闭重启,第一个 GP 表达式,强化路径优于本轮最优路径的幅度（百分点）,0.0024009186461189584
仅关闭重启,第一个 GP 表达式,强化路径年龄（轮）,1466.05813625
仅关闭重启,第一个 GP 表达式,用于历史来源的预算比例,0.9678
仅关闭重启,第一个 GP 表达式,构造路径平均 gap（%）,4.816121907257738
仅关闭重启,第一个 GP 表达式,2-opt 后路径平均 gap（%）,0.7806706871488974
仅关闭重启,第一个 GP 表达式,构造路径最优 gap（%）,0.6729799122108452
仅关闭重启,第一个 GP 表达式,2-opt 后本轮最优 gap（%）,0.33658931784633533
仅关闭重启,第一个 GP 表达式,构造路径较优七条平均 gap（%）,0.7702157189698209
仅关闭重启,第一个 GP 表达式,2-opt 后较优七条平均 gap（%）,0.35305145292067325
仅关闭重启,第一个 GP 表达式,同轮同来源内更新树输出的标准差,0.021891668005346254
仅关闭重启,第一个 GP 表达式,更新树输出饱和比例,0.022226820000000005
仅关闭重启,第一个 GP 表达式,2-opt 平均改进（百分点）,4.03545166201183
仅关闭重启,第一个 GP 表达式,同一路径经 2-opt 后的边保留率,0.9789784146874999
仅关闭重启,第一个 GP 表达式,每百轮改进全局最优的次数,0.922375
仅关闭重启,第一个 GP 表达式,信息素下界触发比例,0.8931610583749999
仅关闭重启,第一个 GP 表达式,每百轮重启次数,0.0
仅关闭重启,第一个 GP 表达式,每轮硬上界裁剪次数,0.0
仅关闭重启,第二个 GP 表达式,实际强化路径的平均 gap（%）,0.35385480696193644
仅关闭重启,第二个 GP 表达式,强化路径优于本轮最优路径的幅度（百分点）,0.0011915363851410785
仅关闭重启,第二个 GP 表达式,强化路径年龄（轮）,1431.76442125
仅关闭重启,第二个 GP 表达式,用于历史来源的预算比例,0.9678
仅关闭重启,第二个 GP 表达式,构造路径平均 gap（%）,3.027743004817094
仅关闭重启,第二个 GP 表达式,2-opt 后路径平均 gap（%）,0.6021244551842828
仅关闭重启,第二个 GP 表达式,构造路径最优 gap（%）,0.5817199585837403
仅关闭重启,第二个 GP 表达式,2-opt 后本轮最优 gap（%）,0.35504634334707724
仅关闭重启,第二个 GP 表达式,构造路径较优七条平均 gap（%）,0.6371433736138449
仅关闭重启,第二个 GP 表达式,2-opt 后较优七条平均 gap（%）,0.36671103434492774
仅关闭重启,第二个 GP 表达式,同轮同来源内更新树输出的标准差,0.018791926858200383
仅关闭重启,第二个 GP 表达式,更新树输出饱和比例,0.974812305
仅关闭重启,第二个 GP 表达式,2-opt 平均改进（百分点）,2.425619488008373
仅关闭重启,第二个 GP 表达式,同一路径经 2-opt 后的边保留率,0.98768518421875
仅关闭重启,第二个 GP 表达式,每百轮改进全局最优的次数,0.88575
仅关闭重启,第二个 GP 表达式,信息素下界触发比例,0.8936202369999998
仅关闭重启,第二个 GP 表达式,每百轮重启次数,0.0
仅关闭重启,第二个 GP 表达式,每轮硬上界裁剪次数,0.0
仅关闭重启,第三个 GP 表达式,实际强化路径的平均 gap（%）,0.33438692052512015
仅关闭重启,第三个 GP 表达式,强化路径优于本轮最优路径的幅度（百分点）,0.00290062723669846
仅关闭重启,第三个 GP 表达式,强化路径年龄（轮）,1407.32393625
仅关闭重启,第三个 GP 表达式,用于历史来源的预算比例,0.9678
仅关闭重启,第三个 GP 表达式,构造路径平均 gap（%）,4.821424316546454
仅关闭重启,第三个 GP 表达式,2-opt 后路径平均 gap（%）,0.7819959085032271
仅关闭重启,第三个 GP 表达式,构造路径最优 gap（%）,0.6950539073684923
仅关闭重启,第三个 GP 表达式,2-opt 后本轮最优 gap（%）,0.33728754776181813
仅关闭重启,第三个 GP 表达式,构造路径较优七条平均 gap（%）,0.7964283608009023
仅关闭重启,第三个 GP 表达式,2-opt 后较优七条平均 gap（%）,0.35510598024664336
仅关闭重启,第三个 GP 表达式,同轮同来源内更新树输出的标准差,0.03570252639831153
仅关闭重启,第三个 GP 表达式,更新树输出饱和比例,0.0024011325000000004
仅关闭重启,第三个 GP 表达式,2-opt 平均改进（百分点）,4.039428638550778
仅关闭重启,第三个 GP 表达式,同一路径经 2-opt 后的边保留率,0.9788354974218749
仅关闭重启,第三个 GP 表达式,每百轮改进全局最优的次数,0.930125
仅关闭重启,第三个 GP 表达式,信息素下界触发比例,0.893010205
仅关闭重启,第三个 GP 表达式,每百轮重启次数,0.0
仅关闭重启,第三个 GP 表达式,每轮硬上界裁剪次数,0.0
仅关闭重启,三个 GP 表达式均值,实际强化路径的平均 gap（%）,0.3408100422290909
仅关闭重启,三个 GP 表达式均值,强化路径优于本轮最优路径的幅度（百分点）,0.0021643607559861653
仅关闭重启,三个 GP 表达式均值,强化路径年龄（轮）,1435.04883125
仅关闭重启,三个 GP 表达式均值,用于历史来源的预算比例,0.9678
仅关闭重启,三个 GP 表达式均值,构造路径平均 gap（%）,4.221763076207095
仅关闭重启,三个 GP 表达式均值,2-opt 后路径平均 gap（%）,0.7215970169454691
仅关闭重启,三个 GP 表达式均值,构造路径最优 gap（%）,0.6499179260543592
仅关闭重启,三个 GP 表达式均值,2-opt 后本轮最优 gap（%）,0.342974402985077
仅关闭重启,三个 GP 表达式均值,构造路径较优七条平均 gap（%）,0.7345958177948559
仅关闭重启,三个 GP 表达式均值,2-opt 后较优七条平均 gap（%）,0.3582894891707481
仅关闭重启,三个 GP 表达式均值,同轮同来源内更新树输出的标准差,0.025462040420619385
仅关闭重启,三个 GP 表达式均值,更新树输出饱和比例,0.33314675250000003
仅关闭重启,三个 GP 表达式均值,2-opt 平均改进（百分点）,3.5001665961903274
仅关闭重启,三个 GP 表达式均值,同一路径经 2-opt 后的边保留率,0.981833032109375
仅关闭重启,三个 GP 表达式均值,每百轮改进全局最优的次数,0.9127499999999998
仅关闭重启,三个 GP 表达式均值,信息素下界触发比例,0.8932638334583333
仅关闭重启,三个 GP 表达式均值,每百轮重启次数,0.0
仅关闭重启,三个 GP 表达式均值,每轮硬上界裁剪次数,0.0
关闭重启与历史路径强化,不使用 GP,实际强化路径的平均 gap（%）,1.5775791484593147
关闭重启与历史路径强化,不使用 GP,强化路径优于本轮最优路径的幅度（百分点）,0.0
关闭重启与历史路径强化,不使用 GP,强化路径年龄（轮）,0.0
关闭重启与历史路径强化,不使用 GP,用于历史来源的预算比例,0.0
关闭重启与历史路径强化,不使用 GP,构造路径平均 gap（%）,12.078448172954387
关闭重启与历史路径强化,不使用 GP,2-opt 后路径平均 gap（%）,2.643795843164885
关闭重启与历史路径强化,不使用 GP,构造路径最优 gap（%）,6.844972193489844
关闭重启与历史路径强化,不使用 GP,2-opt 后本轮最优 gap（%）,1.5775791484593147
关闭重启与历史路径强化,不使用 GP,构造路径较优七条平均 gap（%）,7.860890286444437
关闭重启与历史路径强化,不使用 GP,2-opt 后较优七条平均 gap（%）,1.8599015913677601
关闭重启与历史路径强化,不使用 GP,同轮同来源内更新树输出的标准差,0.0
关闭重启与历史路径强化,不使用 GP,更新树输出饱和比例,0.0
关闭重启与历史路径强化,不使用 GP,2-opt 平均改进（百分点）,9.434653039774387
关闭重启与历史路径强化,不使用 GP,同一路径经 2-opt 后的边保留率,0.914204332109375
关闭重启与历史路径强化,不使用 GP,每百轮改进全局最优的次数,0.7165
关闭重启与历史路径强化,不使用 GP,信息素下界触发比例,0.8533038168749999
关闭重启与历史路径强化,不使用 GP,每百轮重启次数,0.0
关闭重启与历史路径强化,不使用 GP,每轮硬上界裁剪次数,0.0
关闭重启与历史路径强化,第一个 GP 表达式,实际强化路径的平均 gap（%）,0.4201018893862116
关闭重启与历史路径强化,第一个 GP 表达式,强化路径优于本轮最优路径的幅度（百分点）,0.0
关闭重启与历史路径强化,第一个 GP 表达式,强化路径年龄（轮）,0.0
关闭重启与历史路径强化,第一个 GP 表达式,用于历史来源的预算比例,0.0
关闭重启与历史路径强化,第一个 GP 表达式,构造路径平均 gap（%）,5.006853191028029
关闭重启与历史路径强化,第一个 GP 表达式,2-opt 后路径平均 gap（%）,0.8791590264531506
关闭重启与历史路径强化,第一个 GP 表达式,构造路径最优 gap（%）,0.8128386701053028
关闭重启与历史路径强化,第一个 GP 表达式,2-opt 后本轮最优 gap（%）,0.4201018893862116
关闭重启与历史路径强化,第一个 GP 表达式,构造路径较优七条平均 gap（%）,0.9318346962244395
关闭重启与历史路径强化,第一个 GP 表达式,2-opt 后较优七条平均 gap（%）,0.44094858217429883
关闭重启与历史路径强化,第一个 GP 表达式,同轮同来源内更新树输出的标准差,0.026888157358084384
关闭重启与历史路径强化,第一个 GP 表达式,更新树输出饱和比例,0.028252560000000003
关闭重启与历史路径强化,第一个 GP 表达式,2-opt 平均改进（百分点）,4.127693477173703
关闭重启与历史路径强化,第一个 GP 表达式,同一路径经 2-opt 后的边保留率,0.9779737314843749
关闭重启与历史路径强化,第一个 GP 表达式,每百轮改进全局最优的次数,0.837
关闭重启与历史路径强化,第一个 GP 表达式,信息素下界触发比例,0.8924679999999998
关闭重启与历史路径强化,第一个 GP 表达式,每百轮重启次数,0.0
关闭重启与历史路径强化,第一个 GP 表达式,每轮硬上界裁剪次数,0.0
关闭重启与历史路径强化,第二个 GP 表达式,实际强化路径的平均 gap（%）,0.4474699524928685
关闭重启与历史路径强化,第二个 GP 表达式,强化路径优于本轮最优路径的幅度（百分点）,0.0
关闭重启与历史路径强化,第二个 GP 表达式,强化路径年龄（轮）,0.0
关闭重启与历史路径强化,第二个 GP 表达式,用于历史来源的预算比例,0.0
关闭重启与历史路径强化,第二个 GP 表达式,构造路径平均 gap（%）,3.1310682201976805
关闭重启与历史路径强化,第二个 GP 表达式,2-opt 后路径平均 gap（%）,0.6960376275162834
关闭重启与历史路径强化,第二个 GP 表达式,构造路径最优 gap（%）,0.6877615581397852
关闭重启与历史路径强化,第二个 GP 表达式,2-opt 后本轮最优 gap（%）,0.4474699524928685
关闭重启与历史路径强化,第二个 GP 表达式,构造路径较优七条平均 gap（%）,0.746905062637835
关闭重启与历史路径强化,第二个 GP 表达式,2-opt 后较优七条平均 gap（%）,0.46035677645041884
关闭重启与历史路径强化,第二个 GP 表达式,同轮同来源内更新树输出的标准差,0.022180812771207523
关闭重启与历史路径强化,第二个 GP 表达式,更新树输出饱和比例,0.96608567
关闭重启与历史路径强化,第二个 GP 表达式,2-opt 平均改进（百分点）,2.435031102497107
关闭重启与历史路径强化,第二个 GP 表达式,同一路径经 2-opt 后的边保留率,0.987496316953125
关闭重启与历史路径强化,第二个 GP 表达式,每百轮改进全局最优的次数,0.8145
关闭重启与历史路径强化,第二个 GP 表达式,信息素下界触发比例,0.8933579993749999
关闭重启与历史路径强化,第二个 GP 表达式,每百轮重启次数,0.0
关闭重启与历史路径强化,第二个 GP 表达式,每轮硬上界裁剪次数,0.0
关闭重启与历史路径强化,第三个 GP 表达式,实际强化路径的平均 gap（%）,0.468480116203144
关闭重启与历史路径强化,第三个 GP 表达式,强化路径优于本轮最优路径的幅度（百分点）,0.0
关闭重启与历史路径强化,第三个 GP 表达式,强化路径年龄（轮）,0.0
关闭重启与历史路径强化,第三个 GP 表达式,用于历史来源的预算比例,0.0
关闭重启与历史路径强化,第三个 GP 表达式,构造路径平均 gap（%）,5.100471819156365
关闭重启与历史路径强化,第三个 GP 表达式,2-opt 后路径平均 gap（%）,0.9294091237205336
关闭重启与历史路径强化,第三个 GP 表达式,构造路径最优 gap（%）,0.9091884461248394
关闭重启与历史路径强化,第三个 GP 表达式,2-opt 后本轮最优 gap（%）,0.468480116203144
关闭重启与历史路径强化,第三个 GP 表达式,构造路径较优七条平均 gap（%）,1.0386647539186638
关闭重启与历史路径强化,第三个 GP 表达式,2-opt 后较优七条平均 gap（%）,0.49238215708617133
关闭重启与历史路径强化,第三个 GP 表达式,同轮同来源内更新树输出的标准差,0.04154387300967522
关闭重启与历史路径强化,第三个 GP 表达式,更新树输出饱和比例,0.003105177500000001
关闭重启与历史路径强化,第三个 GP 表达式,2-opt 平均改进（百分点）,4.171063268245732
关闭重启与历史路径强化,第三个 GP 表达式,同一路径经 2-opt 后的边保留率,0.97746737390625
关闭重启与历史路径强化,第三个 GP 表达式,每百轮改进全局最优的次数,0.819625
关闭重启与历史路径强化,第三个 GP 表达式,信息素下界触发比例,0.8920789682499999
关闭重启与历史路径强化,第三个 GP 表达式,每百轮重启次数,0.0
关闭重启与历史路径强化,第三个 GP 表达式,每轮硬上界裁剪次数,0.0
关闭重启与历史路径强化,三个 GP 表达式均值,实际强化路径的平均 gap（%）,0.4453506526940747
关闭重启与历史路径强化,三个 GP 表达式均值,强化路径优于本轮最优路径的幅度（百分点）,0.0
关闭重启与历史路径强化,三个 GP 表达式均值,强化路径年龄（轮）,0.0
关闭重启与历史路径强化,三个 GP 表达式均值,用于历史来源的预算比例,0.0
关闭重启与历史路径强化,三个 GP 表达式均值,构造路径平均 gap（%）,4.412797743460691
关闭重启与历史路径强化,三个 GP 表达式均值,2-opt 后路径平均 gap（%）,0.8348685925633227
关闭重启与历史路径强化,三个 GP 表达式均值,构造路径最优 gap（%）,0.8032628914566424
关闭重启与历史路径强化,三个 GP 表达式均值,2-opt 后本轮最优 gap（%）,0.4453506526940747
关闭重启与历史路径强化,三个 GP 表达式均值,构造路径较优七条平均 gap（%）,0.9058015042603127
关闭重启与历史路径强化,三个 GP 表达式均值,2-opt 后较优七条平均 gap（%）,0.464562505236963
关闭重启与历史路径强化,三个 GP 表达式均值,同轮同来源内更新树输出的标准差,0.030204281046322376
关闭重启与历史路径强化,三个 GP 表达式均值,更新树输出饱和比例,0.3324811358333334
关闭重启与历史路径强化,三个 GP 表达式均值,2-opt 平均改进（百分点）,3.577929282638847
关闭重启与历史路径强化,三个 GP 表达式均值,同一路径经 2-opt 后的边保留率,0.9809791407812499
关闭重启与历史路径强化,三个 GP 表达式均值,每百轮改进全局最优的次数,0.8237083333333335
关闭重启与历史路径强化,三个 GP 表达式均值,信息素下界触发比例,0.8926349892083333
关闭重启与历史路径强化,三个 GP 表达式均值,每百轮重启次数,0.0
关闭重启与历史路径强化,三个 GP 表达式均值,每轮硬上界裁剪次数,0.0
关闭重启与下界保护,不使用 GP,实际强化路径的平均 gap（%）,0.6957148486657585
关闭重启与下界保护,不使用 GP,强化路径优于本轮最优路径的幅度（百分点）,0.004874201882758284
关闭重启与下界保护,不使用 GP,强化路径年龄（轮）,2271.44383
关闭重启与下界保护,不使用 GP,用于历史来源的预算比例,0.9678
关闭重启与下界保护,不使用 GP,构造路径平均 gap（%）,1.4844544271327327
关闭重启与下界保护,不使用 GP,2-opt 后路径平均 gap（%）,0.7750760788938879
关闭重启与下界保护,不使用 GP,构造路径最优 gap（%）,1.1560041245855708
关闭重启与下界保护,不使用 GP,2-opt 后本轮最优 gap（%）,0.700589050548517
关闭重启与下界保护,不使用 GP,构造路径较优七条平均 gap（%）,1.2387328203199652
关闭重启与下界保护,不使用 GP,2-opt 后较优七条平均 gap（%）,0.7222366758740755
关闭重启与下界保护,不使用 GP,同轮同来源内更新树输出的标准差,0.0
关闭重启与下界保护,不使用 GP,更新树输出饱和比例,0.0
关闭重启与下界保护,不使用 GP,2-opt 平均改进（百分点）,0.7093805328838704
关闭重启与下界保护,不使用 GP,同一路径经 2-opt 后的边保留率,0.993492918125
关闭重启与下界保护,不使用 GP,每百轮改进全局最优的次数,0.634
关闭重启与下界保护,不使用 GP,信息素下界触发比例,0.0
关闭重启与下界保护,不使用 GP,每百轮重启次数,0.0
关闭重启与下界保护,不使用 GP,每轮硬上界裁剪次数,0.0
关闭重启与下界保护,第一个 GP 表达式,实际强化路径的平均 gap（%）,0.6662973852268151
关闭重启与下界保护,第一个 GP 表达式,强化路径优于本轮最优路径的幅度（百分点）,0.0018213931066890718
关闭重启与下界保护,第一个 GP 表达式,强化路径年龄（轮）,2289.70958875
关闭重启与下界保护,第一个 GP 表达式,用于历史来源的预算比例,0.9678
关闭重启与下界保护,第一个 GP 表达式,构造路径平均 gap（%）,1.281092277740846
关闭重启与下界保护,第一个 GP 表达式,2-opt 后路径平均 gap（%）,0.7254058496823534
关闭重启与下界保护,第一个 GP 表达式,构造路径最优 gap（%）,0.9785272427223158
关闭重启与下界保护,第一个 GP 表达式,2-opt 后本轮最优 gap（%）,0.6681187783335039
关闭重启与下界保护,第一个 GP 表达式,构造路径较优七条平均 gap（%）,1.0387528599225868
关闭重启与下界保护,第一个 GP 表达式,2-opt 后较优七条平均 gap（%）,0.682347016566776
关闭重启与下界保护,第一个 GP 表达式,同轮同来源内更新树输出的标准差,0.015634857350068344
关闭重启与下界保护,第一个 GP 表达式,更新树输出饱和比例,0.2288163925
关闭重启与下界保护,第一个 GP 表达式,2-opt 平均改进（百分点）,0.555687002567087
关闭重启与下界保护,第一个 GP 表达式,同一路径经 2-opt 后的边保留率,0.995338915390625
关闭重启与下界保护,第一个 GP 表达式,每百轮改进全局最优的次数,0.60725
关闭重启与下界保护,第一个 GP 表达式,信息素下界触发比例,0.0
关闭重启与下界保护,第一个 GP 表达式,每百轮重启次数,0.0
关闭重启与下界保护,第一个 GP 表达式,每轮硬上界裁剪次数,0.0
关闭重启与下界保护,第二个 GP 表达式,实际强化路径的平均 gap（%）,0.6926035780377447
关闭重启与下界保护,第二个 GP 表达式,强化路径优于本轮最优路径的幅度（百分点）,0.0010758401454067329
关闭重启与下界保护,第二个 GP 表达式,强化路径年龄（轮）,2309.49282125
关闭重启与下界保护,第二个 GP 表达式,用于历史来源的预算比例,0.9678
关闭重启与下界保护,第二个 GP 表达式,构造路径平均 gap（%）,1.2005122842336935
关闭重启与下界保护,第二个 GP 表达式,2-opt 后路径平均 gap（%）,0.7438143334908129
关闭重启与下界保护,第二个 GP 表达式,构造路径最优 gap（%）,0.9167175688384116
关闭重启与下界保护,第二个 GP 表达式,2-opt 后本轮最优 gap（%）,0.6936794181831515
关闭重启与下界保护,第二个 GP 表达式,构造路径较优七条平均 gap（%）,0.9635410825672207
关闭重启与下界保护,第二个 GP 表达式,2-opt 后较优七条平均 gap（%）,0.7049051709648549
关闭重启与下界保护,第二个 GP 表达式,同轮同来源内更新树输出的标准差,0.01584620008052784
关闭重启与下界保护,第二个 GP 表达式,更新树输出饱和比例,0.9671617900000001
关闭重启与下界保护,第二个 GP 表达式,2-opt 平均改进（百分点）,0.45669953156967147
关闭重启与下界保护,第二个 GP 表达式,同一路径经 2-opt 后的边保留率,0.99625334625
关闭重启与下界保护,第二个 GP 表达式,每百轮改进全局最优的次数,0.583875
关闭重启与下界保护,第二个 GP 表达式,信息素下界触发比例,0.0
关闭重启与下界保护,第二个 GP 表达式,每百轮重启次数,0.0
关闭重启与下界保护,第二个 GP 表达式,每轮硬上界裁剪次数,0.0
关闭重启与下界保护,第三个 GP 表达式,实际强化路径的平均 gap（%）,0.7013642594297347
关闭重启与下界保护,第三个 GP 表达式,强化路径优于本轮最优路径的幅度（百分点）,0.0020513390480325854
关闭重启与下界保护,第三个 GP 表达式,强化路径年龄（轮）,2267.6829387499997
关闭重启与下界保护,第三个 GP 表达式,用于历史来源的预算比例,0.9678
关闭重启与下界保护,第三个 GP 表达式,构造路径平均 gap（%）,1.3580990805995752
关闭重启与下界保护,第三个 GP 表达式,2-opt 后路径平均 gap（%）,0.7643848955032211
关闭重启与下界保护,第三个 GP 表达式,构造路径最优 gap（%）,1.0225026838686249
关闭重启与下界保护,第三个 GP 表达式,2-opt 后本轮最优 gap（%）,0.7034155984777676
关闭重启与下界保护,第三个 GP 表达式,构造路径较优七条平均 gap（%）,1.0828362972724261
关闭重启与下界保护,第三个 GP 表达式,2-opt 后较优七条平均 gap（%）,0.7181222659502308
关闭重启与下界保护,第三个 GP 表达式,同轮同来源内更新树输出的标准差,0.01753970865956524
关闭重启与下界保护,第三个 GP 表达式,更新树输出饱和比例,0.0020519875
关闭重启与下界保护,第三个 GP 表达式,2-opt 平均改进（百分点）,0.5937150079340777
关闭重启与下界保护,第三个 GP 表达式,同一路径经 2-opt 后的边保留率,0.995113970390625
关闭重启与下界保护,第三个 GP 表达式,每百轮改进全局最优的次数,0.5905
关闭重启与下界保护,第三个 GP 表达式,信息素下界触发比例,0.0
关闭重启与下界保护,第三个 GP 表达式,每百轮重启次数,0.0
关闭重启与下界保护,第三个 GP 表达式,每轮硬上界裁剪次数,0.0
关闭重启与下界保护,三个 GP 表达式均值,实际强化路径的平均 gap（%）,0.6867550742314316
关闭重启与下界保护,三个 GP 表达式均值,强化路径优于本轮最优路径的幅度（百分点）,0.0016495241000427966
关闭重启与下界保护,三个 GP 表达式均值,强化路径年龄（轮）,2288.961782916667
关闭重启与下界保护,三个 GP 表达式均值,用于历史来源的预算比例,0.9678
关闭重启与下界保护,三个 GP 表达式均值,构造路径平均 gap（%）,1.2799012141913715
关闭重启与下界保护,三个 GP 表达式均值,2-opt 后路径平均 gap（%）,0.7445350262254624
关闭重启与下界保护,三个 GP 表达式均值,构造路径最优 gap（%）,0.9725824984764508
关闭重启与下界保护,三个 GP 表达式均值,2-opt 后本轮最优 gap（%）,0.6884045983314743
关闭重启与下界保护,三个 GP 表达式均值,构造路径较优七条平均 gap（%）,1.0283767465874112
关闭重启与下界保护,三个 GP 表达式均值,2-opt 后较优七条平均 gap（%）,0.7017914844939539
关闭重启与下界保护,三个 GP 表达式均值,同轮同来源内更新树输出的标准差,0.016340255363387145
关闭重启与下界保护,三个 GP 表达式均值,更新树输出饱和比例,0.39934339
关闭重启与下界保护,三个 GP 表达式均值,2-opt 平均改进（百分点）,0.5353671806902787
关闭重启与下界保护,三个 GP 表达式均值,同一路径经 2-opt 后的边保留率,0.9955687440104166
关闭重启与下界保护,三个 GP 表达式均值,每百轮改进全局最优的次数,0.593875
关闭重启与下界保护,三个 GP 表达式均值,信息素下界触发比例,0.0
关闭重启与下界保护,三个 GP 表达式均值,每百轮重启次数,0.0
关闭重启与下界保护,三个 GP 表达式均值,每轮硬上界裁剪次数,0.0
关闭上述三个组件,不使用 GP,实际强化路径的平均 gap（%）,1.034348322438316
关闭上述三个组件,不使用 GP,强化路径优于本轮最优路径的幅度（百分点）,0.0
关闭上述三个组件,不使用 GP,强化路径年龄（轮）,0.0
关闭上述三个组件,不使用 GP,用于历史来源的预算比例,0.0
关闭上述三个组件,不使用 GP,构造路径平均 gap（%）,4.8225993106563
关闭上述三个组件,不使用 GP,2-opt 后路径平均 gap（%）,1.4261838933579059
关闭上述三个组件,不使用 GP,构造路径最优 gap（%）,3.3810046747641183
关闭上述三个组件,不使用 GP,2-opt 后本轮最优 gap（%）,1.034348322438316
关闭上述三个组件,不使用 GP,构造路径较优七条平均 gap（%）,3.831214662901615
关闭上述三个组件,不使用 GP,2-opt 后较优七条平均 gap（%）,1.1609967576318319
关闭上述三个组件,不使用 GP,同轮同来源内更新树输出的标准差,0.0
关闭上述三个组件,不使用 GP,更新树输出饱和比例,0.0
关闭上述三个组件,不使用 GP,2-opt 平均改进（百分点）,3.396414251884842
关闭上述三个组件,不使用 GP,同一路径经 2-opt 后的边保留率,0.9655345821093749
关闭上述三个组件,不使用 GP,每百轮改进全局最优的次数,0.62475
关闭上述三个组件,不使用 GP,信息素下界触发比例,0.0
关闭上述三个组件,不使用 GP,每百轮重启次数,0.0
关闭上述三个组件,不使用 GP,每轮硬上界裁剪次数,0.0
关闭上述三个组件,第一个 GP 表达式,实际强化路径的平均 gap（%）,0.6969731728922312
关闭上述三个组件,第一个 GP 表达式,强化路径优于本轮最优路径的幅度（百分点）,0.0
关闭上述三个组件,第一个 GP 表达式,强化路径年龄（轮）,0.0
关闭上述三个组件,第一个 GP 表达式,用于历史来源的预算比例,0.0
关闭上述三个组件,第一个 GP 表达式,构造路径平均 gap（%）,1.3864768096026439
关闭上述三个组件,第一个 GP 表达式,2-opt 后路径平均 gap（%）,0.7635946374199386
关闭上述三个组件,第一个 GP 表达式,构造路径最优 gap（%）,1.0342896299063251
关闭上述三个组件,第一个 GP 表达式,2-opt 后本轮最优 gap（%）,0.6969731728922312
关闭上述三个组件,第一个 GP 表达式,构造路径较优七条平均 gap（%）,1.0997711073966818
关闭上述三个组件,第一个 GP 表达式,2-opt 后较优七条平均 gap（%）,0.7132202146588897
关闭上述三个组件,第一个 GP 表达式,同轮同来源内更新树输出的标准差,0.017509105674271642
关闭上述三个组件,第一个 GP 表达式,更新树输出饱和比例,0.14478539750000002
关闭上述三个组件,第一个 GP 表达式,2-opt 平均改进（百分点）,0.6228803976430979
关闭上述三个组件,第一个 GP 表达式,同一路径经 2-opt 后的边保留率,0.99477677546875
关闭上述三个组件,第一个 GP 表达式,每百轮改进全局最优的次数,0.596125
关闭上述三个组件,第一个 GP 表达式,信息素下界触发比例,0.0
关闭上述三个组件,第一个 GP 表达式,每百轮重启次数,0.0
关闭上述三个组件,第一个 GP 表达式,每轮硬上界裁剪次数,0.0
关闭上述三个组件,第二个 GP 表达式,实际强化路径的平均 gap（%）,0.7221660984000194
关闭上述三个组件,第二个 GP 表达式,强化路径优于本轮最优路径的幅度（百分点）,0.0
关闭上述三个组件,第二个 GP 表达式,强化路径年龄（轮）,0.0
关闭上述三个组件,第二个 GP 表达式,用于历史来源的预算比例,0.0
关闭上述三个组件,第二个 GP 表达式,构造路径平均 gap（%）,1.2592696752795738
关闭上述三个组件,第二个 GP 表达式,2-opt 后路径平均 gap（%）,0.7758214267881055
关闭上述三个组件,第二个 GP 表达式,构造路径最优 gap（%）,0.9541619636191694
关闭上述三个组件,第二个 GP 表达式,2-opt 后本轮最优 gap（%）,0.7221660984000194
关闭上述三个组件,第二个 GP 表达式,构造路径较优七条平均 gap（%）,1.0048673824156311
关闭上述三个组件,第二个 GP 表达式,2-opt 后较优七条平均 gap（%）,0.7339909364656673
关闭上述三个组件,第二个 GP 表达式,同轮同来源内更新树输出的标准差,0.017152029722664594
关闭上述三个组件,第二个 GP 表达式,更新树输出饱和比例,0.9698383075
关闭上述三个组件,第二个 GP 表达式,2-opt 平均改进（百分点）,0.4834488704149811
关闭上述三个组件,第二个 GP 表达式,同一路径经 2-opt 后的边保留率,0.9960309574999999
关闭上述三个组件,第二个 GP 表达式,每百轮改进全局最优的次数,0.558875
关闭上述三个组件,第二个 GP 表达式,信息素下界触发比例,0.0
关闭上述三个组件,第二个 GP 表达式,每百轮重启次数,0.0
关闭上述三个组件,第二个 GP 表达式,每轮硬上界裁剪次数,0.0
关闭上述三个组件,第三个 GP 表达式,实际强化路径的平均 gap（%）,0.7078223430137404
关闭上述三个组件,第三个 GP 表达式,强化路径优于本轮最优路径的幅度（百分点）,0.0
关闭上述三个组件,第三个 GP 表达式,强化路径年龄（轮）,0.0
关闭上述三个组件,第三个 GP 表达式,用于历史来源的预算比例,0.0
关闭上述三个组件,第三个 GP 表达式,构造路径平均 gap（%）,1.468345559864218
关闭上述三个组件,第三个 GP 表达式,2-opt 后路径平均 gap（%）,0.782974812738901
关闭上述三个组件,第三个 GP 表达式,构造路径最优 gap（%）,1.0764027108096674
关闭上述三个组件,第三个 GP 表达式,2-opt 后本轮最优 gap（%）,0.7078223430137404
关闭上述三个组件,第三个 GP 表达式,构造路径较优七条平均 gap（%）,1.152572069261317
关闭上述三个组件,第三个 GP 表达式,2-opt 后较优七条平均 gap（%）,0.7262538152503409
关闭上述三个组件,第三个 GP 表达式,同轮同来源内更新树输出的标准差,0.021581408316226135
关闭上述三个组件,第三个 GP 表达式,更新树输出饱和比例,0.0024941025000000004
关闭上述三个组件,第三个 GP 表达式,2-opt 平均改进（百分点）,0.6853699591117233
关闭上述三个组件,第三个 GP 表达式,同一路径经 2-opt 后的边保留率,0.9942116478906248
关闭上述三个组件,第三个 GP 表达式,每百轮改进全局最优的次数,0.5825
关闭上述三个组件,第三个 GP 表达式,信息素下界触发比例,0.0
关闭上述三个组件,第三个 GP 表达式,每百轮重启次数,0.0
关闭上述三个组件,第三个 GP 表达式,每轮硬上界裁剪次数,0.0
关闭上述三个组件,三个 GP 表达式均值,实际强化路径的平均 gap（%）,0.7089872047686637
关闭上述三个组件,三个 GP 表达式均值,强化路径优于本轮最优路径的幅度（百分点）,0.0
关闭上述三个组件,三个 GP 表达式均值,强化路径年龄（轮）,0.0
关闭上述三个组件,三个 GP 表达式均值,用于历史来源的预算比例,0.0
关闭上述三个组件,三个 GP 表达式均值,构造路径平均 gap（%）,1.3713640149154787
关闭上述三个组件,三个 GP 表达式均值,2-opt 后路径平均 gap（%）,0.7741302923156483
关闭上述三个组件,三个 GP 表达式均值,构造路径最优 gap（%）,1.021618101445054
关闭上述三个组件,三个 GP 表达式均值,2-opt 后本轮最优 gap（%）,0.7089872047686637
关闭上述三个组件,三个 GP 表达式均值,构造路径较优七条平均 gap（%）,1.0857368530245433
关闭上述三个组件,三个 GP 表达式均值,2-opt 后较优七条平均 gap（%）,0.724488322124966
关闭上述三个组件,三个 GP 表达式均值,同轮同来源内更新树输出的标准差,0.018747514571054124
关闭上述三个组件,三个 GP 表达式均值,更新树输出饱和比例,0.3723726025
关闭上述三个组件,三个 GP 表达式均值,2-opt 平均改进（百分点）,0.5972330757232673
关闭上述三个组件,三个 GP 表达式均值,同一路径经 2-opt 后的边保留率,0.9950064602864582
关闭上述三个组件,三个 GP 表达式均值,每百轮改进全局最优的次数,0.5791666666666666
关闭上述三个组件,三个 GP 表达式均值,信息素下界触发比例,0.0
关闭上述三个组件,三个 GP 表达式均值,每百轮重启次数,0.0
关闭上述三个组件,三个 GP 表达式均值,每轮硬上界裁剪次数,0.0
完整 AS,不使用 GP,实际强化路径的平均 gap（%）,7.689772915787361
完整 AS,不使用 GP,强化路径优于本轮最优路径的幅度（百分点）,-2.2911439236892255
完整 AS,不使用 GP,强化路径年龄（轮）,0.0
完整 AS,不使用 GP,用于历史来源的预算比例,0.0
完整 AS,不使用 GP,构造路径平均 gap（%）,30.57346059228864
完整 AS,不使用 GP,2-opt 后路径平均 gap（%）,7.70199478357238
完整 AS,不使用 GP,构造路径最优 gap（%）,23.463748265172658
完整 AS,不使用 GP,2-opt 后本轮最优 gap（%）,5.398628992098135
完整 AS,不使用 GP,构造路径较优七条平均 gap（%）,25.947492030103156
完整 AS,不使用 GP,2-opt 后较优七条平均 gap（%）,6.206737573207154
完整 AS,不使用 GP,同轮同来源内更新树输出的标准差,0.0
完整 AS,不使用 GP,更新树输出饱和比例,0.0
完整 AS,不使用 GP,2-opt 平均改进（百分点）,22.87146581943334
完整 AS,不使用 GP,同一路径经 2-opt 后的边保留率,0.7564254266406251
完整 AS,不使用 GP,每百轮改进全局最优的次数,0.20075
完整 AS,不使用 GP,信息素下界触发比例,0.0
完整 AS,不使用 GP,每百轮重启次数,0.0
完整 AS,不使用 GP,每轮硬上界裁剪次数,0.0
完整 AS,第一个 GP 表达式,实际强化路径的平均 gap（%）,4.2352390879569475
完整 AS,第一个 GP 表达式,强化路径优于本轮最优路径的幅度（百分点）,-1.601016655443872
完整 AS,第一个 GP 表达式,强化路径年龄（轮）,0.0
完整 AS,第一个 GP 表达式,用于历史来源的预算比例,0.0
完整 AS,第一个 GP 表达式,构造路径平均 gap（%）,14.595994273292973
完整 AS,第一个 GP 表达式,2-opt 后路径平均 gap（%）,4.2432464809247605
完整 AS,第一个 GP 表达式,构造路径最优 gap（%）,8.216828168224248
完整 AS,第一个 GP 表达式,2-opt 后本轮最优 gap（%）,2.6342224325130745
完整 AS,第一个 GP 表达式,构造路径较优七条平均 gap（%）,10.30664888881935
完整 AS,第一个 GP 表达式,2-opt 后较优七条平均 gap（%）,3.123373513344317
完整 AS,第一个 GP 表达式,同轮同来源内更新树输出的标准差,0.5344748888390298
完整 AS,第一个 GP 表达式,更新树输出饱和比例,0.96804399859375
完整 AS,第一个 GP 表达式,2-opt 平均改进（百分点）,10.352747837277235
完整 AS,第一个 GP 表达式,同一路径经 2-opt 后的边保留率,0.9036331280468751
完整 AS,第一个 GP 表达式,每百轮改进全局最优的次数,0.34375
完整 AS,第一个 GP 表达式,信息素下界触发比例,0.0
完整 AS,第一个 GP 表达式,每百轮重启次数,0.0
完整 AS,第一个 GP 表达式,每轮硬上界裁剪次数,0.0
完整 AS,第二个 GP 表达式,实际强化路径的平均 gap（%）,4.600552578034423
完整 AS,第二个 GP 表达式,强化路径优于本轮最优路径的幅度（百分点）,-1.7088849874042138
完整 AS,第二个 GP 表达式,强化路径年龄（轮）,0.0
完整 AS,第二个 GP 表达式,用于历史来源的预算比例,0.0
完整 AS,第二个 GP 表达式,构造路径平均 gap（%）,16.32159521273186
完整 AS,第二个 GP 表达式,2-opt 后路径平均 gap（%）,4.608831872501288
完整 AS,第二个 GP 表达式,构造路径最优 gap（%）,10.137585633457915
完整 AS,第二个 GP 表达式,2-opt 后本轮最优 gap（%）,2.89166759063021
完整 AS,第二个 GP 表达式,构造路径较优七条平均 gap（%）,12.177803959991815
完整 AS,第二个 GP 表达式,2-opt 后较优七条平均 gap（%）,3.445701244577739
完整 AS,第二个 GP 表达式,同轮同来源内更新树输出的标准差,0.6231195966940383
完整 AS,第二个 GP 表达式,更新树输出饱和比例,0.99560668296875
完整 AS,第二个 GP 表达式,2-opt 平均改进（百分点）,11.712763368777857
完整 AS,第二个 GP 表达式,同一路径经 2-opt 后的边保留率,0.883046123515625
完整 AS,第二个 GP 表达式,每百轮改进全局最优的次数,0.3255
完整 AS,第二个 GP 表达式,信息素下界触发比例,0.0
完整 AS,第二个 GP 表达式,每百轮重启次数,0.0
完整 AS,第二个 GP 表达式,每轮硬上界裁剪次数,0.0
完整 AS,第三个 GP 表达式,实际强化路径的平均 gap（%）,4.276780537715493
完整 AS,第三个 GP 表达式,强化路径优于本轮最优路径的幅度（百分点）,-1.6515433702457665
完整 AS,第三个 GP 表达式,强化路径年龄（轮）,0.0
完整 AS,第三个 GP 表达式,用于历史来源的预算比例,0.0
完整 AS,第三个 GP 表达式,构造路径平均 gap（%）,15.411722346707352
完整 AS,第三个 GP 表达式,2-opt 后路径平均 gap（%）,4.284966164788713
完整 AS,第三个 GP 表达式,构造路径最优 gap（%）,8.951985822385202
完整 AS,第三个 GP 表达式,2-opt 后本轮最优 gap（%）,2.6252371674697264
完整 AS,第三个 GP 表达式,构造路径较优七条平均 gap（%）,11.058132725139203
完整 AS,第三个 GP 表达式,2-opt 后较优七条平均 gap（%）,3.1396476602724466
完整 AS,第三个 GP 表达式,同轮同来源内更新树输出的标准差,0.5826640483783581
完整 AS,第三个 GP 表达式,更新树输出饱和比例,0.9669144802343751
完整 AS,第三个 GP 表达式,2-opt 平均改进（百分点）,11.12675618744052
完整 AS,第三个 GP 表达式,同一路径经 2-opt 后的边保留率,0.8947296225
完整 AS,第三个 GP 表达式,每百轮改进全局最优的次数,0.35175
完整 AS,第三个 GP 表达式,信息素下界触发比例,0.0
完整 AS,第三个 GP 表达式,每百轮重启次数,0.0
完整 AS,第三个 GP 表达式,每轮硬上界裁剪次数,0.0
完整 AS,三个 GP 表达式均值,实际强化路径的平均 gap（%）,4.3708574012356225
完整 AS,三个 GP 表达式均值,强化路径优于本轮最优路径的幅度（百分点）,-1.6538150043646174
完整 AS,三个 GP 表达式均值,强化路径年龄（轮）,0.0
完整 AS,三个 GP 表达式均值,用于历史来源的预算比例,0.0
完整 AS,三个 GP 表达式均值,构造路径平均 gap（%）,15.443103944244063
完整 AS,三个 GP 表达式均值,2-opt 后路径平均 gap（%）,4.37901483940492
完整 AS,三个 GP 表达式均值,构造路径最优 gap（%）,9.102133208022455
完整 AS,三个 GP 表达式均值,2-opt 后本轮最优 gap（%）,2.717042396871004
完整 AS,三个 GP 表达式均值,构造路径较优七条平均 gap（%）,11.180861857983455
完整 AS,三个 GP 表达式均值,2-opt 后较优七条平均 gap（%）,3.2362408060648344
完整 AS,三个 GP 表达式均值,同轮同来源内更新树输出的标准差,0.5800861779704755
完整 AS,三个 GP 表达式均值,更新树输出饱和比例,0.9768550539322917
完整 AS,三个 GP 表达式均值,2-opt 平均改进（百分点）,11.0640891311652
完整 AS,三个 GP 表达式均值,同一路径经 2-opt 后的边保留率,0.8938029580208333
完整 AS,三个 GP 表达式均值,每百轮改进全局最优的次数,0.3403333333333333
完整 AS,三个 GP 表达式均值,信息素下界触发比例,0.0
完整 AS,三个 GP 表达式均值,每百轮重启次数,0.0
完整 AS,三个 GP 表达式均值,每轮硬上界裁剪次数,0.0
完整 MMAS,不使用 GP,强化来源与本轮最优路径的边重合率,0.97219657960199
完整 MMAS,不使用 GP,强化来源与历史全局最优路径的边重合率,0.9365234452736317
完整 MMAS,不使用 GP,与本轮最优路径完全相同的来源预算比例,0.8211753731343283
完整 MMAS,不使用 GP,与历史全局最优路径完全相同的来源预算比例,0.5791044776119403
完整 MMAS,不使用 GP,2-opt 后不同路径数量,21.468501243781095
完整 MMAS,不使用 GP,构造路径之间的边不一致率,0.0707523783551998
完整 MMAS,不使用 GP,2-opt 后路径之间的边不一致率,0.07851790743861337
完整 MMAS,不使用 GP,2-opt 后边频率的有效边数,547.1173660191013
完整 MMAS,不使用 GP,同来源同预算下 GP 沉积相对变化量,1.6336483876298065e-08
完整 MMAS,不使用 GP,总沉积的有效边数,500.0
完整 MMAS,不使用 GP,关闭构造树后的选择概率差,2.3563589412297992e-08
完整 MMAS,不使用 GP,关闭构造树后最大概率城市改变比例,0.0
完整 MMAS,不使用 GP,按可行城市数归一化的选择熵,0.07697828817787215
完整 MMAS,不使用 GP,候选耗尽后贪心回退比例,0.0030161691542288558
完整 MMAS,不使用 GP,同一来源内残差乘数的标准差,0.0
完整 MMAS,不使用 GP,历史来源且不同于本轮最优路径的预算比例,0.17882462686567163
完整 MMAS,第一个 GP 表达式,强化来源与本轮最优路径的边重合率,0.9814074626865672
完整 MMAS,第一个 GP 表达式,强化来源与历史全局最优路径的边重合率,0.9486337064676618
完整 MMAS,第一个 GP 表达式,与本轮最优路径完全相同的来源预算比例,0.8544154228855722
完整 MMAS,第一个 GP 表达式,与历史全局最优路径完全相同的来源预算比例,0.6066231343283582
完整 MMAS,第一个 GP 表达式,2-opt 后不同路径数量,20.426243781094527
完整 MMAS,第一个 GP 表达式,构造路径之间的边不一致率,0.04897732243520302
完整 MMAS,第一个 GP 表达式,2-opt 后路径之间的边不一致率,0.059707874689054724
完整 MMAS,第一个 GP 表达式,2-opt 后边频率的有效边数,534.405975659508
完整 MMAS,第一个 GP 表达式,同来源同预算下 GP 沉积相对变化量,0.020642992853049373
完整 MMAS,第一个 GP 表达式,总沉积的有效边数,497.4191890060283
完整 MMAS,第一个 GP 表达式,关闭构造树后的选择概率差,2.367215526215744e-08
完整 MMAS,第一个 GP 表达式,关闭构造树后最大概率城市改变比例,0.0
完整 MMAS,第一个 GP 表达式,按可行城市数归一化的选择熵,0.06676362269206594
完整 MMAS,第一个 GP 表达式,候选耗尽后贪心回退比例,0.0020638992537313433
完整 MMAS,第一个 GP 表达式,同一来源内残差乘数的标准差,0.044839924391979834
完整 MMAS,第一个 GP 表达式,历史来源且不同于本轮最优路径的预算比例,0.14558457711442785
完整 MMAS,第二个 GP 表达式,强化来源与本轮最优路径的边重合率,0.985497947761194
完整 MMAS,第二个 GP 表达式,强化来源与历史全局最优路径的边重合率,0.9522550373134329
完整 MMAS,第二个 GP 表达式,与本轮最优路径完全相同的来源预算比例,0.8769278606965174
完整 MMAS,第二个 GP 表达式,与历史全局最优路径完全相同的来源预算比例,0.6262437810945274
完整 MMAS,第二个 GP 表达式,2-opt 后不同路径数量,15.121548507462686
完整 MMAS,第二个 GP 表达式,构造路径之间的边不一致率,0.033677930909966305
完整 MMAS,第二个 GP 表达式,2-opt 后路径之间的边不一致率,0.04181750534123736
完整 MMAS,第二个 GP 表达式,2-opt 后边频率的有效边数,524.1528709217544
完整 MMAS,第二个 GP 表达式,同来源同预算下 GP 沉积相对变化量,0.012733486927094601
完整 MMAS,第二个 GP 表达式,总沉积的有效边数,498.6845045960459
完整 MMAS,第二个 GP 表达式,关闭构造树后的选择概率差,0.003294796185156612
完整 MMAS,第二个 GP 表达式,关闭构造树后最大概率城市改变比例,0.0
完整 MMAS,第二个 GP 表达式,按可行城市数归一化的选择熵,0.057381626609795934
完整 MMAS,第二个 GP 表达式,候选耗尽后贪心回退比例,0.001566386815920398
完整 MMAS,第二个 GP 表达式,同一来源内残差乘数的标准差,0.03162380588632727
完整 MMAS,第二个 GP 表达式,历史来源且不同于本轮最优路径的预算比例,0.12307213930348258
完整 MMAS,第三个 GP 表达式,强化来源与本轮最优路径的边重合率,0.980957276119403
完整 MMAS,第三个 GP 表达式,强化来源与历史全局最优路径的边重合率,0.9480003109452736
完整 MMAS,第三个 GP 表达式,与本轮最优路径完全相同的来源预算比例,0.852705223880597
完整 MMAS,第三个 GP 表达式,与历史全局最优路径完全相同的来源预算比例,0.6069340796019901
完整 MMAS,第三个 GP 表达式,2-opt 后不同路径数量,20.54900497512438
完整 MMAS,第三个 GP 表达式,构造路径之间的边不一致率,0.05067925781876906
完整 MMAS,第三个 GP 表达式,2-opt 后路径之间的边不一致率,0.06137340339632483
完整 MMAS,第三个 GP 表达式,2-opt 后边频率的有效边数,535.4851535532408
完整 MMAS,第三个 GP 表达式,同来源同预算下 GP 沉积相对变化量,0.022163318928304223
完整 MMAS,第三个 GP 表达式,总沉积的有效边数,497.6692488819012
完整 MMAS,第三个 GP 表达式,关闭构造树后的选择概率差,2.3663060703688874e-08
完整 MMAS,第三个 GP 表达式,关闭构造树后最大概率城市改变比例,0.0
完整 MMAS,第三个 GP 表达式,按可行城市数归一化的选择熵,0.06762911223180731
完整 MMAS,第三个 GP 表达式,候选耗尽后贪心回退比例,0.0021746735074626867
完整 MMAS,第三个 GP 表达式,同一来源内残差乘数的标准差,0.045116929342013175
完整 MMAS,第三个 GP 表达式,历史来源且不同于本轮最优路径的预算比例,0.14729477611940298
完整 MMAS,三个 GP 表达式均值,强化来源与本轮最优路径的边重合率,0.9826208955223881
完整 MMAS,三个 GP 表达式均值,强化来源与历史全局最优路径的边重合率,0.9496296849087894
完整 MMAS,三个 GP 表达式均值,与本轮最优路径完全相同的来源预算比例,0.8613495024875621
完整 MMAS,三个 GP 表达式均值,与历史全局最优路径完全相同的来源预算比例,0.6132669983416251
完整 MMAS,三个 GP 表达式均值,2-opt 后不同路径数量,18.698932421227195
完整 MMAS,三个 GP 表达式均值,构造路径之间的边不一致率,0.044444837054646115
完整 MMAS,三个 GP 表达式均值,2-opt 后路径之间的边不一致率,0.05429959447553897
完整 MMAS,三个 GP 表达式均值,2-opt 后边频率的有效边数,531.3480000448344
完整 MMAS,三个 GP 表达式均值,同来源同预算下 GP 沉积相对变化量,0.0185132662361494
完整 MMAS,三个 GP 表达式均值,总沉积的有效边数,497.92431416132507
完整 MMAS,三个 GP 表达式均值,关闭构造树后的选择概率差,0.0010982811734575261
完整 MMAS,三个 GP 表达式均值,关闭构造树后最大概率城市改变比例,0.0
完整 MMAS,三个 GP 表达式均值,按可行城市数归一化的选择熵,0.06392478717788973
完整 MMAS,三个 GP 表达式均值,候选耗尽后贪心回退比例,0.0019349865257048092
完整 MMAS,三个 GP 表达式均值,同一来源内残差乘数的标准差,0.04052688654010676
完整 MMAS,三个 GP 表达式均值,历史来源且不同于本轮最优路径的预算比例,0.1386504975124378
仅关闭历史路径强化,不使用 GP,强化来源与本轮最优路径的边重合率,1.0
仅关闭历史路径强化,不使用 GP,强化来源与历史全局最优路径的边重合率,0.8614781094527363
仅关闭历史路径强化,不使用 GP,与本轮最优路径完全相同的来源预算比例,1.0
仅关闭历史路径强化,不使用 GP,与历史全局最优路径完全相同的来源预算比例,0.10911069651741294
仅关闭历史路径强化,不使用 GP,2-opt 后不同路径数量,27.72462686567164
仅关闭历史路径强化,不使用 GP,构造路径之间的边不一致率,0.1692961605781576
仅关闭历史路径强化,不使用 GP,2-opt 后路径之间的边不一致率,0.17037462022047023
仅关闭历史路径强化,不使用 GP,2-opt 后边频率的有效边数,606.4864269706494
仅关闭历史路径强化,不使用 GP,同来源同预算下 GP 沉积相对变化量,1.6353747748734765e-08
仅关闭历史路径强化,不使用 GP,总沉积的有效边数,500.0
仅关闭历史路径强化,不使用 GP,关闭构造树后的选择概率差,2.330797736750205e-08
仅关闭历史路径强化,不使用 GP,关闭构造树后最大概率城市改变比例,0.0
仅关闭历史路径强化,不使用 GP,按可行城市数归一化的选择熵,0.11919213164595618
仅关闭历史路径强化,不使用 GP,候选耗尽后贪心回退比例,0.007894123134328359
仅关闭历史路径强化,不使用 GP,同一来源内残差乘数的标准差,0.0
仅关闭历史路径强化,不使用 GP,历史来源且不同于本轮最优路径的预算比例,0.0
仅关闭历史路径强化,第一个 GP 表达式,强化来源与本轮最优路径的边重合率,1.0
仅关闭历史路径强化,第一个 GP 表达式,强化来源与历史全局最优路径的边重合率,0.9123605721393035
仅关闭历史路径强化,第一个 GP 表达式,与本轮最优路径完全相同的来源预算比例,1.0
仅关闭历史路径强化,第一个 GP 表达式,与历史全局最优路径完全相同的来源预算比例,0.14073383084577115
仅关闭历史路径强化,第一个 GP 表达式,2-opt 后不同路径数量,20.861256218905474
仅关闭历史路径强化,第一个 GP 表达式,构造路径之间的边不一致率,0.051448917835219064
仅关闭历史路径强化,第一个 GP 表达式,2-opt 后路径之间的边不一致率,0.062310263074747234
仅关闭历史路径强化,第一个 GP 表达式,2-opt 后边频率的有效边数,535.8495575663187
仅关闭历史路径强化,第一个 GP 表达式,同来源同预算下 GP 沉积相对变化量,0.022954899100656574
仅关闭历史路径强化,第一个 GP 表达式,总沉积的有效边数,497.12348933546
仅关闭历史路径强化,第一个 GP 表达式,关闭构造树后的选择概率差,2.3631350616125708e-08
仅关闭历史路径强化,第一个 GP 表达式,关闭构造树后最大概率城市改变比例,0.0
仅关闭历史路径强化,第一个 GP 表达式,按可行城市数归一化的选择熵,0.0675222636504652
仅关闭历史路径强化,第一个 GP 表达式,候选耗尽后贪心回退比例,0.002353467039800995
仅关闭历史路径强化,第一个 GP 表达式,同一来源内残差乘数的标准差,0.04932524847454535
仅关闭历史路径强化,第一个 GP 表达式,历史来源且不同于本轮最优路径的预算比例,0.0
仅关闭历史路径强化,第二个 GP 表达式,强化来源与本轮最优路径的边重合率,1.0
仅关闭历史路径强化,第二个 GP 表达式,强化来源与历史全局最优路径的边重合率,0.9150549129353234
仅关闭历史路径强化,第二个 GP 表达式,与本轮最优路径完全相同的来源预算比例,1.0
仅关闭历史路径强化,第二个 GP 表达式,与历史全局最优路径完全相同的来源预算比例,0.1664179104477612
仅关闭历史路径强化,第二个 GP 表达式,2-opt 后不同路径数量,15.17431592039801
仅关闭历史路径强化,第二个 GP 表达式,构造路径之间的边不一致率,0.03327114916847215
仅关闭历史路径强化,第二个 GP 表达式,2-opt 后路径之间的边不一致率,0.041330555137618366
仅关闭历史路径强化,第二个 GP 表达式,2-opt 后边频率的有效边数,523.7978902090491
仅关闭历史路径强化,第二个 GP 表达式,同来源同预算下 GP 沉积相对变化量,0.012549539524528664
仅关闭历史路径强化,第二个 GP 表达式,总沉积的有效边数,498.6429930589027
仅关闭历史路径强化,第二个 GP 表达式,关闭构造树后的选择概率差,0.003260292573304756
仅关闭历史路径强化,第二个 GP 表达式,关闭构造树后最大概率城市改变比例,0.0
仅关闭历史路径强化,第二个 GP 表达式,按可行城市数归一化的选择熵,0.05726190247948631
仅关闭历史路径强化,第二个 GP 表达式,候选耗尽后贪心回退比例,0.001566386815920398
仅关闭历史路径强化,第二个 GP 表达式,同一来源内残差乘数的标准差,0.03175481835472929
仅关闭历史路径强化,第二个 GP 表达式,历史来源且不同于本轮最优路径的预算比例,0.0
仅关闭历史路径强化,第三个 GP 表达式,强化来源与本轮最优路径的边重合率,1.0
仅关闭历史路径强化,第三个 GP 表达式,强化来源与历史全局最优路径的边重合率,0.9152301616915423
仅关闭历史路径强化,第三个 GP 表达式,与本轮最优路径完全相同的来源预算比例,1.0
仅关闭历史路径强化,第三个 GP 表达式,与历史全局最优路径完全相同的来源预算比例,0.15230099502487562
仅关闭历史路径强化,第三个 GP 表达式,2-opt 后不同路径数量,21.072170398009952
仅关闭历史路径强化,第三个 GP 表达式,构造路径之间的边不一致率,0.0546822296029931
仅关闭历史路径强化,第三个 GP 表达式,2-opt 后路径之间的边不一致率,0.0654145509849944
仅关闭历史路径强化,第三个 GP 表达式,2-opt 后边频率的有效边数,537.7979472298495
仅关闭历史路径强化,第三个 GP 表达式,同来源同预算下 GP 沉积相对变化量,0.02521019283546049
仅关闭历史路径强化,第三个 GP 表达式,总沉积的有效边数,497.29518817248504
仅关闭历史路径强化,第三个 GP 表达式,关闭构造树后的选择概率差,2.3593113142737e-08
仅关闭历史路径强化,第三个 GP 表达式,关闭构造树后最大概率城市改变比例,0.0
仅关闭历史路径强化,第三个 GP 表达式,按可行城市数归一化的选择熵,0.06921138657720384
仅关闭历史路径强化,第三个 GP 表达式,候选耗尽后贪心回退比例,0.002326259328358209
仅关闭历史路径强化,第三个 GP 表达式,同一来源内残差乘数的标准差,0.051017720744059906
仅关闭历史路径强化,第三个 GP 表达式,历史来源且不同于本轮最优路径的预算比例,0.0
仅关闭历史路径强化,三个 GP 表达式均值,强化来源与本轮最优路径的边重合率,1.0
仅关闭历史路径强化,三个 GP 表达式均值,强化来源与历史全局最优路径的边重合率,0.9142152155887231
仅关闭历史路径强化,三个 GP 表达式均值,与本轮最优路径完全相同的来源预算比例,1.0
仅关闭历史路径强化,三个 GP 表达式均值,与历史全局最优路径完全相同的来源预算比例,0.153150912106136
仅关闭历史路径强化,三个 GP 表达式均值,2-opt 后不同路径数量,19.035914179104477
仅关闭历史路径强化,三个 GP 表达式均值,构造路径之间的边不一致率,0.04646743220222811
仅关闭历史路径强化,三个 GP 表达式均值,2-opt 后路径之间的边不一致率,0.056351789732453327
仅关闭历史路径强化,三个 GP 表达式均值,2-opt 后边频率的有效边数,532.4817983350724
仅关闭历史路径强化,三个 GP 表达式均值,同来源同预算下 GP 沉积相对变化量,0.02023821048688191
仅关闭历史路径强化,三个 GP 表达式均值,总沉积的有效边数,497.68722352228264
仅关闭历史路径强化,三个 GP 表达式均值,关闭构造树后的选择概率差,0.0010867799325895051
仅关闭历史路径强化,三个 GP 表达式均值,关闭构造树后最大概率城市改变比例,0.0
仅关闭历史路径强化,三个 GP 表达式均值,按可行城市数归一化的选择熵,0.06466518423571845
仅关闭历史路径强化,三个 GP 表达式均值,候选耗尽后贪心回退比例,0.0020820377280265333
仅关闭历史路径强化,三个 GP 表达式均值,同一来源内残差乘数的标准差,0.04403259585777819
仅关闭历史路径强化,三个 GP 表达式均值,历史来源且不同于本轮最优路径的预算比例,0.0
仅关闭信息素下界保护,不使用 GP,强化来源与本轮最优路径的边重合率,0.9698133706467663
仅关闭信息素下界保护,不使用 GP,强化来源与历史全局最优路径的边重合率,0.9374089552238806
仅关闭信息素下界保护,不使用 GP,与本轮最优路径完全相同的来源预算比例,0.8217661691542288
仅关闭信息素下界保护,不使用 GP,与历史全局最优路径完全相同的来源预算比例,0.5928793532338309
仅关闭信息素下界保护,不使用 GP,2-opt 后不同路径数量,11.751150497512437
仅关闭信息素下界保护,不使用 GP,构造路径之间的边不一致率,0.06152908328819612
仅关闭信息素下界保护,不使用 GP,2-opt 后路径之间的边不一致率,0.06302651247291768
仅关闭信息素下界保护,不使用 GP,2-opt 后边频率的有效边数,539.6382819529075
仅关闭信息素下界保护,不使用 GP,同来源同预算下 GP 沉积相对变化量,1.6382428661409632e-08
仅关闭信息素下界保护,不使用 GP,总沉积的有效边数,500.0
仅关闭信息素下界保护,不使用 GP,关闭构造树后的选择概率差,1.1962636809924024e-08
仅关闭信息素下界保护,不使用 GP,关闭构造树后最大概率城市改变比例,0.0
仅关闭信息素下界保护,不使用 GP,按可行城市数归一化的选择熵,0.06933331249190967
仅关闭信息素下界保护,不使用 GP,候选耗尽后贪心回退比例,0.002751865671641791
仅关闭信息素下界保护,不使用 GP,同一来源内残差乘数的标准差,0.0
仅关闭信息素下界保护,不使用 GP,历史来源且不同于本轮最优路径的预算比例,0.17823383084577116
仅关闭信息素下界保护,第一个 GP 表达式,强化来源与本轮最优路径的边重合率,0.9809498134328359
仅关闭信息素下界保护,第一个 GP 表达式,强化来源与历史全局最优路径的边重合率,0.9469011815920397
仅关闭信息素下界保护,第一个 GP 表达式,与本轮最优路径完全相同的来源预算比例,0.8666044776119403
仅关闭信息素下界保护,第一个 GP 表达式,与历史全局最优路径完全相同的来源预算比例,0.5894589552238806
仅关闭信息素下界保护,第一个 GP 表达式,2-opt 后不同路径数量,9.371455223880597
仅关闭信息素下界保护,第一个 GP 表达式,构造路径之间的边不一致率,0.0367596337867116
仅关闭信息素下界保护,第一个 GP 表达式,2-opt 后路径之间的边不一致率,0.04053631101047182
仅关闭信息素下界保护,第一个 GP 表达式,2-opt 后边频率的有效边数,524.831418467291
仅关闭信息素下界保护,第一个 GP 表达式,同来源同预算下 GP 沉积相对变化量,0.02016420007081924
仅关闭信息素下界保护,第一个 GP 表达式,总沉积的有效边数,497.4250379526955
仅关闭信息素下界保护,第一个 GP 表达式,关闭构造树后的选择概率差,1.1391646291418003e-08
仅关闭信息素下界保护,第一个 GP 表达式,关闭构造树后最大概率城市改变比例,0.0
仅关闭信息素下界保护,第一个 GP 表达式,按可行城市数归一化的选择熵,0.05835558049147021
仅关闭信息素下界保护,第一个 GP 表达式,候选耗尽后贪心回退比例,0.0017335199004975125
仅关闭信息素下界保护,第一个 GP 表达式,同一来源内残差乘数的标准差,0.04090328949773973
仅关闭信息素下界保护,第一个 GP 表达式,历史来源且不同于本轮最优路径的预算比例,0.1333955223880597
仅关闭信息素下界保护,第二个 GP 表达式,强化来源与本轮最优路径的边重合率,0.9855849502487564
仅关闭信息素下界保护,第二个 GP 表达式,强化来源与历史全局最优路径的边重合率,0.948101803482587
仅关闭信息素下界保护,第二个 GP 表达式,与本轮最优路径完全相同的来源预算比例,0.8862251243781094
仅关闭信息素下界保护,第二个 GP 表达式,与历史全局最优路径完全相同的来源预算比例,0.6001554726368159
仅关闭信息素下界保护,第二个 GP 表达式,2-opt 后不同路径数量,7.921952736318408
仅关闭信息素下界保护,第二个 GP 表达式,构造路径之间的边不一致率,0.02679539901299952
仅关闭信息素下界保护,第二个 GP 表达式,2-opt 后路径之间的边不一致率,0.031413803587907234
仅关闭信息素下界保护,第二个 GP 表达式,2-opt 后边频率的有效边数,519.048933463784
仅关闭信息素下界保护,第二个 GP 表达式,同来源同预算下 GP 沉积相对变化量,0.012562730195166528
仅关闭信息素下界保护,第二个 GP 表达式,总沉积的有效边数,498.7014014296743
仅关闭信息素下界保护,第二个 GP 表达式,关闭构造树后的选择概率差,0.0025162627409586547
仅关闭信息素下界保护,第二个 GP 表达式,关闭构造树后最大概率城市改变比例,0.0
仅关闭信息素下界保护,第二个 GP 表达式,按可行城市数归一化的选择熵,0.05270218495988886
仅关闭信息素下界保护,第二个 GP 表达式,候选耗尽后贪心回退比例,0.0013098569651741293
仅关闭信息素下界保护,第二个 GP 表达式,同一来源内残差乘数的标准差,0.02925804514745873
仅关闭信息素下界保护,第二个 GP 表达式,历史来源且不同于本轮最优路径的预算比例,0.11377487562189055
仅关闭信息素下界保护,第三个 GP 表达式,强化来源与本轮最优路径的边重合率,0.9800692786069651
仅关闭信息素下界保护,第三个 GP 表达式,强化来源与历史全局最优路径的边重合率,0.9468699004975123
仅关闭信息素下界保护,第三个 GP 表达式,与本轮最优路径完全相同的来源预算比例,0.8633084577114428
仅关闭信息素下界保护,第三个 GP 表达式,与历史全局最优路径完全相同的来源预算比例,0.5947450248756219
仅关闭信息素下界保护,第三个 GP 表达式,2-opt 后不同路径数量,9.506187810945274
仅关闭信息素下界保护,第三个 GP 表达式,构造路径之间的边不一致率,0.03850774278807575
仅关闭信息素下界保护,第三个 GP 表达式,2-opt 后路径之间的边不一致率,0.042163344818247475
仅关闭信息素下界保护,第三个 GP 表达式,2-opt 后边频率的有效边数,525.8964558581858
仅关闭信息素下界保护,第三个 GP 表达式,同来源同预算下 GP 沉积相对变化量,0.019878502806933627
仅关闭信息素下界保护,第三个 GP 表达式,总沉积的有效边数,497.68609333943726
仅关闭信息素下界保护,第三个 GP 表达式,关闭构造树后的选择概率差,1.1471705475933645e-08
仅关闭信息素下界保护,第三个 GP 表达式,关闭构造树后最大概率城市改变比例,0.0
仅关闭信息素下界保护,第三个 GP 表达式,按可行城市数归一化的选择熵,0.05939970947925953
仅关闭信息素下界保护,第三个 GP 表达式,候选耗尽后贪心回退比例,0.0018695584577114429
仅关闭信息素下界保护,第三个 GP 表达式,同一来源内残差乘数的标准差,0.03886522107279882
仅关闭信息素下界保护,第三个 GP 表达式,历史来源且不同于本轮最优路径的预算比例,0.1366915422885572
仅关闭信息素下界保护,三个 GP 表达式均值,强化来源与本轮最优路径的边重合率,0.9822013474295191
仅关闭信息素下界保护,三个 GP 表达式均值,强化来源与历史全局最优路径的边重合率,0.9472909618573799
仅关闭信息素下界保护,三个 GP 表达式均值,与本轮最优路径完全相同的来源预算比例,0.8720460199004975
仅关闭信息素下界保护,三个 GP 表达式均值,与历史全局最优路径完全相同的来源预算比例,0.5947864842454395
仅关闭信息素下界保护,三个 GP 表达式均值,2-opt 后不同路径数量,8.933198590381426
仅关闭信息素下界保护,三个 GP 表达式均值,构造路径之间的边不一致率,0.034020925195928954
仅关闭信息素下界保护,三个 GP 表达式均值,2-opt 后路径之间的边不一致率,0.03803781980554219
仅关闭信息素下界保护,三个 GP 表达式均值,2-opt 后边频率的有效边数,523.2589359297536
仅关闭信息素下界保护,三个 GP 表达式均值,同来源同预算下 GP 沉积相对变化量,0.017535144357639795
仅关闭信息素下界保护,三个 GP 表达式均值,总沉积的有效边数,497.93751090726903
仅关闭信息素下界保护,三个 GP 表达式均值,关闭构造树后的选择概率差,0.000838761868103474
仅关闭信息素下界保护,三个 GP 表达式均值,关闭构造树后最大概率城市改变比例,0.0
仅关闭信息素下界保护,三个 GP 表达式均值,按可行城市数归一化的选择熵,0.056819158310206196
仅关闭信息素下界保护,三个 GP 表达式均值,候选耗尽后贪心回退比例,0.0016376451077943614
仅关闭信息素下界保护,三个 GP 表达式均值,同一来源内残差乘数的标准差,0.036342185239332435
仅关闭信息素下界保护,三个 GP 表达式均值,历史来源且不同于本轮最优路径的预算比例,0.12795398009950248
关闭下界保护与历史路径强化,不使用 GP,强化来源与本轮最优路径的边重合率,1.0
关闭下界保护与历史路径强化,不使用 GP,强化来源与历史全局最优路径的边重合率,0.8758699004975126
关闭下界保护与历史路径强化,不使用 GP,与本轮最优路径完全相同的来源预算比例,1.0
关闭下界保护与历史路径强化,不使用 GP,与历史全局最优路径完全相同的来源预算比例,0.1474191542288557
关闭下界保护与历史路径强化,不使用 GP,2-opt 后不同路径数量,21.451212686567164
关闭下界保护与历史路径强化,不使用 GP,构造路径之间的边不一致率,0.13513805631620124
关闭下界保护与历史路径强化,不使用 GP,2-opt 后路径之间的边不一致率,0.13592752329581928
关闭下界保护与历史路径强化,不使用 GP,2-opt 后边频率的有效边数,584.7383229533555
关闭下界保护与历史路径强化,不使用 GP,同来源同预算下 GP 沉积相对变化量,1.6000176225707077e-08
关闭下界保护与历史路径强化,不使用 GP,总沉积的有效边数,500.0
关闭下界保护与历史路径强化,不使用 GP,关闭构造树后的选择概率差,1.3832950442236623e-08
关闭下界保护与历史路径强化,不使用 GP,关闭构造树后最大概率城市改变比例,0.0
关闭下界保护与历史路径强化,不使用 GP,按可行城市数归一化的选择熵,0.09819372222789542
关闭下界保护与历史路径强化,不使用 GP,候选耗尽后贪心回退比例,0.006325792910447761
关闭下界保护与历史路径强化,不使用 GP,同一来源内残差乘数的标准差,0.0
关闭下界保护与历史路径强化,不使用 GP,历史来源且不同于本轮最优路径的预算比例,0.0
关闭下界保护与历史路径强化,第一个 GP 表达式,强化来源与本轮最优路径的边重合率,1.0
关闭下界保护与历史路径强化,第一个 GP 表达式,强化来源与历史全局最优路径的边重合率,0.901442972636816
关闭下界保护与历史路径强化,第一个 GP 表达式,与本轮最优路径完全相同的来源预算比例,1.0
关闭下界保护与历史路径强化,第一个 GP 表达式,与历史全局最优路径完全相同的来源预算比例,0.17994402985074626
关闭下界保护与历史路径强化,第一个 GP 表达式,2-opt 后不同路径数量,11.629508706467663
关闭下界保护与历史路径强化,第一个 GP 表达式,构造路径之间的边不一致率,0.04832169445113144
关闭下界保护与历史路径强化,第一个 GP 表达式,2-opt 后路径之间的边不一致率,0.05353605134609212
关闭下界保护与历史路径强化,第一个 GP 表达式,2-opt 后边频率的有效边数,532.6567946187619
关闭下界保护与历史路径强化,第一个 GP 表达式,同来源同预算下 GP 沉积相对变化量,0.028132445450091095
关闭下界保护与历史路径强化,第一个 GP 表达式,总沉积的有效边数,496.4062466863108
关闭下界保护与历史路径强化,第一个 GP 表达式,关闭构造树后的选择概率差,1.2077358515529715e-08
关闭下界保护与历史路径强化,第一个 GP 表达式,关闭构造树后最大概率城市改变比例,0.0
关闭下界保护与历史路径强化,第一个 GP 表达式,按可行城市数归一化的选择熵,0.06277983169010849
关闭下界保护与历史路径强化,第一个 GP 表达式,候选耗尽后贪心回退比例,0.00246035447761194
关闭下界保护与历史路径强化,第一个 GP 表达式,同一来源内残差乘数的标准差,0.05621588076089097
关闭下界保护与历史路径强化,第一个 GP 表达式,历史来源且不同于本轮最优路径的预算比例,0.0
关闭下界保护与历史路径强化,第二个 GP 表达式,强化来源与本轮最优路径的边重合率,1.0
关闭下界保护与历史路径强化,第二个 GP 表达式,强化来源与历史全局最优路径的边重合率,0.8979677860696517
关闭下界保护与历史路径强化,第二个 GP 表达式,与本轮最优路径完全相同的来源预算比例,1.0
关闭下界保护与历史路径强化,第二个 GP 表达式,与历史全局最优路径完全相同的来源预算比例,0.18722014925373134
关闭下界保护与历史路径强化,第二个 GP 表达式,2-opt 后不同路径数量,10.023476368159203
关闭下界保护与历史路径强化,第二个 GP 表达式,构造路径之间的边不一致率,0.03666566399354036
关闭下界保护与历史路径强化,第二个 GP 表达式,2-opt 后路径之间的边不一致率,0.043136624337987484
关闭下界保护与历史路径强化,第二个 GP 表达式,2-opt 后边频率的有效边数,526.1287396795136
关闭下界保护与历史路径强化,第二个 GP 表达式,同来源同预算下 GP 沉积相对变化量,0.017068936142539615
关闭下界保护与历史路径强化,第二个 GP 表达式,总沉积的有效边数,498.13387476753127
关闭下界保护与历史路径强化,第二个 GP 表达式,关闭构造树后的选择概率差,0.0028043451640126548
关闭下界保护与历史路径强化,第二个 GP 表达式,关闭构造树后最大概率城市改变比例,0.0
关闭下界保护与历史路径强化,第二个 GP 表达式,按可行城市数归一化的选择熵,0.05626344150791976
关闭下界保护与历史路径强化,第二个 GP 表达式,候选耗尽后贪心回退比例,0.001970615671641791
关闭下界保护与历史路径强化,第二个 GP 表达式,同一来源内残差乘数的标准差,0.03961163249998046
关闭下界保护与历史路径强化,第二个 GP 表达式,历史来源且不同于本轮最优路径的预算比例,0.0
关闭下界保护与历史路径强化,第三个 GP 表达式,强化来源与本轮最优路径的边重合率,1.0
关闭下界保护与历史路径强化,第三个 GP 表达式,强化来源与历史全局最优路径的边重合率,0.9031394900497512
关闭下界保护与历史路径强化,第三个 GP 表达式,与本轮最优路径完全相同的来源预算比例,1.0
关闭下界保护与历史路径强化,第三个 GP 表达式,与历史全局最优路径完全相同的来源预算比例,0.18174751243781095
关闭下界保护与历史路径强化,第三个 GP 表达式,2-opt 后不同路径数量,12.173414179104478
关闭下界保护与历史路径强化,第三个 GP 表达式,构造路径之间的边不一致率,0.052224195679866796
关闭下界保护与历史路径强化,第三个 GP 表达式,2-opt 后路径之间的边不一致率,0.05754332006800675
关闭下界保护与历史路径强化,第三个 GP 表达式,2-opt 后边频率的有效边数,535.1221092765963
关闭下界保护与历史路径强化,第三个 GP 表达式,同来源同预算下 GP 沉积相对变化量,0.02837590659858599
关闭下界保护与历史路径强化,第三个 GP 表达式,总沉积的有效边数,496.6625980152853
关闭下界保护与历史路径强化,第三个 GP 表达式,关闭构造树后的选择概率差,1.2155131546894294e-08
关闭下界保护与历史路径强化,第三个 GP 表达式,关闭构造树后最大概率城市改变比例,0.0
关闭下界保护与历史路径强化,第三个 GP 表达式,按可行城市数归一化的选择熵,0.0645393381616575
关闭下界保护与历史路径强化,第三个 GP 表达式,候选耗尽后贪心回退比例,0.0025478078358208956
关闭下界保护与历史路径强化,第三个 GP 表达式,同一来源内残差乘数的标准差,0.05482712785535982
关闭下界保护与历史路径强化,第三个 GP 表达式,历史来源且不同于本轮最优路径的预算比例,0.0
关闭下界保护与历史路径强化,三个 GP 表达式均值,强化来源与本轮最优路径的边重合率,1.0
关闭下界保护与历史路径强化,三个 GP 表达式均值,强化来源与历史全局最优路径的边重合率,0.9008500829187396
关闭下界保护与历史路径强化,三个 GP 表达式均值,与本轮最优路径完全相同的来源预算比例,1.0
关闭下界保护与历史路径强化,三个 GP 表达式均值,与历史全局最优路径完全相同的来源预算比例,0.18297056384742955
关闭下界保护与历史路径强化,三个 GP 表达式均值,2-opt 后不同路径数量,11.275466417910447
关闭下界保护与历史路径强化,三个 GP 表达式均值,构造路径之间的边不一致率,0.045737184708179536
关闭下界保护与历史路径强化,三个 GP 表达式均值,2-opt 后路径之间的边不一致率,0.051405331917362115
关闭下界保护与历史路径强化,三个 GP 表达式均值,2-opt 后边频率的有效边数,531.3025478582906
关闭下界保护与历史路径强化,三个 GP 表达式均值,同来源同预算下 GP 沉积相对变化量,0.024525762730405562
关闭下界保护与历史路径强化,三个 GP 表达式均值,总沉积的有效边数,497.06757315637583
关闭下界保护与历史路径强化,三个 GP 表达式均值,关闭构造树后的选择概率差,0.000934789798834239
关闭下界保护与历史路径强化,三个 GP 表达式均值,关闭构造树后最大概率城市改变比例,0.0
关闭下界保护与历史路径强化,三个 GP 表达式均值,按可行城市数归一化的选择熵,0.06119420378656192
关闭下界保护与历史路径强化,三个 GP 表达式均值,候选耗尽后贪心回退比例,0.002326259328358209
关闭下界保护与历史路径强化,三个 GP 表达式均值,同一来源内残差乘数的标准差,0.050218213705410415
关闭下界保护与历史路径强化,三个 GP 表达式均值,历史来源且不同于本轮最优路径的预算比例,0.0
仅关闭重启,不使用 GP,强化来源与本轮最优路径的边重合率,0.9967503731343285
仅关闭重启,不使用 GP,强化来源与历史全局最优路径的边重合率,0.9986611940298507
仅关闭重启,不使用 GP,与本轮最优路径完全相同的来源预算比例,0.9794465174129353
仅关闭重启,不使用 GP,与历史全局最优路径完全相同的来源预算比例,0.9872823383084577
仅关闭重启,不使用 GP,2-opt 后不同路径数量,16.40009328358209
仅关闭重启,不使用 GP,构造路径之间的边不一致率,0.025274324070173326
仅关闭重启,不使用 GP,2-opt 后路径之间的边不一致率,0.031425152338107845
仅关闭重启,不使用 GP,2-opt 后边频率的有效边数,517.1123858146867
仅关闭重启,不使用 GP,同来源同预算下 GP 沉积相对变化量,1.618043928760035e-08
仅关闭重启,不使用 GP,总沉积的有效边数,500.0
仅关闭重启,不使用 GP,关闭构造树后的选择概率差,2.368155052608865e-08
仅关闭重启,不使用 GP,关闭构造树后最大概率城市改变比例,0.0
仅关闭重启,不使用 GP,按可行城市数归一化的选择熵,0.05714085472966365
仅关闭重启,不使用 GP,候选耗尽后贪心回退比例,0.0008065143034825871
仅关闭重启,不使用 GP,同一来源内残差乘数的标准差,0.0
仅关闭重启,不使用 GP,历史来源且不同于本轮最优路径的预算比例,0.020553482587064676
仅关闭重启,第一个 GP 表达式,强化来源与本轮最优路径的边重合率,0.9978835820895523
仅关闭重启,第一个 GP 表达式,强化来源与历史全局最优路径的边重合率,0.999639552238806
仅关闭重启,第一个 GP 表达式,与本轮最优路径完全相同的来源预算比例,0.9837686567164179
仅关闭重启,第一个 GP 表达式,与历史全局最优路径完全相同的来源预算比例,0.9923818407960199
仅关闭重启,第一个 GP 表达式,2-opt 后不同路径数量,16.36610696517413
仅关闭重启,第一个 GP 表达式,构造路径之间的边不一致率,0.022172449621850426
仅关闭重启,第一个 GP 表达式,2-opt 后路径之间的边不一致率,0.028994991022709034
仅关闭重启,第一个 GP 表达式,2-opt 后边频率的有效边数,515.4164774369943
仅关闭重启,第一个 GP 表达式,同来源同预算下 GP 沉积相对变化量,0.004176065801675287
仅关闭重启,第一个 GP 表达式,总沉积的有效边数,499.53480582533666
仅关闭重启,第一个 GP 表达式,关闭构造树后的选择概率差,2.3687426615540863e-08
仅关闭重启,第一个 GP 表达式,关闭构造树后最大概率城市改变比例,0.0
仅关闭重启,第一个 GP 表达式,按可行城市数归一化的选择熵,0.055630057877538025
仅关闭重启,第一个 GP 表达式,候选耗尽后贪心回退比例,0.0006665889303482587
仅关闭重启,第一个 GP 表达式,同一来源内残差乘数的标准差,0.008014390056444168
仅关闭重启,第一个 GP 表达式,历史来源且不同于本轮最优路径的预算比例,0.01623134328358209
仅关闭重启,第二个 GP 表达式,强化来源与本轮最优路径的边重合率,0.9983825248756217
仅关闭重启,第二个 GP 表达式,强化来源与历史全局最优路径的边重合率,0.9999243781094528
仅关闭重启,第二个 GP 表达式,与本轮最优路径完全相同的来源预算比例,0.9862562189054727
仅关闭重启,第二个 GP 表达式,与历史全局最优路径完全相同的来源预算比例,0.9965796019900498
仅关闭重启,第二个 GP 表达式,2-opt 后不同路径数量,10.789552238805971
仅关闭重启,第二个 GP 表达式,构造路径之间的边不一致率,0.014051626945915583
仅关闭重启,第二个 GP 表达式,2-opt 后路径之间的边不一致率,0.017239957972235598
仅关闭重启,第二个 GP 表达式,2-opt 后边频率的有效边数,509.315789317686
仅关闭重启,第二个 GP 表达式,同来源同预算下 GP 沉积相对变化量,0.002308918951541475
仅关闭重启,第二个 GP 表达式,总沉积的有效边数,499.7975004874872
仅关闭重启,第二个 GP 表达式,关闭构造树后的选择概率差,0.002168166076950144
仅关闭重启,第二个 GP 表达式,关闭构造树后最大概率城市改变比例,0.0
仅关闭重启,第二个 GP 表达式,按可行城市数归一化的选择熵,0.05015764295530987
仅关闭重启,第二个 GP 表达式,候选耗尽后贪心回退比例,0.00041200248756218904
仅关闭重启,第二个 GP 表达式,同一来源内残差乘数的标准差,0.006325622385361031
仅关闭重启,第二个 GP 表达式,历史来源且不同于本轮最优路径的预算比例,0.013743781094527363
仅关闭重启,第三个 GP 表达式,强化来源与本轮最优路径的边重合率,0.9977704601990051
仅关闭重启,第三个 GP 表达式,强化来源与历史全局最优路径的边重合率,0.999533893034826
仅关闭重启,第三个 GP 表达式,与本轮最优路径完全相同的来源预算比例,0.982773631840796
仅关闭重启,第三个 GP 表达式,与历史全局最优路径完全相同的来源预算比例,0.9918532338308458
仅关闭重启,第三个 GP 表达式,2-opt 后不同路径数量,16.336007462686567
仅关闭重启,第三个 GP 表达式,构造路径之间的边不一致率,0.022412027563793933
仅关闭重启,第三个 GP 表达式,2-opt 后路径之间的边不一致率,0.029136133972275716
仅关闭重启,第三个 GP 表达式,2-opt 后边频率的有效边数,515.5337766647509
仅关闭重启,第三个 GP 表达式,同来源同预算下 GP 沉积相对变化量,0.006963878567885541
仅关闭重启,第三个 GP 表达式,总沉积的有效边数,499.56251438833954
仅关闭重启,第三个 GP 表达式,关闭构造树后的选择概率差,2.369926701446748e-08
仅关闭重启,第三个 GP 表达式,关闭构造树后最大概率城市改变比例,0.0
仅关闭重启,第三个 GP 表达式,按可行城市数归一化的选择熵,0.05586323881381467
仅关闭重启,第三个 GP 表达式,候选耗尽后贪心回退比例,0.0007307213930348259
仅关闭重启,第三个 GP 表达式,同一来源内残差乘数的标准差,0.012548092699330453
仅关闭重启,第三个 GP 表达式,历史来源且不同于本轮最优路径的预算比例,0.01722636815920398
仅关闭重启,三个 GP 表达式均值,强化来源与本轮最优路径的边重合率,0.9980121890547263
仅关闭重启,三个 GP 表达式均值,强化来源与历史全局最优路径的边重合率,0.9996992744610282
仅关闭重启,三个 GP 表达式均值,与本轮最优路径完全相同的来源预算比例,0.9842661691542288
仅关闭重启,三个 GP 表达式均值,与历史全局最优路径完全相同的来源预算比例,0.9936048922056385
仅关闭重启,三个 GP 表达式均值,2-opt 后不同路径数量,14.497222222222225
仅关闭重启,三个 GP 表达式均值,构造路径之间的边不一致率,0.019545368043853314
仅关闭重启,三个 GP 表达式均值,2-opt 后路径之间的边不一致率,0.025123694322406784
仅关闭重启,三个 GP 表达式均值,2-opt 后边频率的有效边数,513.4220144731437
仅关闭重启,三个 GP 表达式均值,同来源同预算下 GP 沉积相对变化量,0.004482954440367435
仅关闭重启,三个 GP 表达式均值,总沉积的有效边数,499.6316069003878
仅关闭重启,三个 GP 表达式均值,关闭构造树后的选择概率差,0.0007227378212145917
仅关闭重启,三个 GP 表达式均值,关闭构造树后最大概率城市改变比例,0.0
仅关闭重启,三个 GP 表达式均值,按可行城市数归一化的选择熵,0.05388364654888752
仅关闭重启,三个 GP 表达式均值,候选耗尽后贪心回退比例,0.0006031042703150911
仅关闭重启,三个 GP 表达式均值,同一来源内残差乘数的标准差,0.008962701713711885
仅关闭重启,三个 GP 表达式均值,历史来源且不同于本轮最优路径的预算比例,0.01573383084577114
关闭重启与历史路径强化,不使用 GP,强化来源与本轮最优路径的边重合率,1.0
关闭重启与历史路径强化,不使用 GP,强化来源与历史全局最优路径的边重合率,0.9156220149253731
关闭重启与历史路径强化,不使用 GP,与本轮最优路径完全相同的来源预算比例,1.0
关闭重启与历史路径强化,不使用 GP,与历史全局最优路径完全相同的来源预算比例,0.38488805970149254
关闭重启与历史路径强化,不使用 GP,2-opt 后不同路径数量,22.430752487562188
关闭重启与历史路径强化,不使用 GP,构造路径之间的边不一致率,0.11122292669715937
关闭重启与历史路径强化,不使用 GP,2-opt 后路径之间的边不一致率,0.11322662468905473
关闭重启与历史路径强化,不使用 GP,2-opt 后边频率的有效边数,570.4318265717694
关闭重启与历史路径强化,不使用 GP,同来源同预算下 GP 沉积相对变化量,1.7188735374991783e-08
关闭重启与历史路径强化,不使用 GP,总沉积的有效边数,500.0
关闭重启与历史路径强化,不使用 GP,关闭构造树后的选择概率差,2.348511338681755e-08
关闭重启与历史路径强化,不使用 GP,关闭构造树后最大概率城市改变比例,0.0
关闭重启与历史路径强化,不使用 GP,按可行城市数归一化的选择熵,0.09429046911221538
关闭重启与历史路径强化,不使用 GP,候选耗尽后贪心回退比例,0.005068407960199005
关闭重启与历史路径强化,不使用 GP,同一来源内残差乘数的标准差,0.0
关闭重启与历史路径强化,不使用 GP,历史来源且不同于本轮最优路径的预算比例,0.0
关闭重启与历史路径强化,第一个 GP 表达式,强化来源与本轮最优路径的边重合率,1.0
关闭重启与历史路径强化,第一个 GP 表达式,强化来源与历史全局最优路径的边重合率,0.9830217661691544
关闭重启与历史路径强化,第一个 GP 表达式,与本轮最优路径完全相同的来源预算比例,1.0
关闭重启与历史路径强化,第一个 GP 表达式,与历史全局最优路径完全相同的来源预算比例,0.3620957711442786
关闭重启与历史路径强化,第一个 GP 表达式,2-opt 后不同路径数量,16.618998756218904
关闭重启与历史路径强化,第一个 GP 表达式,构造路径之间的边不一致率,0.02333473810383566
关闭重启与历史路径强化,第一个 GP 表达式,2-opt 后路径之间的边不一致率,0.03024724976428342
关闭重启与历史路径强化,第一个 GP 表达式,2-opt 后边频率的有效边数,516.1508059697683
关闭重启与历史路径强化,第一个 GP 表达式,同来源同预算下 GP 沉积相对变化量,0.004932286710212501
关闭重启与历史路径强化,第一个 GP 表达式,总沉积的有效边数,499.4379332423004
关闭重启与历史路径强化,第一个 GP 表达式,关闭构造树后的选择概率差,2.3727912919911752e-08
关闭重启与历史路径强化,第一个 GP 表达式,关闭构造树后最大概率城市改变比例,0.0
关闭重启与历史路径强化,第一个 GP 表达式,按可行城市数归一化的选择熵,0.05600282910569098
关闭重启与历史路径强化,第一个 GP 表达式,候选耗尽后贪心回退比例,0.000790967039800995
关闭重启与历史路径强化,第一个 GP 表达式,同一来源内残差乘数的标准差,0.009657325357676088
关闭重启与历史路径强化,第一个 GP 表达式,历史来源且不同于本轮最优路径的预算比例,0.0
关闭重启与历史路径强化,第二个 GP 表达式,强化来源与本轮最优路径的边重合率,1.0
关闭重启与历史路径强化,第二个 GP 表达式,强化来源与历史全局最优路径的边重合率,0.9838504975124377
关闭重启与历史路径强化,第二个 GP 表达式,与本轮最优路径完全相同的来源预算比例,1.0
关闭重启与历史路径强化,第二个 GP 表达式,与历史全局最优路径完全相同的来源预算比例,0.36436567164179107
关闭重启与历史路径强化,第二个 GP 表达式,2-opt 后不同路径数量,10.821299751243782
关闭重启与历史路径强化,第二个 GP 表达式,构造路径之间的边不一致率,0.014348129062349543
关闭重启与历史路径强化,第二个 GP 表达式,2-opt 后路径之间的边不一致率,0.017556293131118603
关闭重启与历史路径强化,第二个 GP 表达式,2-opt 后边频率的有效边数,509.50245027909847
关闭重启与历史路径强化,第二个 GP 表达式,同来源同预算下 GP 沉积相对变化量,0.002700500977595977
关闭重启与历史路径强化,第二个 GP 表达式,总沉积的有效边数,499.7677874638943
关闭重启与历史路径强化,第二个 GP 表达式,关闭构造树后的选择概率差,0.0022379963322218415
关闭重启与历史路径强化,第二个 GP 表达式,关闭构造树后最大概率城市改变比例,0.0
关闭重启与历史路径强化,第二个 GP 表达式,按可行城市数归一化的选择熵,0.05010770610469887
关闭重启与历史路径强化,第二个 GP 表达式,候选耗尽后贪心回退比例,0.0004741915422885572
关闭重启与历史路径强化,第二个 GP 表达式,同一来源内残差乘数的标准差,0.0075294621758013654
关闭重启与历史路径强化,第二个 GP 表达式,历史来源且不同于本轮最优路径的预算比例,0.0
关闭重启与历史路径强化,第三个 GP 表达式,强化来源与本轮最优路径的边重合率,1.0
关闭重启与历史路径强化,第三个 GP 表达式,强化来源与历史全局最优路径的边重合率,0.9811125621890546
关闭重启与历史路径强化,第三个 GP 表达式,与本轮最优路径完全相同的来源预算比例,1.0
关闭重启与历史路径强化,第三个 GP 表达式,与历史全局最优路径完全相同的来源预算比例,0.3476057213930348
关闭重启与历史路径强化,第三个 GP 表达式,2-opt 后不同路径数量,16.629353233830845
关闭重启与历史路径强化,第三个 GP 表达式,构造路径之间的边不一致率,0.02411897380536832
关闭重启与历史路径强化,第三个 GP 表达式,2-opt 后路径之间的边不一致率,0.03090324361057615
关闭重启与历史路径强化,第三个 GP 表达式,2-opt 后边频率的有效边数,516.5824612459762
关闭重启与历史路径强化,第三个 GP 表达式,同来源同预算下 GP 沉积相对变化量,0.007930763620927001
关闭重启与历史路径强化,第三个 GP 表达式,总沉积的有效边数,499.44540557305413
关闭重启与历史路径强化,第三个 GP 表达式,关闭构造树后的选择概率差,2.3661062483187072e-08
关闭重启与历史路径强化,第三个 GP 表达式,关闭构造树后最大概率城市改变比例,0.0
关闭重启与历史路径强化,第三个 GP 表达式,按可行城市数归一化的选择熵,0.05635036280784174
关闭重启与历史路径强化,第三个 GP 表达式,候选耗尽后贪心回退比例,0.00078125
关闭重启与历史路径强化,第三个 GP 表达式,同一来源内残差乘数的标准差,0.014507019649348033
关闭重启与历史路径强化,第三个 GP 表达式,历史来源且不同于本轮最优路径的预算比例,0.0
关闭重启与历史路径强化,三个 GP 表达式均值,强化来源与本轮最优路径的边重合率,1.0
关闭重启与历史路径强化,三个 GP 表达式均值,强化来源与历史全局最优路径的边重合率,0.9826616086235488
关闭重启与历史路径强化,三个 GP 表达式均值,与本轮最优路径完全相同的来源预算比例,1.0
关闭重启与历史路径强化,三个 GP 表达式均值,与历史全局最优路径完全相同的来源预算比例,0.35802238805970144
关闭重启与历史路径强化,三个 GP 表达式均值,2-opt 后不同路径数量,14.689883913764513
关闭重启与历史路径强化,三个 GP 表达式均值,构造路径之间的边不一致率,0.020600613657184505
关闭重启与历史路径强化,三个 GP 表达式均值,2-opt 后路径之间的边不一致率,0.026235595501992726
关闭重启与历史路径强化,三个 GP 表达式均值,2-opt 后边频率的有效边数,514.078572498281
关闭重启与历史路径强化,三个 GP 表达式均值,同来源同预算下 GP 沉积相对变化量,0.00518785043624516
关闭重启与历史路径强化,三个 GP 表达式均值,总沉积的有效边数,499.5503754264163
关闭重启与历史路径强化,三个 GP 表达式均值,关闭构造树后的选择概率差,0.0007460145737324148
关闭重启与历史路径强化,三个 GP 表达式均值,关闭构造树后最大概率城市改变比例,0.0
关闭重启与历史路径强化,三个 GP 表达式均值,按可行城市数归一化的选择熵,0.05415363267274386
关闭重启与历史路径强化,三个 GP 表达式均值,候选耗尽后贪心回退比例,0.0006821361940298507
关闭重启与历史路径强化,三个 GP 表达式均值,同一来源内残差乘数的标准差,0.010564602394275162
关闭重启与历史路径强化,三个 GP 表达式均值,历史来源且不同于本轮最优路径的预算比例,0.0
关闭重启与下界保护,不使用 GP,强化来源与本轮最优路径的边重合率,0.9970579601990051
关闭重启与下界保护,不使用 GP,强化来源与历史全局最优路径的边重合率,0.9989434701492538
关闭重启与下界保护,不使用 GP,与本轮最优路径完全相同的来源预算比例,0.9835199004975125
关闭重启与下界保护,不使用 GP,与历史全局最优路径完全相同的来源预算比例,0.9905472636815921
关闭重启与下界保护,不使用 GP,2-opt 后不同路径数量,2.4888992537313435
关闭重启与下界保护,不使用 GP,构造路径之间的边不一致率,0.010313064591357727
关闭重启与下界保护,不使用 GP,2-opt 后路径之间的边不一致率,0.008849631630155674
关闭重启与下界保护,不使用 GP,2-opt 后边频率的有效边数,505.76487040837094
关闭重启与下界保护,不使用 GP,同来源同预算下 GP 沉积相对变化量,1.5900906928561527e-08
关闭重启与下界保护,不使用 GP,总沉积的有效边数,500.0
关闭重启与下界保护,不使用 GP,关闭构造树后的选择概率差,9.074905098249942e-09
关闭重启与下界保护,不使用 GP,关闭构造树后最大概率城市改变比例,0.0
关闭重启与下界保护,不使用 GP,按可行城市数归一化的选择熵,0.047828636585335475
关闭重启与下界保护,不使用 GP,候选耗尽后贪心回退比例,0.00037702114427860697
关闭重启与下界保护,不使用 GP,同一来源内残差乘数的标准差,0.0
关闭重启与下界保护,不使用 GP,历史来源且不同于本轮最优路径的预算比例,0.016480099502487564
关闭重启与下界保护,第一个 GP 表达式,强化来源与本轮最优路径的边重合率,0.9980052238805971
关闭重启与下界保护,第一个 GP 表达式,强化来源与历史全局最优路径的边重合率,0.9997633084577114
关闭重启与下界保护,第一个 GP 表达式,与本轮最优路径完全相同的来源预算比例,0.9873134328358208
关闭重启与下界保护,第一个 GP 表达式,与历史全局最优路径完全相同的来源预算比例,0.9948383084577115
关闭重启与下界保护,第一个 GP 表达式,2-opt 后不同路径数量,2.4014614427860694
关闭重启与下界保护,第一个 GP 表达式,构造路径之间的边不一致率,0.0075678077605922005
关闭重启与下界保护,第一个 GP 表达式,2-opt 后路径之间的边不一致率,0.006522378405352272
关闭重启与下界保护,第一个 GP 表达式,2-opt 后边频率的有效边数,504.19619969064206
关闭重启与下界保护,第一个 GP 表达式,同来源同预算下 GP 沉积相对变化量,0.0033044938095420245
关闭重启与下界保护,第一个 GP 表达式,总沉积的有效边数,499.5709432133237
关闭重启与下界保护,第一个 GP 表达式,关闭构造树后的选择概率差,8.962875014830096e-09
关闭重启与下界保护,第一个 GP 表达式,关闭构造树后最大概率城市改变比例,0.0
关闭重启与下界保护,第一个 GP 表达式,按可行城市数归一化的选择熵,0.0465820157379971
关闭重启与下界保护,第一个 GP 表达式,候选耗尽后贪心回退比例,0.0002701337064676617
关闭重启与下界保护,第一个 GP 表达式,同一来源内残差乘数的标准差,0.005928392397905324
关闭重启与下界保护,第一个 GP 表达式,历史来源且不同于本轮最优路径的预算比例,0.012686567164179104
关闭重启与下界保护,第二个 GP 表达式,强化来源与本轮最优路径的边重合率,0.9984444029850746
关闭重启与下界保护,第二个 GP 表达式,强化来源与历史全局最优路径的边重合率,0.9999462064676616
关闭重启与下界保护,第二个 GP 表达式,与本轮最优路径完全相同的来源预算比例,0.9886194029850747
关闭重启与下界保护,第二个 GP 表达式,与历史全局最优路径完全相同的来源预算比例,0.9979477611940298
关闭重启与下界保护,第二个 GP 表达式,2-opt 后不同路径数量,2.3260883084577113
关闭重启与下界保护,第二个 GP 表达式,构造路径之间的边不一致率,0.006219915417870326
关闭重启与下界保护,第二个 GP 表达式,2-opt 后路径之间的边不一致率,0.005583254719346814
关闭重启与下界保护,第二个 GP 表达式,2-opt 后边频率的有效边数,503.5756940454861
关闭重启与下界保护,第二个 GP 表达式,同来源同预算下 GP 沉积相对变化量,0.002237024736388476
关闭重启与下界保护,第二个 GP 表达式,总沉积的有效边数,499.81104432252175
关闭重启与下界保护,第二个 GP 表达式,关闭构造树后的选择概率差,0.001057389725822691
关闭重启与下界保护,第二个 GP 表达式,关闭构造树后最大概率城市改变比例,0.0
关闭重启与下界保护,第二个 GP 表达式,按可行城市数归一化的选择熵,0.04520424379419092
关闭重启与下界保护,第二个 GP 表达式,候选耗尽后贪心回退比例,0.00019628420398009951
关闭重启与下界保护,第二个 GP 表达式,同一来源内残差乘数的标准差,0.005374847537332044
关闭重启与下界保护,第二个 GP 表达式,历史来源且不同于本轮最优路径的预算比例,0.011380597014925373
关闭重启与下界保护,第三个 GP 表达式,强化来源与本轮最优路径的边重合率,0.9980140547263681
关闭重启与下界保护,第三个 GP 表达式,强化来源与历史全局最优路径的边重合率,0.9997243159203981
关闭重启与下界保护,第三个 GP 表达式,与本轮最优路径完全相同的来源预算比例,0.9872823383084577
关闭重启与下界保护,第三个 GP 表达式,与历史全局最优路径完全相同的来源预算比例,0.9951492537313433
关闭重启与下界保护,第三个 GP 表达式,2-opt 后不同路径数量,2.53398631840796
关闭重启与下界保护,第三个 GP 表达式,构造路径之间的边不一致率,0.00781584391550313
关闭重启与下界保护,第三个 GP 表达式,2-opt 后路径之间的边不一致率,0.006815304400377146
关闭重启与下界保护,第三个 GP 表达式,2-opt 后边频率的有效边数,504.3643990426102
关闭重启与下界保护,第三个 GP 表达式,同来源同预算下 GP 沉积相对变化量,0.0037180001271431523
关闭重启与下界保护,第三个 GP 表达式,总沉积的有效边数,499.61914956596064
关闭重启与下界保护,第三个 GP 表达式,关闭构造树后的选择概率差,8.936317795335656e-09
关闭重启与下界保护,第三个 GP 表达式,关闭构造树后最大概率城市改变比例,0.0
关闭重启与下界保护,第三个 GP 表达式,按可行城市数归一化的选择熵,0.04669913975693305
关闭重启与下界保护,第三个 GP 表达式,候选耗尽后贪心回退比例,0.0002681902985074627
关闭重启与下界保护,第三个 GP 表达式,同一来源内残差乘数的标准差,0.006509472212393978
关闭重启与下界保护,第三个 GP 表达式,历史来源且不同于本轮最优路径的预算比例,0.012717661691542289
关闭重启与下界保护,三个 GP 表达式均值,强化来源与本轮最优路径的边重合率,0.99815456053068
关闭重启与下界保护,三个 GP 表达式均值,强化来源与历史全局最优路径的边重合率,0.9998112769485904
关闭重启与下界保护,三个 GP 表达式均值,与本轮最优路径完全相同的来源预算比例,0.987738391376451
关闭重启与下界保护,三个 GP 表达式均值,与历史全局最优路径完全相同的来源预算比例,0.9959784411276947
关闭重启与下界保护,三个 GP 表达式均值,2-opt 后不同路径数量,2.420512023217247
关闭重启与下界保护,三个 GP 表达式均值,构造路径之间的边不一致率,0.007201189031321885
关闭重启与下界保护,三个 GP 表达式均值,2-opt 后路径之间的边不一致率,0.00630697917502541
关闭重启与下界保护,三个 GP 表达式均值,2-opt 后边频率的有效边数,504.0454309262462
关闭重启与下界保护,三个 GP 表达式均值,同来源同预算下 GP 沉积相对变化量,0.003086506224357884
关闭重启与下界保护,三个 GP 表达式均值,总沉积的有效边数,499.667045700602
关闭重启与下界保护,三个 GP 表达式均值,关闭构造树后的选择概率差,0.0003524692083385003
关闭重启与下界保护,三个 GP 表达式均值,关闭构造树后最大概率城市改变比例,0.0
关闭重启与下界保护,三个 GP 表达式均值,按可行城市数归一化的选择熵,0.04616179976304036
关闭重启与下界保护,三个 GP 表达式均值,候选耗尽后贪心回退比例,0.0002448694029850746
关闭重启与下界保护,三个 GP 表达式均值,同一来源内残差乘数的标准差,0.005937570715877113
关闭重启与下界保护,三个 GP 表达式均值,历史来源且不同于本轮最优路径的预算比例,0.01226160862354892
关闭上述三个组件,不使用 GP,强化来源与本轮最优路径的边重合率,1.0
关闭上述三个组件,不使用 GP,强化来源与历史全局最优路径的边重合率,0.9627210820895522
关闭上述三个组件,不使用 GP,与本轮最优路径完全相同的来源预算比例,1.0
关闭上述三个组件,不使用 GP,与历史全局最优路径完全相同的来源预算比例,0.7303793532338309
关闭上述三个组件,不使用 GP,2-opt 后不同路径数量,7.802176616915423
关闭上述三个组件,不使用 GP,构造路径之间的边不一致率,0.04731371180889905
关闭上述三个组件,不使用 GP,2-opt 后路径之间的边不一致率,0.0462754261705585
关闭上述三个组件,不使用 GP,2-opt 后边频率的有效边数,529.2527817610164
关闭上述三个组件,不使用 GP,同来源同预算下 GP 沉积相对变化量,1.548668725242946e-08
关闭上述三个组件,不使用 GP,总沉积的有效边数,500.0
关闭上述三个组件,不使用 GP,关闭构造树后的选择概率差,1.0183068949691396e-08
关闭上述三个组件,不使用 GP,关闭构造树后最大概率城市改变比例,0.0
关闭上述三个组件,不使用 GP,按可行城市数归一化的选择熵,0.06250270653469167
关闭上述三个组件,不使用 GP,候选耗尽后贪心回退比例,0.0022349191542288555
关闭上述三个组件,不使用 GP,同一来源内残差乘数的标准差,0.0
关闭上述三个组件,不使用 GP,历史来源且不同于本轮最优路径的预算比例,0.0
关闭上述三个组件,第一个 GP 表达式,强化来源与本轮最优路径的边重合率,1.0
关闭上述三个组件,第一个 GP 表达式,强化来源与历史全局最优路径的边重合率,0.9937011194029851
关闭上述三个组件,第一个 GP 表达式,与本轮最优路径完全相同的来源预算比例,1.0
关闭上述三个组件,第一个 GP 表达式,与历史全局最优路径完全相同的来源预算比例,0.8411069651741293
关闭上述三个组件,第一个 GP 表达式,2-opt 后不同路径数量,2.6733830845771145
关闭上述三个组件,第一个 GP 表达式,构造路径之间的边不一致率,0.008192987807936125
关闭上述三个组件,第一个 GP 表达式,2-opt 后路径之间的边不一致率,0.007283535823904671
关闭上述三个组件,第一个 GP 表达式,2-opt 后边频率的有效边数,504.62190076867785
关闭上述三个组件,第一个 GP 表达式,同来源同预算下 GP 沉积相对变化量,0.00370479645689587
关闭上述三个组件,第一个 GP 表达式,总沉积的有效边数,499.5212253652954
关闭上述三个组件,第一个 GP 表达式,关闭构造树后的选择概率差,8.981717200857483e-09
关闭上述三个组件,第一个 GP 表达式,关闭构造树后最大概率城市改变比例,0.0
关闭上述三个组件,第一个 GP 表达式,按可行城市数归一化的选择熵,0.0467691190465408
关闭上述三个组件,第一个 GP 表达式,候选耗尽后贪心回退比例,0.00029928482587064675
关闭上述三个组件,第一个 GP 表达式,同一来源内残差乘数的标准差,0.006594987864445045
关闭上述三个组件,第一个 GP 表达式,历史来源且不同于本轮最优路径的预算比例,0.0
关闭上述三个组件,第二个 GP 表达式,强化来源与本轮最优路径的边重合率,1.0
关闭上述三个组件,第二个 GP 表达式,强化来源与历史全局最优路径的边重合率,0.993634763681592
关闭上述三个组件,第二个 GP 表达式,与本轮最优路径完全相同的来源预算比例,1.0
关闭上述三个组件,第二个 GP 表达式,与历史全局最优路径完全相同的来源预算比例,0.8187810945273631
关闭上述三个组件,第二个 GP 表达式,2-opt 后不同路径数量,2.4688743781094526
关闭上述三个组件,第二个 GP 表达式,构造路径之间的边不一致率,0.006453109076592842
关闭上述三个组件,第二个 GP 表达式,2-opt 后路径之间的边不一致率,0.005894164259348419
关闭上述三个组件,第二个 GP 表达式,2-opt 后边频率的有效边数,503.7484598751399
关闭上述三个组件,第二个 GP 表达式,同来源同预算下 GP 沉积相对变化量,0.0023364340754446094
关闭上述三个组件,第二个 GP 表达式,总沉积的有效边数,499.7930290769415
关闭上述三个组件,第二个 GP 表达式,关闭构造树后的选择概率差,0.0010716712130106935
关闭上述三个组件,第二个 GP 表达式,关闭构造树后最大概率城市改变比例,0.0
关闭上述三个组件,第二个 GP 表达式,按可行城市数归一化的选择熵,0.04523047003217795
关闭上述三个组件,第二个 GP 表达式,候选耗尽后贪心回退比例,0.00022154850746268658
关闭上述三个组件,第二个 GP 表达式,同一来源内残差乘数的标准差,0.005866785688720932
关闭上述三个组件,第二个 GP 表达式,历史来源且不同于本轮最优路径的预算比例,0.0
关闭上述三个组件,第三个 GP 表达式,强化来源与本轮最优路径的边重合率,1.0
关闭上述三个组件,第三个 GP 表达式,强化来源与历史全局最优路径的边重合率,0.9922262437810945
关闭上述三个组件,第三个 GP 表达式,与本轮最优路径完全相同的来源预算比例,1.0
关闭上述三个组件,第三个 GP 表达式,与历史全局最优路径完全相同的来源预算比例,0.8041044776119403
关闭上述三个组件,第三个 GP 表达式,2-opt 后不同路径数量,2.9016169154228857
关闭上述三个组件,第三个 GP 表达式,构造路径之间的边不一致率,0.008844611243179265
关闭上述三个组件,第三个 GP 表达式,2-opt 后路径之间的边不一致率,0.008062334747632802
关闭上述三个组件,第三个 GP 表达式,2-opt 后边频率的有效边数,505.07635174444647
关闭上述三个组件,第三个 GP 表达式,同来源同预算下 GP 沉积相对变化量,0.0043592521058898066
关闭上述三个组件,第三个 GP 表达式,总沉积的有效边数,499.5445747373662
关闭上述三个组件,第三个 GP 表达式,关闭构造树后的选择概率差,9.006120969507653e-09
关闭上述三个组件,第三个 GP 表达式,关闭构造树后最大概率城市改变比例,0.0
关闭上述三个组件,第三个 GP 表达式,按可行城市数归一化的选择熵,0.04702691513368303
关闭上述三个组件,第三个 GP 表达式,候选耗尽后贪心回退比例,0.00032454912935323384
关闭上述三个组件,第三个 GP 表达式,同一来源内残差乘数的标准差,0.007889985398348584
关闭上述三个组件,第三个 GP 表达式,历史来源且不同于本轮最优路径的预算比例,0.0
关闭上述三个组件,三个 GP 表达式均值,强化来源与本轮最优路径的边重合率,1.0
关闭上述三个组件,三个 GP 表达式均值,强化来源与历史全局最优路径的边重合率,0.9931873756218905
关闭上述三个组件,三个 GP 表达式均值,与本轮最优路径完全相同的来源预算比例,1.0
关闭上述三个组件,三个 GP 表达式均值,与历史全局最优路径完全相同的来源预算比例,0.8213308457711442
关闭上述三个组件,三个 GP 表达式均值,2-opt 后不同路径数量,2.681291459369818
关闭上述三个组件,三个 GP 表达式均值,构造路径之间的边不一致率,0.00783023604256941
关闭上述三个组件,三个 GP 表达式均值,2-opt 后路径之间的边不一致率,0.007080011610295298
关闭上述三个组件,三个 GP 表达式均值,2-opt 后边频率的有效边数,504.4822374627547
关闭上述三个组件,三个 GP 表达式均值,同来源同预算下 GP 沉积相对变化量,0.0034668275460767615
关闭上述三个组件,三个 GP 表达式均值,总沉积的有效边数,499.6196097265344
关闭上述三个组件,三个 GP 表达式均值,关闭构造树后的选择概率差,0.000357229733616288
关闭上述三个组件,三个 GP 表达式均值,关闭构造树后最大概率城市改变比例,0.0
关闭上述三个组件,三个 GP 表达式均值,按可行城市数归一化的选择熵,0.04634216807080059
关闭上述三个组件,三个 GP 表达式均值,候选耗尽后贪心回退比例,0.00028179415422885574
关闭上述三个组件,三个 GP 表达式均值,同一来源内残差乘数的标准差,0.006783919650504854
关闭上述三个组件,三个 GP 表达式均值,历史来源且不同于本轮最优路径的预算比例,0.0
完整 AS,不使用 GP,强化来源与本轮最优路径的边重合率,0.7100827151766923
完整 AS,不使用 GP,强化来源与历史全局最优路径的边重合率,0.7160579355910328
完整 AS,不使用 GP,与本轮最优路径完全相同的来源预算比例,0.03193103286070241
完整 AS,不使用 GP,与历史全局最优路径完全相同的来源预算比例,0.00020459755272615125
完整 AS,不使用 GP,2-opt 后不同路径数量,32.0
完整 AS,不使用 GP,构造路径之间的边不一致率,0.35907701462445835
完整 AS,不使用 GP,2-opt 后路径之间的边不一致率,0.3141217992697801
完整 AS,不使用 GP,2-opt 后边频率的有效边数,718.9018436235939
完整 AS,不使用 GP,同来源同预算下 GP 沉积相对变化量,4.079043266856176e-09
完整 AS,不使用 GP,总沉积的有效边数,718.7507178252309
完整 AS,不使用 GP,关闭构造树后的选择概率差,1.9533202152397402e-08
完整 AS,不使用 GP,关闭构造树后最大概率城市改变比例,0.0
完整 AS,不使用 GP,按可行城市数归一化的选择熵,0.20471738235545642
完整 AS,不使用 GP,候选耗尽后贪心回退比例,0.014948694029850747
完整 AS,不使用 GP,同一来源内残差乘数的标准差,0.0
完整 AS,不使用 GP,历史来源且不同于本轮最优路径的预算比例,0.0
完整 AS,第一个 GP 表达式,强化来源与本轮最优路径的边重合率,0.8841987086588046
完整 AS,第一个 GP 表达式,强化来源与历史全局最优路径的边重合率,0.8800661184918839
完整 AS,第一个 GP 表达式,与本轮最优路径完全相同的来源预算比例,0.04434771466633963
完整 AS,第一个 GP 表达式,与历史全局最优路径完全相同的来源预算比例,0.00023692120512660558
完整 AS,第一个 GP 表达式,2-opt 后不同路径数量,31.576679104477613
完整 AS,第一个 GP 表达式,构造路径之间的边不一致率,0.10837370531415504
完整 AS,第一个 GP 表达式,2-opt 后路径之间的边不一致率,0.1390471431902985
完整 AS,第一个 GP 表达式,2-opt 后边频率的有效边数,578.9887772950784
完整 AS,第一个 GP 表达式,同来源同预算下 GP 沉积相对变化量,0.0805475411701201
完整 AS,第一个 GP 表达式,总沉积的有效边数,536.2235551806582
完整 AS,第一个 GP 表达式,关闭构造树后的选择概率差,0.015322768415421593
完整 AS,第一个 GP 表达式,关闭构造树后最大概率城市改变比例,0.0077094993781094525
完整 AS,第一个 GP 表达式,按可行城市数归一化的选择熵,0.08558332404698132
完整 AS,第一个 GP 表达式,候选耗尽后贪心回退比例,0.006627021144278607
完整 AS,第一个 GP 表达式,同一来源内残差乘数的标准差,0.1785397420075741
完整 AS,第一个 GP 表达式,历史来源且不同于本轮最优路径的预算比例,0.0
完整 AS,第二个 GP 表达式,强化来源与本轮最优路径的边重合率,0.8544277839656126
完整 AS,第二个 GP 表达式,强化来源与历史全局最优路径的边重合率,0.8546478695699511
完整 AS,第二个 GP 表达式,与本轮最优路径完全相同的来源预算比例,0.0354011185666192
完整 AS,第二个 GP 表达式,与历史全局最优路径完全相同的来源预算比例,0.000235943252311698
完整 AS,第二个 GP 表达式,2-opt 后不同路径数量,31.876741293532337
完整 AS,第二个 GP 表达式,构造路径之间的边不一致率,0.1368797248635853
完整 AS,第二个 GP 表达式,2-opt 后路径之间的边不一致率,0.16785948621308774
完整 AS,第二个 GP 表达式,2-opt 后边频率的有效边数,598.2350301219109
完整 AS,第二个 GP 表达式,同来源同预算下 GP 沉积相对变化量,0.10726887542516113
完整 AS,第二个 GP 表达式,总沉积的有效边数,541.5409186027964
完整 AS,第二个 GP 表达式,关闭构造树后的选择概率差,0.013265672062889219
完整 AS,第二个 GP 表达式,关闭构造树后最大概率城市改变比例,1.943407960199005e-06
完整 AS,第二个 GP 表达式,按可行城市数归一化的选择熵,0.09034546407904509
完整 AS,第二个 GP 表达式,候选耗尽后贪心回退比例,0.008722014925373134
完整 AS,第二个 GP 表达式,同一来源内残差乘数的标准差,0.20808222376161684
完整 AS,第二个 GP 表达式,历史来源且不同于本轮最优路径的预算比例,0.0
完整 AS,第三个 GP 表达式,强化来源与本轮最优路径的边重合率,0.8717432042525134
完整 AS,第三个 GP 表达式,强化来源与历史全局最优路径的边重合率,0.8709398573313617
完整 AS,第三个 GP 表达式,与本轮最优路径完全相同的来源预算比例,0.03193315450506972
完整 AS,第三个 GP 表达式,与历史全局最优路径完全相同的来源预算比例,0.0002169616577482395
完整 AS,第三个 GP 表达式,2-opt 后不同路径数量,31.97157960199005
完整 AS,第三个 GP 表达式,构造路径之间的边不一致率,0.11954708275657999
完整 AS,第三个 GP 表达式,2-opt 后路径之间的边不一致率,0.15114859961783822
完整 AS,第三个 GP 表达式,2-opt 后边频率的有效边数,586.9234230605109
完整 AS,第三个 GP 表达式,同来源同预算下 GP 沉积相对变化量,0.09326577399164572
完整 AS,第三个 GP 表达式,总沉积的有效边数,537.8453125676077
完整 AS,第三个 GP 表达式,关闭构造树后的选择概率差,0.01366694573866218
完整 AS,第三个 GP 表达式,关闭构造树后最大概率城市改变比例,0.004975124378109453
完整 AS,第三个 GP 表达式,按可行城市数归一化的选择熵,0.08494371450785804
完整 AS,第三个 GP 表达式,候选耗尽后贪心回退比例,0.007536536069651741
完整 AS,第三个 GP 表达式,同一来源内残差乘数的标准差,0.19462055949467394
完整 AS,第三个 GP 表达式,历史来源且不同于本轮最优路径的预算比例,0.0
完整 AS,三个 GP 表达式均值,强化来源与本轮最优路径的边重合率,0.87012323229231
完整 AS,三个 GP 表达式均值,强化来源与历史全局最优路径的边重合率,0.8685512817977322
完整 AS,三个 GP 表达式均值,与本轮最优路径完全相同的来源预算比例,0.03722732924600952
完整 AS,三个 GP 表达式均值,与历史全局最优路径完全相同的来源预算比例,0.00022994203839551435
完整 AS,三个 GP 表达式均值,2-opt 后不同路径数量,31.808333333333334
完整 AS,三个 GP 表达式均值,构造路径之间的边不一致率,0.12160017097810678
完整 AS,三个 GP 表达式均值,2-opt 后路径之间的边不一致率,0.15268507634040818
完整 AS,三个 GP 表达式均值,2-opt 后边频率的有效边数,588.0490768258335
完整 AS,三个 GP 表达式均值,同来源同预算下 GP 沉积相对变化量,0.09369406352897564
完整 AS,三个 GP 表达式均值,总沉积的有效边数,538.5365954503541
完整 AS,三个 GP 表达式均值,关闭构造树后的选择概率差,0.014085128738991001
完整 AS,三个 GP 表达式均值,关闭构造树后最大概率城市改变比例,0.004228855721393035
完整 AS,三个 GP 表达式均值,按可行城市数归一化的选择熵,0.08695750087796149
完整 AS,三个 GP 表达式均值,候选耗尽后贪心回退比例,0.007628524046434494
完整 AS,三个 GP 表达式均值,同一来源内残差乘数的标准差,0.19374750842128832
完整 AS,三个 GP 表达式均值,历史来源且不同于本轮最优路径的预算比例,0.0
